   Compiling trnm-mempool v0.1.0 (/home/qian-qi/Documents/chain-pon-invariants-verify-242906/trillionnium/crates/trnm-mempool)
   Compiling trnm-types v0.1.0 (/home/qian-qi/Documents/chain-pon-invariants-verify-242906/trillionnium/crates/trnm-types)
   Compiling trnm-peer-lease v0.1.0 (/home/qian-qi/Documents/chain-pon-invariants-verify-242906/trillionnium/crates/trnm-peer-lease)
   Compiling trnm-crypto-primitives v0.1.0 (/home/qian-qi/Documents/chain-pon-invariants-verify-242906/trillionnium/crates/trnm-crypto-primitives)
   Compiling trnm-checkpoint-types v0.1.0 (/home/qian-qi/Documents/chain-pon-invariants-verify-242906/trillionnium/crates/trnm-checkpoint-types)
   Compiling trnm-task-kernel v0.1.0 (/home/qian-qi/Documents/chain-pon-invariants-verify-242906/trillionnium/crates/trnm-task-kernel)
   Compiling trnm-protocol v0.1.0 (/home/qian-qi/Documents/chain-pon-invariants-verify-242906/trillionnium/crates/trnm-protocol)
   Compiling trnm-checkpoint-store v0.1.0 (/home/qian-qi/Documents/chain-pon-invariants-verify-242906/trillionnium/crates/trnm-checkpoint-store)
   Compiling trnm-audit-events v0.1.0 (/home/qian-qi/Documents/chain-pon-invariants-verify-242906/trillionnium/crates/trnm-audit-events)
   Compiling trnm-mvcc-fee v0.1.0 (/home/qian-qi/Documents/chain-pon-invariants-verify-242906/trillionnium/crates/trnm-mvcc-fee)
   Compiling trnm-research-protocol v0.1.0 (/home/qian-qi/Documents/chain-pon-invariants-verify-242906/trillionnium/crates/trnm-research-protocol)
   Compiling trnm-executor v0.1.0 (/home/qian-qi/Documents/chain-pon-invariants-verify-242906/trillionnium/crates/trnm-executor)
   Compiling trnm-verification-profiles v0.1.0 (/home/qian-qi/Documents/chain-pon-invariants-verify-242906/trillionnium/crates/trnm-verification-profiles)
   Compiling trnm-transport v0.1.0 (/home/qian-qi/Documents/chain-pon-invariants-verify-242906/trillionnium/crates/trnm-transport)
   Compiling trnm-bench v0.1.0 (/home/qian-qi/Documents/chain-pon-invariants-verify-242906/trillionnium/crates/trnm-bench)
   Compiling trnm-worker-agent v0.1.0 (/home/qian-qi/Documents/chain-pon-invariants-verify-242906/trillionnium/crates/trnm-worker-agent)
   Compiling trnm-service-settlement v0.1.0 (/home/qian-qi/Documents/chain-pon-invariants-verify-242906/trillionnium/crates/trnm-service-settlement)
   Compiling trnm-governance-guard v0.1.0 (/home/qian-qi/Documents/chain-pon-invariants-verify-242906/trillionnium/crates/trnm-governance-guard)
   Compiling trnm-escrow-vault v0.1.0 (/home/qian-qi/Documents/chain-pon-invariants-verify-242906/trillionnium/crates/trnm-escrow-vault)
   Compiling trnm-data-availability v0.1.0 (/home/qian-qi/Documents/chain-pon-invariants-verify-242906/trillionnium/crates/trnm-data-availability)
   Compiling trnm-oracle v0.1.0 (/home/qian-qi/Documents/chain-pon-invariants-verify-242906/trillionnium/crates/trnm-oracle)
   Compiling trnm-state-import v0.1.0 (/home/qian-qi/Documents/chain-pon-invariants-verify-242906/trillionnium/crates/trnm-state-import)
   Compiling trnm-control-plane v0.1.0 (/home/qian-qi/Documents/chain-pon-invariants-verify-242906/trillionnium/crates/trnm-control-plane)
   Compiling trnm-release-bundle v0.1.0 (/home/qian-qi/Documents/chain-pon-invariants-verify-242906/trillionnium/crates/trnm-release-bundle)
    Finished `test` profile [unoptimized + debuginfo] target(s) in 2m 56s
     Running unittests src/lib.rs (/home/qian-qi/.cache/pon-invariant-target/debug/deps/trnm_audit_events-364338f19e3c774c)

running 3 tests
test tests::builder_setters_fill_normalized_fields ... ok
test tests::new_preserves_source_and_event_type ... ok
test tests::new_starts_with_all_optional_fields_absent ... ok

test result: ok. 3 passed; 0 failed; 0 ignored; 0 measured; 0 filtered out; finished in 0.00s

     Running unittests src/main.rs (/home/qian-qi/.cache/pon-invariant-target/debug/deps/trnm_bench-52da7d530c0d76d0)

running 11 tests
test tests::chrono_like_iso_formats_unix_epoch_and_next_second_stably ... ok
test tests::deterministic_digests_bind_input_and_ordered_groups ... ok
test tests::hot_streak_workload_avoids_duplicate_side_reads_when_keyspace_allows ... ok
test tests::hot_streak_workload_fail_closes_zero_inputs_to_single_key_single_read_stride ... ok
test tests::hot_streak_workload_keeps_deterministic_block_stm_style_streaks ... ok
test tests::mixed_workload_respects_read_fanout_and_write_every_stride ... ok
test tests::persist_profile_report_into_writes_self_describing_artifact_in_requested_dir ... ok
test tests::retry_fallback_new_group_share_tracks_scan_exhaustion_pressure ... ok
test tests::retry_scan_hit_and_miss_metrics_partition_candidate_scans ... ok
test tests::retry_stage_overlap_share_reports_double_counted_retry_hits ... ok
test tests::retry_telemetry_zero_denominator_metrics_fail_closed_to_zero ... ok

test result: ok. 11 passed; 0 failed; 0 ignored; 0 measured; 0 filtered out; finished in 0.01s

     Running unittests src/lib.rs (/home/qian-qi/.cache/pon-invariant-target/debug/deps/trnm_checkpoint_store-4cf6a46533fda939)

running 9 tests
test tests::activation_and_key_boundaries_remain_closed ... ok
test tests::authority_exact_cas_rejects_replay_and_reopens ... ok
test tests::bound_anchor_replacement_fails_closed_before_load ... ok
test tests::bound_lock_replacement_fails_closed_before_load ... ok
test tests::bound_log_replacement_fails_closed_before_load ... ok
test tests::bound_parent_directory_replacement_fails_closed_before_load ... ok
test tests::journal_truncation_and_byte_edit_fail_closed ... ok
test tests::replayed_record_fails_closed ... ok
test tests::unix_client_round_trip_uses_separate_thread_authority ... ok

test result: ok. 9 passed; 0 failed; 0 ignored; 0 measured; 0 filtered out; finished in 24.32s

     Running unittests src/main.rs (/home/qian-qi/.cache/pon-invariant-target/debug/deps/trnm_external_node_checkpoint_v2-2a548b3237a28640)

running 15 tests
test node_commit_ledger_v1::tests::abandoned_partial_temp_converges_to_source ... ok
test node_commit_ledger_v1::tests::coherent_rewritten_prefix_with_higher_head_is_rejected_v1 ... ok
test node_commit_ledger_v1::tests::cold_rollback_below_supplied_expected_source_is_rejected_v1 ... ok
test node_commit_ledger_v1::tests::corrupted_older_record_fences_owner_without_cleanup_v1 ... ok
test node_commit_ledger_v1::tests::durable_successor_reopens_exactly ... ok
test node_commit_ledger_v1::tests::exact_target_retry_is_read_only_and_does_not_append_v1 ... ok
test node_commit_ledger_v1::tests::expected_context_mismatch_preserves_journal_ahead_and_temp_evidence_v1 ... ok
test node_commit_ledger_v1::tests::journal_ahead_of_head_recovers_to_exact_target ... ok
test node_commit_ledger_v1::tests::live_coherent_anchor_rewrite_and_head_rollback_are_rejected_v1 ... ok
test node_commit_ledger_v1::tests::live_root_records_lock_and_anchor_replacements_fail_closed_v1 ... ok
test node_commit_ledger_v1::tests::missing_record_and_head_ahead_fail_before_repair_v1 ... ok
test node_commit_ledger_v1::tests::record_and_temp_links_are_rejected_without_deleting_targets_v1 ... ok
test node_commit_ledger_v1::tests::third_state_is_rejected ... ok
test node_commit_ledger_v1::tests::unknown_root_and_noncanonical_temp_names_are_retained_and_rejected_v1 ... ok
test node_commit_ledger_v1::tests::valid_extension_preserves_the_observed_live_prefix_v1 ... ok

test result: ok. 15 passed; 0 failed; 0 ignored; 0 measured; 0 filtered out; finished in 172.77s

     Running tests/cross_process.rs (/home/qian-qi/.cache/pon-invariant-target/debug/deps/cross_process-63fded85c66d18ca)

running 1 test
test standalone_daemon_is_cross_process_and_rejects_truncated_log ... ok

test result: ok. 1 passed; 0 failed; 0 ignored; 0 measured; 0 filtered out; finished in 1.92s

     Running unittests src/lib.rs (/home/qian-qi/.cache/pon-invariant-target/debug/deps/trnm_checkpoint_types-d12db91daf936dba)

running 0 tests

test result: ok. 0 passed; 0 failed; 0 ignored; 0 measured; 0 filtered out; finished in 0.00s

     Running unittests src/lib.rs (/home/qian-qi/.cache/pon-invariant-target/debug/deps/trnm_control_plane-204a649840a247fe)

running 5 tests
test tests::bounded_operational_plan_is_accepted ... ok
test tests::duplicate_parameter_targets_fail_closed ... ok
test tests::forbidden_authority_is_rejected_before_evaluation ... ok
test tests::placement_and_critical_parameters_remain_uncommissioned ... ok
test tests::same_generation_descriptor_substitution_fails_closed ... ok

test result: ok. 5 passed; 0 failed; 0 ignored; 0 measured; 0 filtered out; finished in 0.00s

     Running unittests src/lib.rs (/home/qian-qi/.cache/pon-invariant-target/debug/deps/trnm_crypto_primitives-dba8b8e37b595e63)

running 11 tests
test pon_work::tests::bad_proof_never_gains_a_verified_type ... ok
test pon_work::tests::decoded_output_is_the_real_matrix_product ... ok
test pon_work::tests::exact_length_and_field_are_required ... ok
test pon_work::tests::expansion_cannot_exceed_fixed_hash_budget ... ok
test pon_work::tests::final_output_only_shortcut_is_not_a_transcript_proof ... ok
test pon_work::tests::work_binds_challenge_and_inputs ... ok
test tests::domain_hash_is_framed_and_domain_separated ... ok
test tests::ed25519_roundtrip_rejects_tamper ... ok
test tests::fixed_hash_text_preserves_all_ascii_substitutions_and_error_precedence ... ok
test tests::fixed_hash_text_reproduces_every_byte_value_without_normalization ... ok
test tests::strict_signatures_reject_small_order_and_noncanonical_points ... ok

test result: ok. 11 passed; 0 failed; 0 ignored; 0 measured; 0 filtered out; finished in 0.66s

     Running unittests examples/pon_adversarial_cost.rs (/home/qian-qi/.cache/pon-invariant-target/debug/examples/pon_adversarial_cost-7bf1528074fc55ca)

running 0 tests

test result: ok. 0 passed; 0 failed; 0 ignored; 0 measured; 0 filtered out; finished in 0.00s

     Running unittests examples/pon_cost.rs (/home/qian-qi/.cache/pon-invariant-target/debug/examples/pon_cost-cda9e585796bb9a0)

running 0 tests

test result: ok. 0 passed; 0 failed; 0 ignored; 0 measured; 0 filtered out; finished in 0.00s

     Running unittests examples/pon_work.rs (/home/qian-qi/.cache/pon-invariant-target/debug/examples/pon_work-bf7b6237d91a54f4)

running 0 tests

test result: ok. 0 passed; 0 failed; 0 ignored; 0 measured; 0 filtered out; finished in 0.00s

     Running unittests examples/pon_work_io.rs (/home/qian-qi/.cache/pon-invariant-target/debug/examples/pon_work_io-e03b08dcb35da1ea)

running 0 tests

test result: ok. 0 passed; 0 failed; 0 ignored; 0 measured; 0 filtered out; finished in 0.00s

     Running unittests src/lib.rs (/home/qian-qi/.cache/pon-invariant-target/debug/deps/trnm_data_availability-1d5a7464aeccf096)

running 18 tests
test tests::admission_is_atomic_replay_safe_and_bounded ... ok
test tests::attestation_and_certificate_reject_foreign_committed_context ... ok
test tests::attestation_high_watermark_rejects_deleted_rows_and_sequence_reuse ... ok
test tests::attestation_manifest_is_stable_across_certificate_retention_and_repair ... ok
test tests::certified_batch_and_da_head_share_one_fresh_sqlite_snapshot ... ok
test tests::durable_before_attest_survives_reopen_and_rejects_bad_signature ... ok
test tests::open_existing_requires_precreated_regular_nonsymlink_store ... ok
test tests::row_tamper_is_rejected_on_reopen ... ok
test tests::schema_drift_and_sidecar_are_fail_closed_without_migration ... ok
test tests::signed_full_range_retrieval_proof_repairs_exact_certified_bytes_and_reopens ... ok
test tests::signed_full_range_retrieval_proof_time_chunk_and_store_binding_fail_closed ... ok
test tests::signed_full_range_retrieval_rejects_active_committee_nonmember_responder ... ok
test tests::signed_full_range_retrieval_rejects_certificate_author_key_outside_policy ... ok
test tests::signed_full_range_retrieval_signatures_and_fresh_readback_fail_closed ... ok
test tests::tamper_latches_unavailable_and_exact_repair_recovers ... ok
test tests::typed_namespace_and_batch_derivation_are_deterministic ... ok
test tests::under_quorum_and_signed_equivocation_are_distinct ... ok
test tests::weighted_certificate_retrieval_retention_and_gc_close ... ok

test result: ok. 18 passed; 0 failed; 0 ignored; 0 measured; 0 filtered out; finished in 46.89s

     Running unittests src/lib.rs (/home/qian-qi/.cache/pon-invariant-target/debug/deps/trnm_escrow_vault-c4f64effe68c393c)

running 33 tests
test tests::audit_log_records_vault_events ... ok
test tests::blank_or_padded_request_ids_are_rejected_without_state_or_audit_mutation ... ok
test tests::consume_audit_log_clears_buffer_and_preserves_normalized_semantics ... ok
test tests::deposit_lock_release_happy_path ... ok
test tests::deposit_overflow_fails_closed_without_crediting_or_logging_event ... ok
test tests::duplicate_request_is_rejected ... ok
test tests::failed_lock_does_not_create_zero_balance_account_entry ... ok
test tests::illegal_state_transition_is_rejected ... ok
test tests::normalized_vault_audit_mapping_keeps_field_discipline ... ok
test tests::overflow_paths_fail_closed_without_partial_state_mutation ... ok
test tests::pause_blocks_state_changes_until_unpause ... ok
test tests::paused_duplicate_lock_request_fails_closed_without_leaking_duplicate_state ... ok
test tests::paused_missing_requests_fail_closed_without_leaking_existence_or_mutating_audit ... ok
test tests::paused_owner_release_and_slash_fail_closed_without_state_or_audit_mutation ... ok
test tests::paused_release_fails_closed_without_mutating_lock_or_audit_log ... ok
test tests::paused_self_transfer_fails_closed_without_audit_mutation ... ok
test tests::paused_slash_fails_closed_without_mutating_lock_or_audit_log ... ok
test tests::rejected_actions_do_not_append_audit_events ... ok
test tests::release_overflow_fails_closed_without_unlocking_or_logging_event ... ok
test tests::repeated_pause_state_transitions_do_not_append_audit_events ... ok
test tests::self_transfer_preserves_balance_while_emitting_audit_event ... ok
test tests::slash_to_locked_or_empty_beneficiary_is_rejected_without_state_or_audit_mutation ... ok
test tests::slash_transfers_to_beneficiary ... ok
test tests::terminal_lock_operations_reject_replays_without_mutating_state_or_audit ... ok
test tests::terminal_lock_records_keep_request_ids_reserved ... ok
test tests::transfer_moves_balance_between_accounts ... ok
test tests::transfer_to_blank_beneficiary_fails_closed_without_state_or_audit_mutation ... ok
test tests::unauthorized_actions_are_rejected ... ok
test tests::unauthorized_actions_still_fail_closed_while_paused ... ok
test tests::unauthorized_duplicate_lock_attempt_fails_closed_without_leaking_request_state ... ok
test tests::unauthorized_pause_and_unpause_do_not_leak_state_or_append_audit_events ... ok
test tests::unauthorized_release_slash_and_transfer_fail_closed ... ok
test tests::zero_balances_are_pruned_after_lock_and_transfer ... ok

test result: ok. 33 passed; 0 failed; 0 ignored; 0 measured; 0 filtered out; finished in 0.00s

     Running unittests src/lib.rs (/home/qian-qi/.cache/pon-invariant-target/debug/deps/trnm_executor-cbdbdc58d8e23fe4)

running 262 tests
test hot_bucket_tests::hot_bucket_hint_fail_closes_to_bucket_zero_when_fanout_collapses ... ok
test hot_bucket_tests::hot_bucket_hint_is_stable_for_single_write_single_read_role_flips ... ok
test hot_bucket_tests::hot_bucket_hint_modulo_path_stays_stable_for_high_bit_role_flips ... ok
test hot_bucket_tests::hot_bucket_hint_power_of_two_fast_path_matches_modulo_mapping ... ok
test hot_bucket_tests::hot_bucket_hint_power_of_two_fast_path_stays_stable_for_high_bit_role_flips ... ok
test hot_bucket_tests::hot_bucket_hint_power_of_two_path_keeps_zero_primary_stable_under_asymmetric_role_flips ... ok
test hot_bucket_tests::hot_bucket_hint_single_bucket_count_fails_closed_to_bucket_zero ... ok
test hot_bucket_tests::hot_bucket_hint_stays_stable_when_echoed_primary_has_asymmetric_secondary_width ... ok
test hot_bucket_tests::hot_bucket_hint_treats_object_zero_as_real_canonical_lane_under_role_flips ... ok
test hot_bucket_tests::hot_bucket_hint_uses_full_u64_keyspace_before_bucket_reduce ... ok
test hot_bucket_tests::hot_bucket_hint_zero_bucket_count_fails_closed_to_bucket_zero ... ok
test hot_bucket_tests::hot_bucket_interleave_empty_batch_is_noop ... ok
test hot_bucket_tests::hot_bucket_interleave_fails_closed_to_stable_order_when_fanout_collapses_to_one_bucket ... ok
test hot_bucket_tests::hot_bucket_interleave_ignores_empty_access_noise_around_single_role_flipped_mixed_lane ... ok
test hot_bucket_tests::hot_bucket_interleave_ignores_empty_access_noise_around_single_signaled_lane ... ok
test hot_bucket_tests::hot_bucket_interleave_keeps_first_hint_when_it_is_already_sparse_seed ... ok
test hot_bucket_tests::hot_bucket_interleave_keeps_first_hint_when_skew_is_below_two_to_one_threshold ... ok
test hot_bucket_tests::hot_bucket_interleave_keeps_first_sparse_seed_when_bucket_fanout_is_clamped ... ok
test hot_bucket_tests::hot_bucket_interleave_keeps_real_two_lane_rotation_despite_empty_access_noise ... ok
test hot_bucket_tests::hot_bucket_interleave_prefers_a_sparse_bucket_under_moderate_two_to_one_skew ... ok
test hot_bucket_tests::hot_bucket_interleave_prefers_sparse_non_empty_bucket_under_heavy_skew ... ok
test hot_bucket_tests::hot_bucket_interleave_preserves_single_modulo_signaled_lane_with_empty_noise ... ok
test hot_bucket_tests::hot_bucket_interleave_preserves_single_role_flipped_mixed_lane_under_clamped_fanout ... ok
test hot_bucket_tests::hot_bucket_interleave_preserves_single_signaled_lane_under_input_clamped_fanout_with_empty_noise ... ok
test hot_bucket_tests::hot_bucket_interleave_seeds_initial_round_from_first_hot_key ... ok
test hot_bucket_tests::hot_bucket_interleave_short_circuits_all_singleton_buckets ... ok
test hot_bucket_tests::hot_bucket_interleave_short_circuits_empty_access_batches ... ok
test hot_bucket_tests::hot_bucket_interleave_short_circuits_single_bucket_hotspot ... ok
test hot_bucket_tests::hot_bucket_interleave_short_circuits_single_mixed_domain_lane_without_role_flip_drift ... ok
test hot_bucket_tests::hot_bucket_interleave_skips_micro_batches_to_preserve_low_latency_order ... ok
test hot_bucket_tests::hot_bucket_interleave_sparse_tie_prefers_nearest_bucket_across_ring_wrap ... ok
test hot_bucket_tests::hot_bucket_interleave_sparse_tie_rotates_from_first_hot_hint ... ok
test tests::access_domain_versions_are_consistent_for_duplicate_same_version_refs ... ok
test tests::access_domain_versions_are_inconsistent_for_mixed_version_refs ... ok
test tests::access_domain_versions_small_domain_fast_path_preserves_echo_and_skew_semantics ... ok
test tests::access_domain_versions_two_entry_fast_path_preserves_echo_and_skew_semantics ... ok
test tests::access_map_capacity_hint_keeps_minimum_floor_for_tiny_unique_domains ... ok
test tests::access_map_capacity_hint_rejects_cross_domain_version_skew_for_same_object_id - should panic ... ok
test tests::access_map_capacity_hint_sizes_from_unique_access_domain_keys ... ok
test tests::aggressive_fast_path_does_not_double_count_shared_read_write_domains ... ok
test tests::aggressive_fast_path_matches_original_when_deep_scan_is_disabled ... ok
test tests::aggressive_groups_are_pairwise_non_conflicting ... ok
test tests::aggressive_integer_env_parsers_accept_quoted_plus_prefixed_comma_grouped_values ... ok
test tests::aggressive_respects_skip_empty_stage_checks_toggle ... ok
test tests::aggressive_round_robin_cursor_avoids_even_id_bias ... ok
test tests::aggressive_round_robin_seed_parses_trimmed_numeric_env_values ... ok
test tests::aggressive_round_robin_seed_rejects_ambiguous_comma_decimal_values ... ok
test tests::aggressive_round_robin_seed_rotates_initial_probe_start ... ok
test tests::aggressive_round_robin_toggle_parser_accepts_quoted_tokens ... ok
test tests::aggressive_round_robin_toggle_parser_accepts_single_quoted_tokens ... ok
test tests::aggressive_round_robin_toggle_parser_handles_trimmed_false_and_true_tokens ... ok
test tests::aggressive_scan_window_accepts_comma_grouped_values ... ok
test tests::aggressive_scan_window_caps_candidate_probe_cost ... ok
test tests::aggressive_scan_window_ignores_zero_and_separator_only_values ... ok
test tests::aggressive_scan_window_is_clamped_to_prevent_misconfigured_probe_blowups ... ok
test tests::aggressive_scan_window_parses_trimmed_numeric_env_values ... ok
test tests::aggressive_scan_window_rejects_ambiguous_comma_decimal_values ... ok
test tests::aggressive_skip_empty_stage_checks_avoids_candidate_group_scans_for_empty_access ... ok
test tests::aggressive_skip_empty_stage_checks_keeps_conflict_check_metric_at_zero_for_empty_access ... ok
test tests::aggressive_toggle_parsers_accept_quoted_no_tokens ... ok
test tests::aggressive_toggle_parsers_accept_quoted_tokens_for_skip_empty_and_deep_scan ... ok
test tests::aggressive_toggle_parsers_fall_back_to_defaults_on_empty_or_separator_only_values ... ok
test tests::aggressive_unsigned_env_knobs_fail_closed_on_negative_values ... ok
test tests::auto_adaptive_canonicalizes_primary_access_key_across_equivalent_domain_orderings ... ok
test tests::auto_adaptive_decision_rejects_cross_domain_version_skew_for_same_object_id - should panic ... ok
test tests::auto_adaptive_default_min_batch_boundary_runs_hotspot_probe ... ok
test tests::auto_adaptive_default_sample_boundary_uses_direct_scan_for_read_only_tail_hotspots ... ok
test tests::auto_adaptive_default_sample_boundary_uses_direct_scan_for_tail_hotspots ... ok
test tests::auto_adaptive_detects_late_read_only_hotspots_after_keyless_prefixes ... ok
test tests::auto_adaptive_detects_late_write_hotspots_after_keyless_prefixes ... ok
test tests::auto_adaptive_detects_write_hotspots_even_with_shared_read_domains ... ok
test tests::auto_adaptive_direct_scan_detects_tail_hotspots_for_read_only_batches ... ok
test tests::auto_adaptive_direct_scan_detects_tail_hotspots_in_medium_batches ... ok
test tests::auto_adaptive_empty_access_samples_break_hot_streak_continuity ... ok
test tests::auto_adaptive_empty_batches_fail_closed_even_with_permissive_env_knobs ... ok
test tests::auto_adaptive_expected_gain_boundary_is_inclusive ... ok
test tests::auto_adaptive_expected_gain_gate_accepts_percent_form_env_values ... ok
test tests::auto_adaptive_expected_gain_gate_blocks_low_value_hotspot_switches ... ok
test tests::auto_adaptive_first_sampled_batch_boundary_preserves_tail_hotspot_visibility ... ok
test tests::auto_adaptive_first_sampled_batch_preserves_read_only_tail_hotspot_visibility ... ok
test tests::auto_adaptive_free_ingress_fast_path_keeps_profile_stable_and_ordered ... ok
test tests::auto_adaptive_hot_bucket_path_keeps_mixed_access_domain_skew_guardrails ... ok
test tests::auto_adaptive_keeps_duplicate_heavy_mixed_domains_on_same_write_lane_signal ... ok
test tests::auto_adaptive_keeps_equivalent_mixed_domains_on_same_lane_signal_when_roles_flip ... ok
test tests::auto_adaptive_keyless_batches_fail_closed_as_insufficient_sample ... ok
test tests::auto_adaptive_keyless_gaps_break_same_key_streaks_fail_closed ... ok
test tests::auto_adaptive_large_sample_prefers_write_signal_over_shared_read_domains ... ok
test tests::auto_adaptive_min_batch_len_is_clamped_to_safe_bounds ... ok
test tests::auto_adaptive_min_batch_len_rejects_ambiguous_grouped_comma_values ... ok
test tests::auto_adaptive_min_clamped_sample_len_still_detects_tail_hotspots ... ok
test tests::auto_adaptive_min_clamped_sample_len_still_detects_tail_hotspots_for_read_only_batches ... ok
test tests::auto_adaptive_mixed_domains_do_not_collapse_distinct_secondary_lane_hints ... ok
test tests::auto_adaptive_mixed_hot_key_probe_avoids_false_hotspots_from_shared_leading_writes ... ok
test tests::auto_adaptive_numeric_env_parser_accepts_comma_decimal_percent_values ... ok
test tests::auto_adaptive_numeric_env_parser_accepts_grouped_comma_decimal_percent_values ... ok
test tests::auto_adaptive_numeric_env_parser_accepts_percent_suffix_for_ratio_knobs ... ok
test tests::auto_adaptive_numeric_env_parser_accepts_plus_prefixed_values ... ok
test tests::auto_adaptive_numeric_env_parser_accepts_quoted_plus_prefixed_comma_decimal_percent_values ... ok
test tests::auto_adaptive_numeric_env_parser_accepts_quoted_values ... ok
test tests::auto_adaptive_numeric_env_parser_falls_back_to_defaults_on_invalid_values ... ok
test tests::auto_adaptive_numeric_env_parser_ignores_empty_or_separator_only_values ... ok
test tests::auto_adaptive_numeric_env_parser_rejects_ambiguous_multi_comma_ratio_values ... ok
test tests::auto_adaptive_numeric_env_parser_treats_all_zero_whole_comma_values_as_decimals ... ok
test tests::auto_adaptive_numeric_env_parser_treats_leading_comma_percent_values_as_decimals ... ok
test tests::auto_adaptive_numeric_env_parser_treats_leading_comma_values_as_decimals ... ok
test tests::auto_adaptive_numeric_env_parser_treats_plus_prefixed_leading_comma_values_as_decimals ... ok
test tests::auto_adaptive_numeric_env_parser_treats_zero_whole_comma_values_as_decimals ... ok
test tests::auto_adaptive_prefers_write_hotspot_signal_over_shared_read_domains ... ok
test tests::auto_adaptive_ratio_knobs_are_clamped_to_safe_bounds ... ok
test tests::auto_adaptive_read_only_expected_gain_gate_blocks_low_value_hotspot_switches ... ok
test tests::auto_adaptive_read_only_keyless_gaps_break_same_key_streaks_fail_closed ... ok
test tests::auto_adaptive_read_only_sparse_sampling_keeps_duplicate_indices_fail_closed ... ok
test tests::auto_adaptive_sample_len_is_env_tunable_and_clamped ... ok
test tests::auto_adaptive_sample_len_preserves_zero_for_empty_batches_even_with_env_floor ... ok
test tests::auto_adaptive_sample_len_rejects_ambiguous_grouped_comma_values ... ok
test tests::auto_adaptive_sampling_detects_late_batch_hotspots ... ok
test tests::auto_adaptive_sampling_detects_late_batch_hotspots_for_read_only_batches ... ok
test tests::auto_adaptive_sampling_includes_batch_tail_for_hotspot_estimate ... ok
test tests::auto_adaptive_sampling_includes_batch_tail_for_read_only_hotspot_estimate ... ok
test tests::auto_adaptive_sampling_with_sparse_window_keeps_duplicate_indices_fail_closed ... ok
test tests::auto_adaptive_small_batch_threshold_accepts_comma_grouped_env_values ... ok
test tests::auto_adaptive_small_batch_threshold_accepts_quoted_grouped_env_values ... ok
test tests::auto_adaptive_small_batch_threshold_is_env_tunable ... ok
test tests::auto_adaptive_sub_min_batch_hotspots_stay_fail_closed ... ok
test tests::auto_adaptive_threshold_boundaries_are_inclusive ... ok
test tests::auto_adaptive_treats_object_zero_as_real_singleton_hotspot_key ... ok
test tests::auto_adaptive_unsigned_env_knobs_fail_closed_on_negative_values ... ok
test tests::auto_threshold_env_parsers_accept_grouped_numeric_values ... ok
test tests::auto_threshold_env_parsers_accept_trimmed_numeric_values ... ok
test tests::build_parallel_groups_rejects_cross_domain_version_skew_for_same_object_id - should panic ... ok
test tests::combined_access_domain_versions_are_consistent_across_read_write_split ... ok
test tests::combined_access_domain_versions_are_consistent_for_mixed_singleton_distinct_ids ... ok
test tests::combined_access_domain_versions_are_consistent_for_small_duplicate_cross_domain_echoes ... ok
test tests::combined_access_domain_versions_are_inconsistent_across_read_write_split ... ok
test tests::combined_access_domain_versions_are_inconsistent_when_reads_are_empty ... ok
test tests::combined_access_domain_versions_are_inconsistent_when_writes_are_empty ... ok
test tests::dedup_access_keys_large_path_preserves_first_seen_order ... ok
test tests::detect_conflict_is_symmetric_for_read_write_fast_paths ... ok
test tests::detect_conflict_rejects_cross_domain_version_skew_for_same_object_id - should panic ... ok
test tests::dominant_retry_lead_share_collapses_for_mixed_stage_ties ... ok
test tests::dominant_retry_lead_share_stays_zero_without_conflicts ... ok
test tests::dominant_retry_lead_share_tracks_clear_stage_skew ... ok
test tests::empty_batch_fast_path_is_profile_stable_across_strategies ... ok
test tests::footprint_desc_reorder_panics_on_mixed_domain_version_skew - should panic ... ok
test tests::footprint_desc_reorder_uses_object_scoped_domains_not_raw_version_counts ... ok
test tests::free_ingress_batches_short_circuit_to_single_group_after_strategy_reorder ... ok
test tests::grouped_integer_env_parsers_accept_quoted_comma_grouped_values ... ok
test tests::grouping_parallel_safe ... ok
test tests::hot_bucket_count_is_clamped_to_safe_bounds ... ok
test tests::hot_bucket_count_parser_accepts_grouped_numeric_values ... ok
test tests::hot_bucket_count_parser_accepts_trimmed_numeric_values ... ok
test tests::hot_bucket_hint_dedups_same_version_cross_domain_echoes_before_mixing ... ok
test tests::hot_bucket_hint_is_stable_across_equivalent_access_domain_orderings ... ok
test tests::hot_bucket_hint_is_stable_for_duplicate_heavy_equivalent_mixed_domains ... ok
test tests::hot_bucket_hint_is_stable_for_duplicate_heavy_equivalent_read_only_domains ... ok
test tests::hot_bucket_hint_is_stable_when_read_write_roles_flip_for_same_domain ... ok
test tests::hot_bucket_hint_keeps_asymmetric_primary_echo_domains_on_same_lane ... ok
test tests::hot_bucket_hint_keeps_high_bit_domains_stable_when_zero_primary_flips_roles ... ok
test tests::hot_bucket_hint_keeps_object_zero_primary_stable_across_asymmetric_role_flips ... ok
test tests::hot_bucket_hint_keeps_singleton_bucket_for_same_version_cross_domain_echoes ... ok
test tests::hot_bucket_hint_keeps_stable_secondary_when_primary_echo_roles_flip_with_wide_domains ... ok
test tests::hot_bucket_hint_non_power_of_two_keeps_zero_primary_duplicate_heavy_domains_lane_stable ... ok
test tests::hot_bucket_hint_non_power_of_two_path_preserves_high_bit_lane_mapping ... ok
test tests::hot_bucket_hint_power_of_two_fast_path_keeps_zero_primary_mixed_domains_lane_stable ... ok
test tests::hot_bucket_hint_power_of_two_fast_path_matches_modulo_mapping ... ok
test tests::hot_bucket_hint_power_of_two_fast_path_preserves_high_bit_lane_mapping ... ok
test tests::hot_bucket_hint_rejects_cross_domain_version_skew_for_same_object_id - should panic ... ok
test tests::hot_bucket_hint_single_bucket_count_fails_closed_to_bucket_zero ... ok
test tests::hot_bucket_hint_singleton_domain_matches_direct_bucket_mapping ... ok
test tests::hot_bucket_hint_skips_duplicate_primary_echoes_before_using_read_domain_key ... ok
test tests::hot_bucket_hint_skips_duplicate_primary_key_when_mixing_read_write_domain ... ok
test tests::hot_bucket_hint_tracks_two_smallest_distinct_keys_when_new_min_arrives_last ... ok
test tests::hot_bucket_hint_treats_object_zero_as_real_secondary_domain_key ... ok
test tests::hot_bucket_hint_uses_first_read_key_as_secondary_mixed_domain_signal ... ok
test tests::hot_bucket_hint_uses_full_u64_keyspace_before_bucket_reduce ... ok
test tests::hot_bucket_hint_uses_stable_secondary_key_across_permuted_three_key_domains ... ok
test tests::hot_bucket_hint_zero_bucket_count_fails_closed_to_bucket_zero ... ok
test tests::hot_bucket_interleave_empty_batch_is_noop ... ok
test tests::hot_bucket_interleave_ignores_empty_access_noise_when_only_one_real_lane_exists ... ok
test tests::hot_bucket_interleave_keeps_first_hint_when_it_is_already_sparse_seed ... ok
test tests::hot_bucket_interleave_keeps_first_hint_when_skew_is_below_two_to_one_threshold ... ok
test tests::hot_bucket_interleave_keeps_first_sparse_seed_when_bucket_fanout_is_clamped ... ok
test tests::hot_bucket_interleave_keeps_first_sparse_seed_when_bucket_fanout_is_input_clamped ... ok
test tests::hot_bucket_interleave_prefers_a_sparse_bucket_under_moderate_two_to_one_skew ... ok
test tests::hot_bucket_interleave_prefers_sparse_non_empty_bucket_under_heavy_skew ... ok
test tests::hot_bucket_interleave_rejects_cross_domain_version_skew_before_micro_batch_short_circuit - should panic ... ok
test tests::hot_bucket_interleave_seeds_initial_round_from_first_hot_key ... ok
test tests::hot_bucket_interleave_short_circuits_all_singleton_buckets ... ok
test tests::hot_bucket_interleave_short_circuits_empty_access_batches ... ok
test tests::hot_bucket_interleave_short_circuits_single_bucket_hotspot ... ok
test tests::hot_bucket_interleave_short_circuits_single_bucket_hotspot_under_clamped_fanout ... ok
test tests::hot_bucket_interleave_skips_micro_batches_to_preserve_low_latency_order ... ok
test tests::hot_bucket_interleave_sparse_tie_prefers_nearest_bucket_across_ring_wrap ... ok
test tests::hot_bucket_interleave_sparse_tie_rotates_from_first_hot_hint ... ok
test tests::hot_bucket_keys_filter_shared_read_keys_before_selecting_second_domain_key ... ok
test tests::hot_bucket_keys_keep_global_secondary_when_primary_echo_role_flip_is_asymmetric ... ok
test tests::hot_bucket_keys_keep_global_secondary_when_primary_echo_roles_flip ... ok
test tests::hot_bucket_keys_keep_global_two_key_mixed_domain_hint_when_read_domain_is_primary ... ok
test tests::hot_bucket_keys_keep_object_zero_secondary_stable_across_role_flips ... ok
test tests::hot_bucket_keys_keep_smallest_secondary_when_shared_primary_echo_has_one_distinct_suffix_per_side ... ok
test tests::hot_bucket_keys_keep_write_first_secondary_stable_under_shared_primary_echo_noise ... ok
test tests::hot_bucket_keys_keep_zero_primary_echo_stable_when_single_suffix_flips_roles ... ok
test tests::hot_bucket_keys_keep_zero_primary_lane_stable_under_duplicate_heavy_role_flips ... ok
test tests::hot_bucket_keys_preserve_write_priority_under_duplicate_heavy_primary_echo ... ok
test tests::hot_bucket_keys_rejects_cross_domain_version_skew_for_same_object_id - should panic ... ok
test tests::hot_bucket_keys_skip_duplicate_leading_refs_and_preserve_write_priority ... ok
test tests::hot_bucket_keys_stay_stable_when_primary_echo_exists_in_both_domains ... ok
test tests::hot_bucket_keys_treat_object_zero_as_real_primary_domain_key ... ok
test tests::hot_object_share_rejects_cross_domain_version_skew_for_same_object_id - should panic ... ok
test tests::hot_object_share_stays_stable_for_duplicate_heavy_equivalent_mixed_domains ... ok
test tests::integer_env_parsers_accept_plus_prefixed_grouped_values ... ok
test tests::integer_env_parsers_accept_underscored_numeric_values ... ok
test tests::medium_small_vs_just_over_old_large_cutoff_preserves_semantics ... ok
test tests::medium_small_vs_large_conflict_path_avoids_hashset_and_preserves_semantics ... ok
test tests::medium_small_vs_very_large_conflict_path_preserves_semantics ... ok
test tests::no_conflict ... ok
test tests::original_conflict_only_batch_reports_singleton_profile_shape ... ok
test tests::original_free_ingress_fast_path_keeps_profile_stable_and_ordered ... ok
test tests::overlapping_read_write_domains_do_not_double_count_shared_object_conflicts ... ok
test tests::primary_access_domain_key_canonicalizes_duplicate_heavy_read_only_domains ... ok
test tests::primary_access_domain_key_ignores_same_version_cross_domain_echoes ... ok
test tests::primary_access_domain_key_keeps_object_zero_primary_stable_under_duplicate_heavy_role_flips ... ok
test tests::primary_access_domain_key_prefers_write_domain_over_lower_shared_read_keys ... ok
test tests::primary_access_domain_key_preserves_keyless_singleton_and_duplicate_write_domains ... ok
test tests::primary_access_domain_key_rejects_cross_domain_version_skew_for_same_object_id - should panic ... ok
test tests::primary_access_domain_key_rejects_read_only_version_skew_for_same_object_id - should panic ... ok
test tests::primary_access_domain_key_rejects_write_only_version_skew_for_same_object_id - should panic ... ok
test tests::primary_access_domain_key_stays_on_canonical_write_lane_under_duplicate_heavy_mixed_domains ... ok
test tests::primary_access_domain_key_treats_object_zero_as_real_key_for_write_and_read_fallback ... ok
test tests::primary_access_domain_key_two_entry_fast_path_canonicalizes_write_and_read_domains ... ok
test tests::read_domain_only_keys_large_write_domain_preserves_read_order_after_filtering ... ok
test tests::read_domain_only_keys_small_write_domain_preserves_read_order_after_filtering ... ok
test tests::read_domain_only_keys_treats_object_zero_as_real_shared_domain_key ... ok
test tests::read_only_overlap_is_non_conflicting ... ok
test tests::reorder_only_grouping_strategies_keep_mixed_access_domain_skew_guardrails ... ok
test tests::retry_attribution_metrics_surface_overlap_and_unattributed_hits ... ok
test tests::retry_scan_metrics_track_misses_hits_and_zero_denominators ... ok
test tests::retry_stage_concentration_drops_for_evenly_mixed_retries ... ok
test tests::retry_stage_concentration_peaks_for_single_stage_retries ... ok
test tests::retry_stage_concentration_stays_zero_without_conflicts ... ok
test tests::retry_stage_mix_entropy_peaks_for_evenly_mixed_non_overlapping_retries ... ok
test tests::rw_conflict ... ok
test tests::singleton_access_conflict_path_handles_skewed_footprints ... ok
test tests::skewed_small_vs_large_conflict_path_handles_large_domains ... ok
test tests::stage_retry_rate_and_per_tx_helpers_handle_zero_denominators ... ok
test tests::strategy_preserves_tx_count ... ok
test tests::tiny_footprint_conflict_check_handles_duplicates_without_false_positive ... ok
test tests::tx_access_domain_keys_dedups_shared_object_scope_across_read_and_write_sets ... ok
test tests::tx_access_domain_keys_match_hot_bucket_write_first_scope ... ok
test tests::tx_access_domain_keys_rejects_cross_domain_version_skew_for_same_object_id - should panic ... ok
test tests::tx_access_domain_keys_treat_object_zero_as_real_write_domain_member ... ok
test tests::vec_hashset_intersects_handles_singleton_hashset_domain ... ok
test tests::vec_hashset_intersects_large_duplicate_probe_path_preserves_semantics ... ok
test tests::vec_hashset_intersects_medium_duplicate_probe_path_preserves_semantics ... ok
test tests::vec_hashset_intersects_tiny_duplicate_probe_path_preserves_semantics ... ok
test tests::write_first_reorder_panics_on_mixed_domain_version_skew - should panic ... ok
test tests::write_first_reorder_uses_object_scoped_domains_not_raw_version_counts ... ok
test tests::write_last_reorder_panics_on_mixed_domain_version_skew - should panic ... ok
test tests::write_last_reorder_uses_object_scoped_domains_not_raw_version_counts ... ok
test tests::write_only_pairs_use_ww_semantics_for_hit_and_miss ... ok
test tests::ww_conflict ... ok
test tests::ww_conflict_treats_object_versions_as_one_write_domain ... ok

test result: ok. 262 passed; 0 failed; 0 ignored; 0 measured; 0 filtered out; finished in 0.14s

     Running unittests src/lib.rs (/home/qian-qi/.cache/pon-invariant-target/debug/deps/trnm_governance_guard-e785cfbc9d1a7f04)

running 41 tests
test tests::active_guardian_can_cancel_scheduled_unpause_after_original_guardian_revoked ... ok
test tests::audit_log_records_param_and_pause_events ... ok
test tests::cancelled_proposal_cannot_be_requeued_or_emit_duplicate_queue_audit ... ok
test tests::cancelled_unpause_allows_new_restore_schedule ... ok
test tests::cancelled_unpause_cannot_execute_and_keeps_pause_active ... ok
test tests::duplicate_execute_is_blocked ... ok
test tests::emergency_unpause_rejects_guardian_executor_even_when_not_proposer ... ok
test tests::emergency_unpause_requires_distinct_executor ... ok
test tests::emergency_unpause_self_execution_rejection_preserves_queue_and_audit_state ... ok
test tests::execute_fails_closed_if_executor_role_revoked_after_queue ... ok
test tests::execute_rejects_cancelled_param_proposal_as_already_finalized ... ok
test tests::execute_rejects_if_param_key_removed_after_queue ... ok
test tests::execute_rejects_if_param_value_drifts_before_execution ... ok
test tests::execute_rejects_if_param_version_and_value_both_drift ... ok
test tests::execute_rejects_if_param_version_drifts_without_value_change ... ok
test tests::execute_rejects_if_param_version_shifted ... ok
test tests::execute_unpause_fails_closed_if_executor_role_revoked_after_schedule ... ok
test tests::execute_unpause_fails_closed_if_guardian_role_revoked_after_schedule ... ok
test tests::execute_unpause_rejects_finalized_proposal_as_already_finalized ... ok
test tests::execute_unpause_rejects_if_pause_cleared_before_eta ... ok
test tests::execute_unpause_rejects_non_executor_caller ... ok
test tests::guardian_can_cancel_any_active_proposal ... ok
test tests::normalized_param_execution_carries_value_and_version_delta ... ok
test tests::normalized_pause_restore_schedule_carries_reason_and_eta ... ok
test tests::normalized_unpause_execution_note_omits_placeholder_version_suffix ... ok
test tests::param_proposal_cancel_rejects_proposer_after_proposer_role_revoked ... ok
test tests::pause_immediate_unpause_timelocked ... ok
test tests::permission_drift_revocation_fails_closed ... ok
test tests::proposer_can_cancel_own_proposal ... ok
test tests::queue_is_idempotent_without_duplicate_audit_events ... ok
test tests::queue_rejects_non_proposer_caller ... ok
test tests::queue_rejects_proposer_after_proposer_role_revoked ... ok
test tests::queue_rejects_scheduled_unpause_even_if_guardian_is_also_proposer ... ok
test tests::repeated_emergency_pause_is_idempotent_and_does_not_duplicate_audit ... ok
test tests::schedule_unpause_rejects_duplicate_active_restore_without_side_effects ... ok
test tests::schedule_unpause_rejects_eta_shorter_than_min_timelock_without_side_effects ... ok
test tests::schedule_unpause_rejects_when_pause_is_not_active ... ok
test tests::scheduled_unpause_cancel_rejects_proposer_after_guardian_role_revoked ... ok
test tests::timelock_bypass_fails_closed_without_side_effects ... ok
test tests::unauthorized_cancel_is_rejected ... ok
test tests::unauthorized_cancel_of_scheduled_unpause_preserves_queue_and_pause_state ... ok

test result: ok. 41 passed; 0 failed; 0 ignored; 0 measured; 0 filtered out; finished in 0.01s

     Running unittests src/lib.rs (/home/qian-qi/.cache/pon-invariant-target/debug/deps/trnm_mempool-2b66efdf32f37ff5)

running 153 tests
test tests::backpressured_tx_id_is_not_marked_seen_and_can_be_admitted_after_drain ... ok
test tests::borrowed_last_critical_slot_probe_noise_keeps_qos_snapshot_flat_until_drain ... ok
test tests::borrowed_last_critical_slot_same_class_duplicate_probe_keeps_qos_snapshot_flat ... ok
test tests::borrowed_last_idle_critical_slot_keeps_cross_class_fresh_retry_unpoisoned_until_drain ... ok
test tests::borrowed_last_idle_critical_slot_reopens_critical_retry_after_drain ... ok
test tests::critical_backpressured_tx_id_can_admit_from_other_class_after_drain ... ok
test tests::critical_lane_makes_progress_under_flood ... ok
test tests::critical_lane_spills_over_to_free_normal_capacity ... ok
test tests::critical_spillover_can_fill_normal_lane_until_global_capacity ... ok
test tests::critical_spillover_duplicate_probe_keeps_qos_flat_until_final_dedicated_normal_slot_is_claimed ... ok
test tests::critical_spillover_duplicate_probe_stays_globally_duplicate_until_spilled_copy_drains ... ok
test tests::critical_spillover_only_headroom_keeps_normal_closed_across_duplicate_and_retry_noise ... ok
test tests::critical_spillover_stays_fail_closed_once_dedicated_normal_headroom_is_gone ... ok
test tests::drained_ghost_id_from_repaired_seen_global_can_reenter_as_fresh ... ok
test tests::drained_standalone_duplicate_metadata_reopens_as_fresh_after_real_queue_drain ... ok
test tests::drained_standalone_fresh_retry_reopens_cleanly_across_idle_polls ... ok
test tests::duplicate_is_rejected_across_ingress_classes_until_drained ... ok
test tests::duplicate_or_backpressured_probe_noise_does_not_mutate_fairness_state ... ok
test tests::duplicate_probe_does_not_consume_reopened_zero_reserve_shared_slot ... ok
test tests::duplicate_semantics_survive_stale_seen_global_under_saturation ... ok
test tests::duplicate_stays_duplicate_when_lane_is_globally_full ... ok
test tests::equal_cardinality_cross_lane_and_global_skew_self_heals_without_false_duplicate_or_poisoned_retry ... ok
test tests::equal_cardinality_lane_seen_skew_does_not_false_duplicate_fresh_id ... ok
test tests::equal_cardinality_seen_global_skew_still_preserves_duplicate_semantics ... ok
test tests::equal_cardinality_skew_under_saturation_keeps_fresh_ids_backpressured_not_duplicated ... ok
test tests::fairness_warmup_does_not_slow_critical_when_normal_lane_drains ... ok
test tests::final_pop_clears_ghost_seen_global_when_drained_id_is_already_missing ... ok
test tests::full_critical_reserve_allows_normal_to_use_free_headroom_while_critical_busy ... ok
test tests::full_critical_reserve_allows_normal_when_critical_lane_idle ... ok
test tests::full_drain_clears_stale_lane_local_seen_without_waiting_for_next_admit ... ok
test tests::full_drain_clears_stale_seen_ghosts_before_next_fresh_admission ... ok
test tests::full_drain_cold_resets_fairness_even_when_pop_self_heals_seen_global ... ok
test tests::full_drain_resets_fairness_streak_immediately_without_waiting_for_next_admit ... ok
test tests::ghost_lane_seen_entry_does_not_misclassify_fresh_ingress_as_duplicate ... ok
test tests::ghost_seen_global_entry_with_matching_cardinality_does_not_poison_fresh_admit ... ok
test tests::guarded_last_reserved_slot_keeps_cross_class_normal_duplicate_flat ... ok
test tests::guarded_last_reserved_slot_keeps_queued_normal_retry_duplicate ... ok
test tests::guarded_last_reserved_slot_recloses_qos_after_fresh_critical_claims_it ... ok
test tests::guarded_normal_retry_can_escalate_via_critical_path_without_pre_poisoning_duplicate_state ... ok
test tests::guarded_normal_retry_stays_fresh_until_all_active_critical_backlog_clears ... ok
test tests::hard_stop_cross_class_duplicate_and_fresh_probe_noise_keeps_qos_flat_through_idle_poll ... ok
test tests::hard_stop_fresh_retry_burst_keeps_backpressure_guard_flat_across_classes ... ok
test tests::hard_stop_idle_polls_preserve_lane_local_duplicates_without_reviving_queue_state ... ok
test tests::hard_stop_idle_polls_preserve_mixed_restored_duplicate_sources_and_flat_qos ... ok
test tests::hard_stop_idle_pop_preserves_restored_duplicate_metadata ... ok
test tests::hard_stop_lane_local_duplicate_probe_noise_keeps_qos_snapshot_flat_without_seen_global ... ok
test tests::hard_stop_lane_local_duplicates_keep_qos_fail_closed_through_idle_polls ... ok
test tests::hard_stop_mode_lane_local_duplicate_survives_repeated_cross_class_probes_without_poisoning_fresh_ids ... ok
test tests::hard_stop_mode_preserves_duplicate_semantics_across_ingress_classes ... ok
test tests::hard_stop_mode_preserves_duplicate_semantics_for_restored_backlog ... ok
test tests::hard_stop_probe_noise_keeps_qos_snapshot_and_queue_counts_flat ... ok
test tests::hard_stop_seen_global_only_duplicate_survives_cross_class_retries_and_idle_polls ... ok
test tests::idle_lane_ghost_seen_entry_is_cleared_before_first_fresh_admission ... ok
test tests::idle_pop_clears_nonzero_capacity_ghost_seen_before_next_fresh_retry ... ok
test tests::idle_pop_ready_self_heals_stale_restored_state_without_waiting_for_admit ... ok
test tests::idle_self_heal_resets_stale_fairness_streak_before_new_mixed_ingress ... ok
test tests::lane_gate_enforces_global_capacity_even_when_lane_mins_apply ... ok
test tests::missing_lane_local_membership_rebuilds_seen_caches_before_repeated_duplicate_probe ... ok
test tests::newly_arrived_critical_backlog_preempts_normal_flood_without_waiting_for_burst_reset ... ok
test tests::newly_arrived_normal_backlog_gets_turn_during_critical_flood ... ok
test tests::normal_fairness_warmup_survives_active_critical_refill ... ok
test tests::normal_lane_can_borrow_last_critical_slot_when_critical_lane_idle ... ok
test tests::normal_lane_can_borrow_only_surplus_critical_headroom ... ok
test tests::normal_lane_can_still_borrow_surplus_reserved_headroom_while_critical_backlog_is_active ... ok
test tests::normal_lane_does_not_spill_when_critical_lane_is_busy ... ok
test tests::normal_lane_gets_turn_after_bounded_critical_burst ... ok
test tests::oversized_critical_reserve_clamp_preserves_zero_capacity_hard_stop ... ok
test tests::oversized_critical_reserve_clamp_reopens_both_classes_after_one_drain ... ok
test tests::oversized_critical_reserve_clamps_to_reserve_only_without_leaking_fake_normal_headroom ... ok
test tests::pop_ready_self_heals_stale_seen_global_without_new_admission ... ok
test tests::pop_ready_self_heals_when_ghost_id_survives_successful_remove ... ok
test tests::pop_self_heal_prunes_ghost_seen_global_so_cross_class_retry_can_admit_after_drain ... ok
test tests::qos_snapshot_exposes_guarded_class_admissibility_not_just_raw_headroom ... ok
test tests::qos_snapshot_fail_closes_in_zero_capacity_hard_stop_mode ... ok
test tests::qos_snapshot_keeps_last_reserved_critical_slot_guarded_under_active_backlog ... ok
test tests::qos_snapshot_keeps_normal_closed_until_last_active_critical_backlog_entry_drains ... ok
test tests::qos_snapshot_keeps_normal_closed_when_only_critical_spillover_headroom_remains ... ok
test tests::qos_snapshot_reopens_borrowed_last_critical_slot_after_critical_lane_drains ... ok
test tests::qos_snapshot_reopens_both_classes_immediately_after_one_reserve_only_drain ... ok
test tests::qos_snapshot_reopens_critical_admissibility_as_soon_as_dedicated_reserve_reopens ... ok
test tests::qos_snapshot_reopens_normal_only_after_critical_backlog_fully_clears ... ok
test tests::qos_snapshot_reports_borrowed_last_critical_slot_as_consumed ... ok
test tests::qos_snapshot_reports_lane_and_global_headroom ... ok
test tests::qos_snapshot_resets_cleanly_after_reserve_only_full_drain_and_idle_poll ... ok
test tests::qos_snapshot_resets_cleanly_after_spillover_full_drain_and_idle_poll ... ok
test tests::qos_snapshot_stays_flat_across_guarded_duplicate_and_fresh_normal_probe_noise ... ok
test tests::qos_snapshot_stays_flat_across_guarded_same_class_duplicate_probe_noise ... ok
test tests::qos_snapshot_stays_hard_stopped_while_restored_duplicate_metadata_survives_idle_polls ... ok
test tests::qos_snapshot_stops_advertising_fresh_critical_after_reserve_only_normal_borrows_last_slot ... ok
test tests::qos_snapshot_stops_advertising_fresh_normal_after_reserve_only_critical_consumes_last_slot ... ok
test tests::qos_snapshot_tracks_critical_spillover_into_free_normal_headroom ... ok
test tests::qos_snapshot_tracks_reserve_only_headroom_while_critical_backlog_is_active ... ok
test tests::qos_snapshot_tracks_zero_reserve_spillover_headroom ... ok
test tests::qos_snapshot_zero_reserve_recloses_after_critical_spillover_consumes_last_normal_slot ... ok
test tests::qos_snapshot_zero_reserve_recloses_after_normal_ingress_consumes_last_shared_slot ... ok
test tests::queued_counts_track_spillover_and_drain ... ok
test tests::reopened_dedicated_critical_reserve_keeps_qos_snapshot_flat_under_duplicate_probe_noise ... ok
test tests::reopened_surplus_reserved_headroom_is_borrowable_before_final_guard_slot ... ok
test tests::reserve_guard_seen_cache_skew_does_not_poison_fresh_retry_after_critical_backlog_clears ... ok
test tests::reserve_guarded_fresh_normal_retry_stays_fresh_until_critical_backlog_clears ... ok
test tests::reserve_guarded_normal_duplicate_probe_stays_duplicate_until_critical_copy_drains ... ok
test tests::reserve_guarded_normal_retry_burst_keeps_queue_counts_flat_until_critical_slot_reopens ... ok
test tests::reserve_only_active_critical_backlog_fresh_normal_retry_keeps_qos_snapshot_flat ... ok
test tests::reserve_only_backpressured_tx_id_stays_fresh_until_headroom_reopens ... ok
test tests::reserve_only_borrowed_last_slot_probe_noise_keeps_qos_snapshot_flat_until_drain ... ok
test tests::reserve_only_idle_self_heal_clears_stale_fairness_before_new_mixed_ingress ... ok
test tests::reserve_only_mode_keeps_fairness_streak_cold_during_spillover_drains ... ok
test tests::reserve_only_normal_borrowed_admission_is_globally_idempotent_until_drained ... ok
test tests::reserve_only_normal_borrowed_admission_stays_globally_idempotent ... ok
test tests::reserve_only_normal_borrowing_does_not_preempt_critical_drain_order ... ok
test tests::reserve_only_reopened_shared_slot_ignores_stale_critical_seen_metadata ... ok
test tests::reserve_only_stale_hot_fairness_does_not_synthesize_normal_preemption ... ok
test tests::reserve_only_stale_seen_metadata_does_not_hide_reopened_shared_slot ... ok
test tests::saturated_cross_lane_and_seen_global_skew_keeps_real_duplicate_and_ghost_retry_distinct ... ok
test tests::saturated_cross_lane_seen_membership_skew_keeps_duplicate_semantics ... ok
test tests::saturated_equal_cardinality_lane_local_ghost_seen_id_stays_backpressured_not_duplicate ... ok
test tests::saturated_retry_burst_stays_backpressured_until_headroom_reopens ... ok
test tests::seen_global_duplicate_without_lane_local_membership_self_heals_and_stays_duplicate ... ok
test tests::seen_global_len_matches_lane_queues_across_spillover_and_drain ... ok
test tests::spillover_admission_remains_globally_idempotent_until_drained ... ok
test tests::stale_cross_lane_seen_membership_self_heals_before_duplicate_classification ... ok
test tests::stale_dual_lane_seen_flags_do_not_poison_fresh_admission ... ok
test tests::stale_seen_global_ghost_id_cross_class_retry_stays_backpressured_until_drain ... ok
test tests::stale_seen_global_ghost_id_does_not_poison_fresh_admission_after_self_heal ... ok
test tests::stale_seen_global_ghost_id_is_healed_without_false_duplicate_under_saturation ... ok
test tests::stale_seen_global_self_heals_without_dropping_duplicate_or_fresh_semantics ... ok
test tests::sustained_dual_lane_backlog_keeps_normal_progress_after_first_fairness_turn ... ok
test tests::zero_capacity_admission_gate_does_not_poison_idempotency_after_backpressure ... ok
test tests::zero_capacity_admission_gate_preserves_restored_duplicate_metadata_across_idle_polls ... ok
test tests::zero_capacity_hard_stop_duplicate_probe_noise_keeps_qos_snapshot_flat ... ok
test tests::zero_capacity_hard_stop_idle_polls_preserve_restored_duplicate_knowledge_from_all_seen_caches ... ok
test tests::zero_critical_reserve_preserves_normal_capacity_with_critical_spillover ... ok
test tests::zero_reserve_full_shared_queue_keeps_qos_flat_across_cross_class_duplicate_and_retry_noise ... ok
test tests::zero_total_capacity_lane_gate_backpressures_all_ingress_without_poisoning_seen_ids ... ok
test tests::zero_total_capacity_preserves_duplicate_semantics_for_restored_seen_ids ... ok
test typed_admission::tests::duplicate_index_ghost_fails_closed_instead_of_returning_duplicate ... ok
test typed_admission::tests::duplicate_probe_revalidates_canonical_identity_and_queued_metadata ... ok
test typed_admission::tests::malformed_body_nonce_and_resource_claims_are_rejected ... ok
test typed_admission::tests::missing_canonical_validation_fails_closed_before_signature_hook ... ok
test typed_admission::tests::missing_signer_identity_fails_closed_before_signature_hook ... ok
test typed_admission::tests::mutable_envelope_digest_cannot_change_between_probe_and_snapshot ... ok
test typed_admission::tests::omitted_replay_or_recheck_authority_is_not_an_acceptance_path ... ok
test typed_admission::tests::pending_nonce_authority_rejection_is_fail_closed ... ok
test typed_admission::tests::pending_nonce_cancel_and_legacy_pop_release_once ... ok
test typed_admission::tests::pending_nonce_capacity_preflight_does_not_reserve ... ok
test typed_admission::tests::pending_nonce_duplicate_does_not_reserve_twice_and_scopes_nonce_by_signer ... ok
test typed_admission::tests::pending_nonce_handoff_and_commit_are_exactly_once ... ok
test typed_admission::tests::pending_nonce_recheck_failure_releases_once_and_can_retry ... ok
test typed_admission::tests::replay_hook_can_scope_nonce_to_canonical_signer_identity ... ok
test typed_admission::tests::saturated_retry_does_not_reserve_replay_state_before_capacity_reopens ... ok
test typed_admission::tests::signature_replay_and_recheck_hooks_each_fail_closed ... ok
test typed_admission::tests::typed_gate_retains_exact_metadata_and_dedupes_digest_across_lanes ... ok
test typed_admission::tests::valid_fresh_envelope_backpressures_without_mutating_digest_index ... ok

test result: ok. 153 passed; 0 failed; 0 ignored; 0 measured; 0 filtered out; finished in 0.02s

     Running unittests src/main.rs (/home/qian-qi/.cache/pon-invariant-target/debug/deps/trnm_mempool-ef78739dbd534744)

running 46 tests
test tests::accepted_retry_compacts_stale_backpressure_fifo_without_new_ingress ... ok
test tests::accepted_retry_id_is_removed_from_backpressure_set ... ok
test tests::admit_fast_path_clears_stale_retry_fifo_when_retry_set_is_empty ... ok
test tests::admitting_last_known_retry_clears_stale_retry_fifo_markers_immediately ... ok
test tests::backpressure_retry_cache_is_bounded_by_capacity ... ok
test tests::backpressure_retry_memory_survives_partial_drain_and_resaturation ... ok
test tests::burst_capacity_release_only_defers_fresh_ingress_for_known_retry_budget ... ok
test tests::capacity_exhaustion_triggers_backpressure ... ok
test tests::compaction_clears_stale_fifo_immediately_when_retry_set_is_empty ... ok
test tests::compaction_triggers_at_threshold_to_bound_stale_fifo_growth ... ok
test tests::draining_last_known_retry_clears_stale_fairness_reservations ... ok
test tests::duplicate_admission_is_idempotent ... ok
test tests::fairness_armed_fresh_acceptance_keeps_known_retry_memory_intact ... ok
test tests::fairness_deferral_does_not_evict_older_retries_from_bounded_memory ... ok
test tests::fairness_deferral_duplicate_increments_backpressure_duplicate_metric ... ok
test tests::fairness_deferred_repeat_stays_duplicate_after_queue_resaturates ... ok
test tests::fairness_marker_does_not_shadow_known_retry_id_admission ... ok
test tests::fairness_only_deferral_clears_stale_fifo_before_first_new_retry_marker ... ok
test tests::fairness_only_deferral_path_compacts_stale_fifo_markers ... ok
test tests::fairness_reservation_does_not_deadlock_fresh_ingress_when_retries_disappear ... ok
test tests::fairness_reservation_preserves_free_ingress_when_spare_capacity_exists ... ok
test tests::metrics_counters_saturate_instead_of_overflowing ... ok
test tests::opened_capacity_is_reserved_for_known_retries_before_fresh_ingress ... ok
test tests::pop_ready_clears_stale_fairness_marker_when_retry_memory_is_empty ... ok
test tests::pop_ready_compacts_oversized_retry_fifo_when_retry_memory_is_non_empty ... ok
test tests::released_slot_allows_new_admission ... ok
test tests::repeated_backpressured_retry_is_idempotent_until_capacity_opens ... ok
test tests::repeated_fairness_deferral_of_same_fresh_id_is_idempotent ... ok
test tests::repeated_single_slot_fairness_deferral_stays_idempotent ... ok
test tests::restored_retry_ids_rehydrate_fifo_before_bounded_eviction ... ok
test tests::restored_retry_set_trim_preserves_newly_backpressured_id_when_fifo_markers_missing ... ok
test tests::restored_retry_set_without_fifo_markers_is_rebounded_to_capacity ... ok
test tests::restored_retry_trim_rebuilds_fifo_after_stale_marker_eviction_fallback ... ok
test tests::retry_acceptance_clears_tracking_even_without_active_fairness_reservations ... ok
test tests::retry_reservation_is_capped_by_known_retry_population ... ok
test tests::saturated_known_retry_duplicate_does_not_churn_retry_fifo ... ok
test tests::saturated_retry_remains_idempotent_when_stale_fairness_marker_points_to_known_retry ... ok
test tests::stale_fairness_marker_is_cleared_after_successful_admission ... ok
test tests::stale_fairness_marker_without_known_retries_does_not_force_duplicate ... ok
test tests::stale_fifo_entries_do_not_break_bounded_retry_tracking ... ok
test tests::stale_retry_bookkeeping_is_cleared_before_free_ingress_admission ... ok
test tests::stale_retry_fifo_is_compacted_under_high_churn ... ok
test tests::stale_retry_reservation_is_clamped_before_fairness_deferral ... ok
test tests::stale_retry_reservations_are_clamped_before_fresh_ingress_deferral ... ok
test tests::zero_capacity_configuration_still_allows_progress ... ok
test tests::zero_capacity_is_clamped_to_keep_forward_progress ... ok

test result: ok. 46 passed; 0 failed; 0 ignored; 0 measured; 0 filtered out; finished in 0.01s

     Running tests/lane_anti_starvation_warmup_bound.rs (/home/qian-qi/.cache/pon-invariant-target/debug/deps/lane_anti_starvation_warmup_bound-836994a71d6648ff)

running 1 test
test newly_arrived_normal_backlog_gets_a_turn_within_one_dequeue_under_critical_pressure ... ok

test result: ok. 1 passed; 0 failed; 0 ignored; 0 measured; 0 filtered out; finished in 0.00s

     Running tests/lane_borrowed_duplicate_probe_critical_refill_bound.rs (/home/qian-qi/.cache/pon-invariant-target/debug/deps/lane_borrowed_duplicate_probe_critical_refill_bound-8699ada18b883a8c)

running 1 test
test borrowed_slot_duplicate_probe_noise_does_not_delay_next_real_critical_refill ... ok

test result: ok. 1 passed; 0 failed; 0 ignored; 0 measured; 0 filtered out; finished in 0.00s

     Running tests/lane_borrowed_duplicate_probe_fairness_reset_bound.rs (/home/qian-qi/.cache/pon-invariant-target/debug/deps/lane_borrowed_duplicate_probe_fairness_reset_bound-937a84095bc1fdc7)

running 1 test
test borrowed_duplicate_probe_full_drain_does_not_poison_next_mixed_batch_fairness ... ok

test result: ok. 1 passed; 0 failed; 0 ignored; 0 measured; 0 filtered out; finished in 0.00s

     Running tests/lane_borrowed_duplicate_probe_full_drain_reuse_bound.rs (/home/qian-qi/.cache/pon-invariant-target/debug/deps/lane_borrowed_duplicate_probe_full_drain_reuse_bound-830d4816b86ab601)

running 1 test
test borrowed_duplicate_probe_noise_does_not_poison_cross_class_reuse_after_full_drain ... ok

test result: ok. 1 passed; 0 failed; 0 ignored; 0 measured; 0 filtered out; finished in 0.00s

     Running tests/lane_borrowed_last_slot_backpressured_retry_reuse_bound.rs (/home/qian-qi/.cache/pon-invariant-target/debug/deps/lane_borrowed_last_slot_backpressured_retry_reuse_bound-2a1a3706bb9b38e7)

running 17 tests
test borrowed_idle_tail_slot_flips_from_borrowable_to_guarded_once_critical_backlog_appears ... ok
test borrowed_last_idle_critical_slot_duplicate_retry_wins_under_open_headroom_guard ... ok
test borrowed_last_idle_critical_slot_guarded_small_retry_burst_uses_stable_lane_snapshot ... ok
test borrowed_last_idle_critical_slot_keeps_backpressured_critical_retry_fresh_after_full_drain ... ok
test borrowed_last_idle_critical_slot_keeps_cross_class_duplicate_ahead_of_guarded_fresh_retries ... ok
test borrowed_last_idle_critical_slot_mixed_retry_burst_keeps_fresh_and_duplicate_outcomes_partitioned ... ok
test borrowed_last_idle_critical_slot_never_leaks_final_reserved_slot_once_critical_backlog_warms ... ok
test borrowed_last_idle_critical_slot_preserves_duplicate_before_guard_reopens ... ok
test borrowed_last_idle_critical_slot_repeated_guard_probes_do_not_flip_fresh_retry_duplicate ... ok
test borrowed_last_idle_critical_slot_small_retry_burst_keeps_guard_outcomes_stable ... ok
test guarded_last_critical_slot_critical_retry_stays_backpressured_until_reserved_headroom_reopens ... ok
test guarded_last_critical_slot_cross_class_retry_burst_flips_once_fresh_id_is_admitted ... ok
test guarded_last_critical_slot_duplicate_probe_wins_before_and_after_guard_block ... ok
test guarded_last_critical_slot_keeps_normal_retry_guard_stable_until_critical_fill_then_dedupes ... ok
test guarded_last_critical_slot_keeps_small_cross_class_retry_burst_stable_until_reopen ... ok
test guarded_last_critical_slot_preserves_cross_class_duplicate_before_reopen ... ok
test guarded_last_critical_slot_retry_burst_keeps_fresh_and_duplicate_outcomes_partitioned ... ok

test result: ok. 17 passed; 0 failed; 0 ignored; 0 measured; 0 filtered out; finished in 0.00s

     Running tests/lane_borrowed_last_slot_cross_class_normal_reopen_bound.rs (/home/qian-qi/.cache/pon-invariant-target/debug/deps/lane_borrowed_last_slot_cross_class_normal_reopen_bound-497637830eb4c747)

running 1 test
test borrowed_last_idle_critical_slot_keeps_cross_class_fresh_retry_unpoisoned_until_normal_reopens ... ok

test result: ok. 1 passed; 0 failed; 0 ignored; 0 measured; 0 filtered out; finished in 0.00s

     Running tests/lane_borrowed_last_slot_full_drain_retry_reuse_bound.rs (/home/qian-qi/.cache/pon-invariant-target/debug/deps/lane_borrowed_last_slot_full_drain_retry_reuse_bound-fd58cc6b75ef9516)

running 1 test
test borrowed_last_critical_slot_reuse_stays_fresh_after_full_drain ... ok

test result: ok. 1 passed; 0 failed; 0 ignored; 0 measured; 0 filtered out; finished in 0.00s

     Running tests/lane_borrowed_last_slot_idempotency_bound.rs (/home/qian-qi/.cache/pon-invariant-target/debug/deps/lane_borrowed_last_slot_idempotency_bound-834a922958daf31d)

running 1 test
test borrowed_last_idle_critical_slot_stays_globally_idempotent_under_saturation ... ok

test result: ok. 1 passed; 0 failed; 0 ignored; 0 measured; 0 filtered out; finished in 0.00s

     Running tests/lane_borrowed_last_slot_probe_noise_stability_bound.rs (/home/qian-qi/.cache/pon-invariant-target/debug/deps/lane_borrowed_last_slot_probe_noise_stability_bound-67d9e2847c53b27c)

running 1 test
test borrowed_last_idle_critical_slot_probe_noise_keeps_qos_snapshot_flat ... ok

test result: ok. 1 passed; 0 failed; 0 ignored; 0 measured; 0 filtered out; finished in 0.00s

     Running tests/lane_borrowed_last_slot_qos_snapshot_duplicate_stability_bound.rs (/home/qian-qi/.cache/pon-invariant-target/debug/deps/lane_borrowed_last_slot_qos_snapshot_duplicate_stability_bound-865faf7f92710bd6)

running 1 test
test borrowed_last_idle_critical_slot_duplicate_and_fresh_probe_noise_keep_qos_snapshot_flat_until_drain ... ok

test result: ok. 1 passed; 0 failed; 0 ignored; 0 measured; 0 filtered out; finished in 0.00s

     Running tests/lane_borrowed_last_slot_qos_snapshot_guard_bound.rs (/home/qian-qi/.cache/pon-invariant-target/debug/deps/lane_borrowed_last_slot_qos_snapshot_guard_bound-a6f14f6b8a3cf22c)

running 1 test
test borrowed_last_idle_critical_slot_snapshot_closes_normal_headroom_until_active_critical_backlog_truly_clears ... ok

test result: ok. 1 passed; 0 failed; 0 ignored; 0 measured; 0 filtered out; finished in 0.00s

     Running tests/lane_borrowed_reserve_guard_before_critical_arrival_bound.rs (/home/qian-qi/.cache/pon-invariant-target/debug/deps/lane_borrowed_reserve_guard_before_critical_arrival_bound-6cddd7e132dfe57d)

running 1 test
test borrowed_normal_spillover_guards_final_reserved_slot_before_any_critical_arrives ... ok

test result: ok. 1 passed; 0 failed; 0 ignored; 0 measured; 0 filtered out; finished in 0.00s

     Running tests/lane_borrowed_slot_critical_refill_closes_normal_headroom_bound.rs (/home/qian-qi/.cache/pon-invariant-target/debug/deps/lane_borrowed_slot_critical_refill_closes_normal_headroom_bound-d5748db95d23cf10)

running 1 test
test borrowed_critical_headroom_closes_to_normal_ingress_after_real_critical_refill ... ok

test result: ok. 1 passed; 0 failed; 0 ignored; 0 measured; 0 filtered out; finished in 0.00s

     Running tests/lane_borrowed_slot_duplicate_probe_recovery_bound.rs (/home/qian-qi/.cache/pon-invariant-target/debug/deps/lane_borrowed_slot_duplicate_probe_recovery_bound-89b253625f1bb605)

running 1 test
test borrowed_last_critical_slot_duplicate_probe_does_not_delay_critical_recovery_after_one_drain ... ok

test result: ok. 1 passed; 0 failed; 0 ignored; 0 measured; 0 filtered out; finished in 0.00s

     Running tests/lane_borrowed_slot_qos_snapshot_stability_bound.rs (/home/qian-qi/.cache/pon-invariant-target/debug/deps/lane_borrowed_slot_qos_snapshot_stability_bound-31d647b05502bdaa)

running 1 test
test borrowed_last_idle_critical_slot_keeps_qos_snapshot_flat_across_retry_and_duplicate_noise ... ok

test result: ok. 1 passed; 0 failed; 0 ignored; 0 measured; 0 filtered out; finished in 0.00s

     Running tests/lane_borrowed_slot_saturation_idempotency_bound.rs (/home/qian-qi/.cache/pon-invariant-target/debug/deps/lane_borrowed_slot_saturation_idempotency_bound-a81cb16e7d6eccc8)

running 1 test
test borrowed_last_reserved_slot_keeps_duplicate_semantics_while_saturated ... ok

test result: ok. 1 passed; 0 failed; 0 ignored; 0 measured; 0 filtered out; finished in 0.00s

     Running tests/lane_critical_preemption_bound.rs (/home/qian-qi/.cache/pon-invariant-target/debug/deps/lane_critical_preemption_bound-59163c84898ce64a)

running 1 test
test newly_arrived_critical_backlog_preempts_normal_flood_on_next_dequeue ... ok

test result: ok. 1 passed; 0 failed; 0 ignored; 0 measured; 0 filtered out; finished in 0.00s

     Running tests/lane_critical_preemption_warm_bound.rs (/home/qian-qi/.cache/pon-invariant-target/debug/deps/lane_critical_preemption_warm_bound-b287d8dd2104b3d6)

running 1 test
test newly_arrived_critical_backlog_preempts_normal_flood_without_extra_normal_turn ... ok

test result: ok. 1 passed; 0 failed; 0 ignored; 0 measured; 0 filtered out; finished in 0.00s

     Running tests/lane_critical_spillover_dedicated_normal_headroom_bound.rs (/home/qian-qi/.cache/pon-invariant-target/debug/deps/lane_critical_spillover_dedicated_normal_headroom_bound-d3ead6417a6da06f)

running 1 test
test critical_spillover_requires_real_dedicated_normal_headroom_and_reopens_after_drain ... ok

test result: ok. 1 passed; 0 failed; 0 ignored; 0 measured; 0 filtered out; finished in 0.00s

     Running tests/lane_critical_spillover_headroom_qos_stability_bound.rs (/home/qian-qi/.cache/pon-invariant-target/debug/deps/lane_critical_spillover_headroom_qos_stability_bound-87cf19094d09dd60)

running 1 test
test critical_only_spillover_headroom_keeps_normal_closed_until_real_critical_refill ... ok

test result: ok. 1 passed; 0 failed; 0 ignored; 0 measured; 0 filtered out; finished in 0.00s

     Running tests/lane_critical_spillover_only_headroom_qos_contract_bound.rs (/home/qian-qi/.cache/pon-invariant-target/debug/deps/lane_critical_spillover_only_headroom_qos_contract_bound-66686a1b4eaf76ec)

running 1 test
test critical_spillover_only_headroom_keeps_normal_closed_across_duplicate_and_retry_noise ... ok

test result: ok. 1 passed; 0 failed; 0 ignored; 0 measured; 0 filtered out; finished in 0.00s

     Running tests/lane_cross_class_duplicate_probe_no_prewarm_bound.rs (/home/qian-qi/.cache/pon-invariant-target/debug/deps/lane_cross_class_duplicate_probe_no_prewarm_bound-f5ae7b6e36bf7d08)

running 1 test
test cross_class_duplicate_probe_does_not_prewarm_fairness_before_real_normal_backlog ... ok

test result: ok. 1 passed; 0 failed; 0 ignored; 0 measured; 0 filtered out; finished in 0.00s

     Running tests/lane_duplicate_probe_warm_fairness_bound.rs (/home/qian-qi/.cache/pon-invariant-target/debug/deps/lane_duplicate_probe_warm_fairness_bound-9ec0d0257be3274c)

running 1 test
test duplicate_probe_noise_does_not_cool_warm_fairness_with_active_dual_backlog ... ok

test result: ok. 1 passed; 0 failed; 0 ignored; 0 measured; 0 filtered out; finished in 0.00s

     Running tests/lane_fairness_bound.rs (/home/qian-qi/.cache/pon-invariant-target/debug/deps/lane_fairness_bound-2cca8075b835c51b)

running 8 tests
test critical_spillover_in_normal_lane_gets_turn_within_one_pop_under_critical_pressure ... ok
test duplicate_probe_noise_does_not_make_warm_fairness_skip_oldest_normal ... ok
test fairness_warmup_serves_oldest_normal_first_under_active_critical_backlog ... ok
test full_drain_resets_fairness_streak_so_next_critical_is_not_delayed ... ok
test mixed_batch_after_full_drain_still_grants_normal_turn_within_one_pop ... ok
test normal_backlog_gets_service_within_one_pop_after_arrival_under_critical_pressure ... ok
test reserve_only_borrowed_normal_does_not_preempt_already_queued_critical ... ok
test sustained_critical_pressure_with_normal_backlog_keeps_normal_latency_bounded ... ok

test result: ok. 8 passed; 0 failed; 0 ignored; 0 measured; 0 filtered out; finished in 0.00s

     Running tests/lane_fairness_idle_reset_bound.rs (/home/qian-qi/.cache/pon-invariant-target/debug/deps/lane_fairness_idle_reset_bound-e982e1b13ab9be82)

running 1 test
test drained_lane_resets_fairness_before_new_critical_arrival ... ok

test result: ok. 1 passed; 0 failed; 0 ignored; 0 measured; 0 filtered out; finished in 0.00s

     Running tests/lane_fairness_warm_persistence_bound.rs (/home/qian-qi/.cache/pon-invariant-target/debug/deps/lane_fairness_warm_persistence_bound-0707f90e60656317)

running 1 test
test fairness_stays_warm_after_serving_one_normal_while_dual_backlog_remains ... ok

test result: ok. 1 passed; 0 failed; 0 ignored; 0 measured; 0 filtered out; finished in 0.00s

     Running tests/lane_fairness_warm_saturated_probe_persistence_bound.rs (/home/qian-qi/.cache/pon-invariant-target/debug/deps/lane_fairness_warm_saturated_probe_persistence_bound-e360b9de05726127)

running 1 test
test warmed_fairness_survives_saturated_fresh_probe_noise_after_first_normal_turn ... ok

test result: ok. 1 passed; 0 failed; 0 ignored; 0 measured; 0 filtered out; finished in 0.00s

     Running tests/lane_free_ingress_recovery_bound.rs (/home/qian-qi/.cache/pon-invariant-target/debug/deps/lane_free_ingress_recovery_bound-434305800de30fe3)

running 8 tests
test active_critical_backlog_blocks_normal_from_borrowing_last_reserved_slot ... ok
test active_critical_backlog_reopens_normal_retry_only_after_reserved_slot_is_truly_free ... ok
test borrowed_last_critical_slot_keeps_duplicate_probe_duplicate_while_guarded ... ok
test borrowed_last_critical_slot_keeps_fresh_critical_retry_backpressured_until_drain ... ok
test borrowed_last_critical_slot_recovers_to_critical_progress_after_one_dequeue ... ok
test reserve_only_backpressured_critical_id_remains_fresh_after_one_drain ... ok
test reserve_only_backpressured_critical_id_stays_fresh_across_cross_class_retries_until_drain ... ok
test reserve_only_backpressured_normal_id_stays_fresh_across_cross_class_retries_until_drain ... ok

test result: ok. 8 passed; 0 failed; 0 ignored; 0 measured; 0 filtered out; finished in 0.00s

     Running tests/lane_free_ingress_throughput_bound.rs (/home/qian-qi/.cache/pon-invariant-target/debug/deps/lane_free_ingress_throughput_bound-3e022142eafea3d2)

running 12 tests
test reserve_only_borrowed_normal_ingress_preserves_cross_class_idempotency_until_drain ... ok
test reserve_only_critical_ingress_preserves_cross_class_idempotency_until_drain ... ok
test reserve_only_full_drain_resets_idempotency_for_immediate_free_ingress_reuse ... ok
test reserve_only_mixed_ingress_keeps_fifo_progress_without_fairness_detours ... ok
test reserve_only_split_backpressured_id_is_not_poisoned_across_class_after_drain ... ok
test reserve_only_split_backpressured_id_is_not_poisoned_on_same_class_retry_after_drain ... ok
test reserve_only_split_backpressures_fresh_normal_ingress_once_borrowed_headroom_is_full ... ok
test reserve_only_split_fresh_backpressured_id_stays_backpressured_across_retries_until_drain ... ok
test reserve_only_split_keeps_normal_free_ingress_live_while_critical_headroom_exists ... ok
test reserve_only_split_repeated_retry_noise_keeps_fresh_backpressured_id_recoverable ... ok
test zero_capacity_duplicate_probe_noise_does_not_poison_cross_class_retry_after_recovery ... ok
test zero_reserve_critical_ingress_uses_free_normal_headroom_without_dedicated_critical_lane ... ok

test result: ok. 12 passed; 0 failed; 0 ignored; 0 measured; 0 filtered out; finished in 0.00s

     Running tests/lane_full_drain_backpressured_retry_recovery_bound.rs (/home/qian-qi/.cache/pon-invariant-target/debug/deps/lane_full_drain_backpressured_retry_recovery_bound-2cf16eeefc2c1515)

running 8 tests
test critical_retry_bursts_stay_backpressured_once_normal_headroom_is_exhausted ... ok
test full_drain_after_saturated_backpressure_keeps_fresh_cross_class_retry_admissible ... ok
test repeated_idle_polls_after_full_drain_do_not_resurrect_backpressured_retry_metadata ... ok
test repeated_same_id_saturated_retries_stay_backpressured_until_one_slot_reopens ... ok
test reserved_critical_slot_accepts_one_critical_retry_then_rebounds_normal_retries ... ok
test reserved_critical_slot_keeps_unsaturated_normal_retry_burst_backpressured_until_drain ... ok
test reserved_slot_reopens_normal_retry_once_critical_backlog_clears ... ok
test saturated_retry_burst_keeps_queue_counts_stable_until_headroom_reopens ... ok

test result: ok. 8 passed; 0 failed; 0 ignored; 0 measured; 0 filtered out; finished in 0.00s

     Running tests/lane_full_drain_saturated_probe_reset_bound.rs (/home/qian-qi/.cache/pon-invariant-target/debug/deps/lane_full_drain_saturated_probe_reset_bound-d20804f0e17b531a)

running 1 test
test saturated_probe_noise_before_full_drain_does_not_warm_next_batch ... ok

test result: ok. 1 passed; 0 failed; 0 ignored; 0 measured; 0 filtered out; finished in 0.00s

     Running tests/lane_full_drain_warm_duplicate_probe_fairness_reset_bound.rs (/home/qian-qi/.cache/pon-invariant-target/debug/deps/lane_full_drain_warm_duplicate_probe_fairness_reset_bound-da735fd294609be6)

running 1 test
test full_drain_after_warm_duplicate_probes_cold_resets_next_mixed_batch ... ok

test result: ok. 1 passed; 0 failed; 0 ignored; 0 measured; 0 filtered out; finished in 0.00s

     Running tests/lane_guarded_critical_refill_duplicate_qos_stability_bound.rs (/home/qian-qi/.cache/pon-invariant-target/debug/deps/lane_guarded_critical_refill_duplicate_qos_stability_bound-936c2197dabb7539)

running 1 test
test guarded_critical_refill_duplicate_probes_keep_qos_and_queue_counts_flat ... ok

test result: ok. 1 passed; 0 failed; 0 ignored; 0 measured; 0 filtered out; finished in 0.00s

     Running tests/lane_guarded_critical_refill_fresh_normal_probe_stability_bound.rs (/home/qian-qi/.cache/pon-invariant-target/debug/deps/lane_guarded_critical_refill_fresh_normal_probe_stability_bound-4ababe33c50f45cf)

running 1 test
test guarded_critical_refill_fresh_normal_probes_keep_qos_and_queue_counts_flat_until_real_critical_refill ... ok

test result: ok. 1 passed; 0 failed; 0 ignored; 0 measured; 0 filtered out; finished in 0.00s

     Running tests/lane_guarded_fresh_critical_cross_class_retry_bound.rs (/home/qian-qi/.cache/pon-invariant-target/debug/deps/lane_guarded_fresh_critical_cross_class_retry_bound-dbe18ce333c3ec75)

running 1 test
test guarded_fresh_critical_cross_class_retry_stays_fresh_and_admits_on_critical_path ... ok

test result: ok. 1 passed; 0 failed; 0 ignored; 0 measured; 0 filtered out; finished in 0.00s

     Running tests/lane_guarded_fresh_normal_reopens_after_final_critical_drain_bound.rs (/home/qian-qi/.cache/pon-invariant-target/debug/deps/lane_guarded_fresh_normal_reopens_after_final_critical_drain_bound-52a940be5e3b8f22)

running 1 test
test guarded_fresh_normal_reopens_as_fresh_after_final_critical_drain ... ok

test result: ok. 1 passed; 0 failed; 0 ignored; 0 measured; 0 filtered out; finished in 0.00s

     Running tests/lane_guarded_fresh_normal_retry_cross_class_critical_claim_bound.rs (/home/qian-qi/.cache/pon-invariant-target/debug/deps/lane_guarded_fresh_normal_retry_cross_class_critical_claim_bound-2172b1dba8a33f81)

running 1 test
test guarded_fresh_normal_retry_does_not_poison_cross_class_critical_claim_on_last_reserved_slot ... ok

test result: ok. 1 passed; 0 failed; 0 ignored; 0 measured; 0 filtered out; finished in 0.00s

     Running tests/lane_guarded_last_reserved_public_contract_bound.rs (/home/qian-qi/.cache/pon-invariant-target/debug/deps/lane_guarded_last_reserved_public_contract_bound-e421b6201f85b564)

running 1 test
test guarded_last_reserved_slot_keeps_public_qos_surface_honest ... ok

test result: ok. 1 passed; 0 failed; 0 ignored; 0 measured; 0 filtered out; finished in 0.00s

     Running tests/lane_guarded_last_reserved_reopen_duplicate_stability_bound.rs (/home/qian-qi/.cache/pon-invariant-target/debug/deps/lane_guarded_last_reserved_reopen_duplicate_stability_bound-e025edb478536546)

running 1 test
test guarded_last_reserved_reopens_cleanly_after_final_critical_drain_despite_cross_class_duplicate_noise ... ok

test result: ok. 1 passed; 0 failed; 0 ignored; 0 measured; 0 filtered out; finished in 0.00s

     Running tests/lane_guarded_normal_retry_qos_reopen_bound.rs (/home/qian-qi/.cache/pon-invariant-target/debug/deps/lane_guarded_normal_retry_qos_reopen_bound-9f6c4ad43cccc194)

running 1 test
test guarded_normal_retry_noise_stays_fresh_and_qos_flat_until_reserved_slot_reopens ... ok

test result: ok. 1 passed; 0 failed; 0 ignored; 0 measured; 0 filtered out; finished in 0.00s

     Running tests/lane_guarded_slot_accounting_partition_bound.rs (/home/qian-qi/.cache/pon-invariant-target/debug/deps/lane_guarded_slot_accounting_partition_bound-ca420fca1fd48d7a)

running 1 test
test guarded_last_reserved_slot_keeps_duplicate_vs_fresh_retry_accounting_flat_until_reopen ... ok

test result: ok. 1 passed; 0 failed; 0 ignored; 0 measured; 0 filtered out; finished in 0.00s

     Running tests/lane_guarded_slot_duplicate_partition_bound.rs (/home/qian-qi/.cache/pon-invariant-target/debug/deps/lane_guarded_slot_duplicate_partition_bound-d97957538e75e4c9)

running 1 test
test guarded_last_reserved_slot_keeps_fresh_normal_backpressured_while_duplicate_critical_stays_duplicate ... ok

test result: ok. 1 passed; 0 failed; 0 ignored; 0 measured; 0 filtered out; finished in 0.00s

     Running tests/lane_idempotency_bound.rs (/home/qian-qi/.cache/pon-invariant-target/debug/deps/lane_idempotency_bound-4fb1ce211999e910)

running 3 tests
test backpressured_id_does_not_poison_cross_class_retry_after_capacity_recovers ... ok
test reserve_only_saturated_lane_keeps_borrowed_duplicate_classification ... ok
test saturated_lane_preserves_duplicate_vs_backpressure_contract ... ok

test result: ok. 3 passed; 0 failed; 0 ignored; 0 measured; 0 filtered out; finished in 0.00s

     Running tests/lane_idle_last_slot_stale_duplicate_borrow_bound.rs (/home/qian-qi/.cache/pon-invariant-target/debug/deps/lane_idle_last_slot_stale_duplicate_borrow_bound-ca2dc317a370dd0a)

running 1 test
test stale_duplicate_memory_after_full_critical_drain_does_not_block_idle_last_slot_borrow ... ok

test result: ok. 1 passed; 0 failed; 0 ignored; 0 measured; 0 filtered out; finished in 0.00s

     Running tests/lane_idle_pop_noop_reset_bound.rs (/home/qian-qi/.cache/pon-invariant-target/debug/deps/lane_idle_pop_noop_reset_bound-57781a0c38418d00)

running 1 test
test repeated_empty_pop_after_full_drain_does_not_poison_next_batch_fairness_or_reuse ... ok

test result: ok. 1 passed; 0 failed; 0 ignored; 0 measured; 0 filtered out; finished in 0.00s

     Running tests/lane_idle_reset_cross_class_reuse_bound.rs (/home/qian-qi/.cache/pon-invariant-target/debug/deps/lane_idle_reset_cross_class_reuse_bound-52d8d1a55c9076cc)

running 1 test
test drained_lane_allows_cross_class_reuse_without_stale_duplicate_or_fairness_bias ... ok

test result: ok. 1 passed; 0 failed; 0 ignored; 0 measured; 0 filtered out; finished in 0.00s

     Running tests/lane_oversized_reserve_single_slot_reopen_duplicate_stability_bound.rs (/home/qian-qi/.cache/pon-invariant-target/debug/deps/lane_oversized_reserve_single_slot_reopen_duplicate_stability_bound-2b5bb90c957126d9)

running 1 test
test oversized_reserve_single_slot_reopen_stays_stable_across_duplicate_probe_noise ... ok

test result: ok. 1 passed; 0 failed; 0 ignored; 0 measured; 0 filtered out; finished in 0.00s

     Running tests/lane_probe_warm_fairness_persistence_bound.rs (/home/qian-qi/.cache/pon-invariant-target/debug/deps/lane_probe_warm_fairness_persistence_bound-091c8d93f2f2acc6)

running 1 test
test duplicate_probe_noise_does_not_cool_warm_fairness_with_dual_backlog ... ok

test result: ok. 1 passed; 0 failed; 0 ignored; 0 measured; 0 filtered out; finished in 0.00s

     Running tests/lane_qos_snapshot_borrowed_last_slot_reopen_bound.rs (/home/qian-qi/.cache/pon-invariant-target/debug/deps/lane_qos_snapshot_borrowed_last_slot_reopen_bound-6ddf7e8b0bfcd1e0)

running 1 test
test qos_snapshot_reopens_borrowable_last_reserved_slot_after_borrowed_occupant_drains ... ok

test result: ok. 1 passed; 0 failed; 0 ignored; 0 measured; 0 filtered out; finished in 0.00s

     Running tests/lane_qos_snapshot_borrowed_slot_guard_flip_bound.rs (/home/qian-qi/.cache/pon-invariant-target/debug/deps/lane_qos_snapshot_borrowed_slot_guard_flip_bound-a7875049e10a8fd3)

running 1 test
test qos_snapshot_flips_from_borrowable_to_guarded_once_critical_backlog_claims_final_reserved_slot ... ok

test result: ok. 1 passed; 0 failed; 0 ignored; 0 measured; 0 filtered out; finished in 0.00s

     Running tests/lane_qos_snapshot_guard_mixed_probe_stability_bound.rs (/home/qian-qi/.cache/pon-invariant-target/debug/deps/lane_qos_snapshot_guard_mixed_probe_stability_bound-a986d42c77a962b5)

running 1 test
test qos_snapshot_stays_flat_across_mixed_probe_noise_while_last_reserved_slot_is_guarded ... ok

test result: ok. 1 passed; 0 failed; 0 ignored; 0 measured; 0 filtered out; finished in 0.00s

     Running tests/lane_qos_snapshot_guard_probe_stability_bound.rs (/home/qian-qi/.cache/pon-invariant-target/debug/deps/lane_qos_snapshot_guard_probe_stability_bound-24a480e2aefbdf56)

running 1 test
test qos_snapshot_stays_stable_while_last_reserved_critical_slot_is_guarded ... ok

test result: ok. 1 passed; 0 failed; 0 ignored; 0 measured; 0 filtered out; finished in 0.00s

     Running tests/lane_qos_snapshot_guard_reopen_bound.rs (/home/qian-qi/.cache/pon-invariant-target/debug/deps/lane_qos_snapshot_guard_reopen_bound-3411c18908dd1acd)

running 1 test
test qos_snapshot_keeps_normal_guard_closed_until_last_active_critical_slot_truly_clears ... ok

test result: ok. 1 passed; 0 failed; 0 ignored; 0 measured; 0 filtered out; finished in 0.00s

     Running tests/lane_qos_snapshot_guard_reopen_duplicate_noise_bound.rs (/home/qian-qi/.cache/pon-invariant-target/debug/deps/lane_qos_snapshot_guard_reopen_duplicate_noise_bound-9148db220648aeb1)

running 1 test
test qos_snapshot_keeps_reopened_last_reserved_critical_slot_stable_under_duplicate_and_retry_noise ... ok

test result: ok. 1 passed; 0 failed; 0 ignored; 0 measured; 0 filtered out; finished in 0.00s

     Running tests/lane_qos_snapshot_guarded_reopen_cross_class_retry_stability_bound.rs (/home/qian-qi/.cache/pon-invariant-target/debug/deps/lane_qos_snapshot_guarded_reopen_cross_class_retry_stability_bound-50cb97730385b36d)

running 1 test
test reopened_last_reserved_critical_slot_stays_guarded_across_cross_class_duplicate_and_retry_noise ... ok

test result: ok. 1 passed; 0 failed; 0 ignored; 0 measured; 0 filtered out; finished in 0.00s

     Running tests/lane_qos_snapshot_guarded_reopen_probe_stability_bound.rs (/home/qian-qi/.cache/pon-invariant-target/debug/deps/lane_qos_snapshot_guarded_reopen_probe_stability_bound-3d6647336a07e7eb)

running 1 test
test qos_snapshot_stays_stable_when_last_reserved_critical_slot_is_still_guarded_after_reopen ... ok

test result: ok. 1 passed; 0 failed; 0 ignored; 0 measured; 0 filtered out; finished in 0.00s

     Running tests/lane_qos_snapshot_probe_stability_bound.rs (/home/qian-qi/.cache/pon-invariant-target/debug/deps/lane_qos_snapshot_probe_stability_bound-1c5a400268ed14de)

running 1 test
test qos_snapshot_stays_stable_across_guarded_fresh_and_duplicate_probe_noise ... ok

test result: ok. 1 passed; 0 failed; 0 ignored; 0 measured; 0 filtered out; finished in 0.00s

     Running tests/lane_qos_snapshot_reserve_only_drain_only_duplicate_retention_bound.rs (/home/qian-qi/.cache/pon-invariant-target/debug/deps/lane_qos_snapshot_reserve_only_drain_only_duplicate_retention_bound-d72824fd6e831da0)

running 1 test
test reserve_only_drain_only_duplicate_retention_keeps_shared_snapshot_closed_until_survivor_drains ... ok

test result: ok. 1 passed; 0 failed; 0 ignored; 0 measured; 0 filtered out; finished in 0.00s

     Running tests/lane_qos_snapshot_reserve_only_drain_only_full_drain_releases_duplicate_retention_bound.rs (/home/qian-qi/.cache/pon-invariant-target/debug/deps/lane_qos_snapshot_reserve_only_drain_only_full_drain_releases_duplicate_retention_bound-fa81f6ed9f60d135)

running 1 test
test reserve_only_drain_only_full_drain_releases_duplicate_retention_and_restores_shared_headroom ... ok

test result: ok. 1 passed; 0 failed; 0 ignored; 0 measured; 0 filtered out; finished in 0.00s

     Running tests/lane_qos_snapshot_reserve_only_drain_only_full_drain_releases_multi_refill_duplicate_retention_bound.rs (/home/qian-qi/.cache/pon-invariant-target/debug/deps/lane_qos_snapshot_reserve_only_drain_only_full_drain_releases_multi_refill_duplicate_retention_bound-1c2f9049b8ae2933)

running 1 test
test reserve_only_drain_only_full_drain_releases_multi_refill_duplicate_retention_and_restores_cross_class_reuse ... ok

test result: ok. 1 passed; 0 failed; 0 ignored; 0 measured; 0 filtered out; finished in 0.00s

     Running tests/lane_qos_snapshot_reserve_only_drain_only_full_drain_releases_refilled_duplicate_retention_bound.rs (/home/qian-qi/.cache/pon-invariant-target/debug/deps/lane_qos_snapshot_reserve_only_drain_only_full_drain_releases_refilled_duplicate_retention_bound-8699d55748bd7328)

running 1 test
test reserve_only_drain_only_full_drain_releases_refilled_duplicate_retention_and_restores_shared_reuse ... ok

test result: ok. 1 passed; 0 failed; 0 ignored; 0 measured; 0 filtered out; finished in 0.00s

     Running tests/lane_qos_snapshot_reserve_only_drain_only_multi_refill_probe_stability_bound.rs (/home/qian-qi/.cache/pon-invariant-target/debug/deps/lane_qos_snapshot_reserve_only_drain_only_multi_refill_probe_stability_bound-153edf1eb3f6243f)

running 1 test
test reserve_only_drain_only_qos_snapshot_preserves_multi_slot_refill_visibility_across_duplicate_noise ... ok

test result: ok. 1 passed; 0 failed; 0 ignored; 0 measured; 0 filtered out; finished in 0.00s

     Running tests/lane_qos_snapshot_reserve_only_drain_only_refilled_survivor_duplicate_stability_bound.rs (/home/qian-qi/.cache/pon-invariant-target/debug/deps/lane_qos_snapshot_reserve_only_drain_only_refilled_survivor_duplicate_stability_bound-a1b9ea3f3c31c872)

running 1 test
test reserve_only_drain_only_refilled_lane_keeps_survivor_duplicate_noise_from_masking_reopened_headroom ... ok

test result: ok. 1 passed; 0 failed; 0 ignored; 0 measured; 0 filtered out; finished in 0.00s

     Running tests/lane_qos_snapshot_reserve_only_drained_id_cross_class_reuse_bound.rs (/home/qian-qi/.cache/pon-invariant-target/debug/deps/lane_qos_snapshot_reserve_only_drained_id_cross_class_reuse_bound-0081e47078279562)

running 1 test
test reserve_only_drained_id_can_cross_class_reuse_reopened_slot_while_survivor_stays_duplicate ... ok

test result: ok. 1 passed; 0 failed; 0 ignored; 0 measured; 0 filtered out; finished in 0.00s

     Running tests/lane_qos_snapshot_reserve_only_drained_retry_duplicate_noise_bound.rs (/home/qian-qi/.cache/pon-invariant-target/debug/deps/lane_qos_snapshot_reserve_only_drained_retry_duplicate_noise_bound-787850554d8b7d48)

running 1 test
test reserve_only_reopened_snapshot_survives_duplicate_noise_before_drained_retry_resaturates ... ok

test result: ok. 1 passed; 0 failed; 0 ignored; 0 measured; 0 filtered out; finished in 0.00s

     Running tests/lane_qos_snapshot_reserve_only_drained_retry_reopen_bound.rs (/home/qian-qi/.cache/pon-invariant-target/debug/deps/lane_qos_snapshot_reserve_only_drained_retry_reopen_bound-94597101f43edfe7)

running 1 test
test reserve_only_qos_snapshot_reopen_allows_drained_id_retry_across_ingress_classes ... ok

test result: ok. 1 passed; 0 failed; 0 ignored; 0 measured; 0 filtered out; finished in 0.00s

     Running tests/lane_qos_snapshot_reserve_only_drained_retry_resaturates_bound.rs (/home/qian-qi/.cache/pon-invariant-target/debug/deps/lane_qos_snapshot_reserve_only_drained_retry_resaturates_bound-ed75bba5c7b332f5)

running 1 test
test reserve_only_drained_retry_resaturates_snapshot_and_backpressures_fresh_cross_class_probe ... ok

test result: ok. 1 passed; 0 failed; 0 ignored; 0 measured; 0 filtered out; finished in 0.00s

     Running tests/lane_qos_snapshot_reserve_only_drained_retry_same_class_noise_bound.rs (/home/qian-qi/.cache/pon-invariant-target/debug/deps/lane_qos_snapshot_reserve_only_drained_retry_same_class_noise_bound-80078f000e2decf6)

running 1 test
test reserve_only_reopened_snapshot_survives_duplicate_noise_before_same_class_drained_retry_resaturates ... ok

test result: ok. 1 passed; 0 failed; 0 ignored; 0 measured; 0 filtered out; finished in 0.00s

     Running tests/lane_qos_snapshot_reserve_only_duplicate_then_refill_cross_class_freeze_bound.rs (/home/qian-qi/.cache/pon-invariant-target/debug/deps/lane_qos_snapshot_reserve_only_duplicate_then_refill_cross_class_freeze_bound-f5b762ce6251cde2)

running 1 test
test reserve_only_duplicate_probe_does_not_consume_reopened_shared_slot_before_cross_class_refill_refreezes_it ... ok

test result: ok. 1 passed; 0 failed; 0 ignored; 0 measured; 0 filtered out; finished in 0.00s

     Running tests/lane_qos_snapshot_reserve_only_duplicate_then_refill_cross_class_freeze_symmetry_bound.rs (/home/qian-qi/.cache/pon-invariant-target/debug/deps/lane_qos_snapshot_reserve_only_duplicate_then_refill_cross_class_freeze_symmetry_bound-04006e9ad2ce1cb8)

running 1 test
test reserve_only_duplicate_probe_does_not_consume_reopened_shared_slot_before_cross_class_refill_refreezes_it_symmetrically ... ok

test result: ok. 1 passed; 0 failed; 0 ignored; 0 measured; 0 filtered out; finished in 0.00s

     Running tests/lane_qos_snapshot_reserve_only_full_drain_releases_duplicate_retention_bound.rs (/home/qian-qi/.cache/pon-invariant-target/debug/deps/lane_qos_snapshot_reserve_only_full_drain_releases_duplicate_retention_bound-08debc8f818e3ff6)

running 1 test
test reserve_only_full_drain_releases_duplicate_retention_and_restores_shared_headroom ... ok

test result: ok. 1 passed; 0 failed; 0 ignored; 0 measured; 0 filtered out; finished in 0.00s

     Running tests/lane_qos_snapshot_reserve_only_full_drain_releases_refilled_duplicate_retention_bound.rs (/home/qian-qi/.cache/pon-invariant-target/debug/deps/lane_qos_snapshot_reserve_only_full_drain_releases_refilled_duplicate_retention_bound-62dbab048458b20a)

running 1 test
test reserve_only_full_drain_releases_refilled_duplicate_retention_and_restores_cross_class_reuse ... ok

test result: ok. 1 passed; 0 failed; 0 ignored; 0 measured; 0 filtered out; finished in 0.00s

     Running tests/lane_qos_snapshot_reserve_only_idle_poll_stability_bound.rs (/home/qian-qi/.cache/pon-invariant-target/debug/deps/lane_qos_snapshot_reserve_only_idle_poll_stability_bound-8833025bf39a01ad)

running 1 test
test reserve_only_qos_snapshot_stays_cold_and_reopened_across_idle_polls_after_full_drain ... ok

test result: ok. 1 passed; 0 failed; 0 ignored; 0 measured; 0 filtered out; finished in 0.00s

     Running tests/lane_qos_snapshot_reserve_only_immediate_reopen_bound.rs (/home/qian-qi/.cache/pon-invariant-target/debug/deps/lane_qos_snapshot_reserve_only_immediate_reopen_bound-7c177c936230dc4e)

running 1 test
test reserve_only_qos_snapshot_reopens_immediately_after_last_borrowed_slot_drains ... ok

test result: ok. 1 passed; 0 failed; 0 ignored; 0 measured; 0 filtered out; finished in 0.00s

     Running tests/lane_qos_snapshot_reserve_only_multi_refill_mixed_probe_stability_bound.rs (/home/qian-qi/.cache/pon-invariant-target/debug/deps/lane_qos_snapshot_reserve_only_multi_refill_mixed_probe_stability_bound-3e11bfb925191e74)

running 1 test
test reserve_only_qos_snapshot_preserves_multi_slot_refill_visibility_across_mixed_probe_noise ... ok

test result: ok. 1 passed; 0 failed; 0 ignored; 0 measured; 0 filtered out; finished in 0.00s

     Running tests/lane_qos_snapshot_reserve_only_multi_refill_probe_stability_bound.rs (/home/qian-qi/.cache/pon-invariant-target/debug/deps/lane_qos_snapshot_reserve_only_multi_refill_probe_stability_bound-a82e23db365fcd1d)

running 1 test
test reserve_only_qos_snapshot_preserves_multi_slot_refill_visibility_across_duplicate_noise ... ok

test result: ok. 1 passed; 0 failed; 0 ignored; 0 measured; 0 filtered out; finished in 0.00s

     Running tests/lane_qos_snapshot_reserve_only_probe_stability_bound.rs (/home/qian-qi/.cache/pon-invariant-target/debug/deps/lane_qos_snapshot_reserve_only_probe_stability_bound-c21046151731ca76)

running 1 test
test reserve_only_qos_snapshot_stays_stable_across_shared_lane_probe_noise ... ok

test result: ok. 1 passed; 0 failed; 0 ignored; 0 measured; 0 filtered out; finished in 0.00s

     Running tests/lane_qos_snapshot_reserve_only_refill_boundary_bound.rs (/home/qian-qi/.cache/pon-invariant-target/debug/deps/lane_qos_snapshot_reserve_only_refill_boundary_bound-78db4a0cf6bcc642)

running 1 test
test reserve_only_qos_snapshot_preserves_refill_visibility_across_duplicate_probe_noise ... ok

test result: ok. 1 passed; 0 failed; 0 ignored; 0 measured; 0 filtered out; finished in 0.00s

     Running tests/lane_qos_snapshot_reserve_only_refill_cross_class_noise_bound.rs (/home/qian-qi/.cache/pon-invariant-target/debug/deps/lane_qos_snapshot_reserve_only_refill_cross_class_noise_bound-b19581decc409839)

running 1 test
test reserve_only_refilled_shared_slot_stays_closed_under_cross_class_duplicate_noise ... ok

test result: ok. 1 passed; 0 failed; 0 ignored; 0 measured; 0 filtered out; finished in 0.00s

     Running tests/lane_qos_snapshot_reserve_only_refill_duplicate_retention_bound.rs (/home/qian-qi/.cache/pon-invariant-target/debug/deps/lane_qos_snapshot_reserve_only_refill_duplicate_retention_bound-18116ec39f6e5929)

running 1 test
test reserve_only_refilled_shared_slot_keeps_duplicate_retention_without_masking_reopened_headroom ... ok

test result: ok. 1 passed; 0 failed; 0 ignored; 0 measured; 0 filtered out; finished in 0.00s

     Running tests/lane_qos_snapshot_reserve_only_refill_from_critical_bound.rs (/home/qian-qi/.cache/pon-invariant-target/debug/deps/lane_qos_snapshot_reserve_only_refill_from_critical_bound-f33dfe39c4e38e3d)

running 1 test
test reserve_only_qos_snapshot_closes_when_critical_consumes_last_refill_slot_after_duplicate_noise ... ok

test result: ok. 1 passed; 0 failed; 0 ignored; 0 measured; 0 filtered out; finished in 0.00s

     Running tests/lane_qos_snapshot_reserve_only_refill_from_normal_bound.rs (/home/qian-qi/.cache/pon-invariant-target/debug/deps/lane_qos_snapshot_reserve_only_refill_from_normal_bound-2a2269c90ef3f844)

running 1 test
test reserve_only_qos_snapshot_closes_when_normal_consumes_last_refill_slot_after_duplicate_noise ... ok

test result: ok. 1 passed; 0 failed; 0 ignored; 0 measured; 0 filtered out; finished in 0.00s

     Running tests/lane_qos_snapshot_reserve_only_refilled_survivor_reopen_duplicate_stability_bound.rs (/home/qian-qi/.cache/pon-invariant-target/debug/deps/lane_qos_snapshot_reserve_only_refilled_survivor_reopen_duplicate_stability_bound-3121dd98e3feca74)

running 1 test
test reserve_only_refilled_survivor_drain_reopens_shared_slot_without_duplicate_masking ... ok

test result: ok. 1 passed; 0 failed; 0 ignored; 0 measured; 0 filtered out; finished in 0.00s

     Running tests/lane_qos_snapshot_reserve_only_reopen_critical_refill_bound.rs (/home/qian-qi/.cache/pon-invariant-target/debug/deps/lane_qos_snapshot_reserve_only_reopen_critical_refill_bound-d840e89354f0d618)

running 1 test
test reserve_only_qos_snapshot_closes_when_critical_consumes_reopened_shared_slot_after_duplicate_noise ... ok

test result: ok. 1 passed; 0 failed; 0 ignored; 0 measured; 0 filtered out; finished in 0.00s

     Running tests/lane_qos_snapshot_reserve_only_reopen_cross_class_duplicate_stability_bound.rs (/home/qian-qi/.cache/pon-invariant-target/debug/deps/lane_qos_snapshot_reserve_only_reopen_cross_class_duplicate_stability_bound-6c3abdb2dc9acfa1)

running 1 test
test reserve_only_qos_snapshot_reopened_shared_slot_survives_cross_class_duplicate_noise ... ok

test result: ok. 1 passed; 0 failed; 0 ignored; 0 measured; 0 filtered out; finished in 0.00s

     Running tests/lane_qos_snapshot_reserve_only_reopen_idle_stability_bound.rs (/home/qian-qi/.cache/pon-invariant-target/debug/deps/lane_qos_snapshot_reserve_only_reopen_idle_stability_bound-e35222fc17454dae)

running 1 test
test reserve_only_qos_snapshot_keeps_reopened_shared_slot_visible_across_idle_polls_and_duplicate_noise ... ok

test result: ok. 1 passed; 0 failed; 0 ignored; 0 measured; 0 filtered out; finished in 0.00s

     Running tests/lane_qos_snapshot_reserve_only_reopen_mixed_duplicate_stability_bound.rs (/home/qian-qi/.cache/pon-invariant-target/debug/deps/lane_qos_snapshot_reserve_only_reopen_mixed_duplicate_stability_bound-1f39f08c1e2ee51e)

running 1 test
test reserve_only_qos_snapshot_reopened_shared_slot_survives_mixed_duplicate_noise ... ok

test result: ok. 1 passed; 0 failed; 0 ignored; 0 measured; 0 filtered out; finished in 0.00s

     Running tests/lane_qos_snapshot_reserve_only_reopen_normal_refill_bound.rs (/home/qian-qi/.cache/pon-invariant-target/debug/deps/lane_qos_snapshot_reserve_only_reopen_normal_refill_bound-f32be39300110d14)

running 1 test
test reserve_only_qos_snapshot_closes_when_normal_consumes_reopened_shared_slot_after_duplicate_noise ... ok

test result: ok. 1 passed; 0 failed; 0 ignored; 0 measured; 0 filtered out; finished in 0.00s

     Running tests/lane_qos_snapshot_reserve_only_reopen_probe_stability_bound.rs (/home/qian-qi/.cache/pon-invariant-target/debug/deps/lane_qos_snapshot_reserve_only_reopen_probe_stability_bound-9baef334997b78a8)

running 1 test
test reserve_only_qos_snapshot_stays_stable_across_probe_noise_after_reopen ... ok

test result: ok. 1 passed; 0 failed; 0 ignored; 0 measured; 0 filtered out; finished in 0.00s

     Running tests/lane_qos_snapshot_reserve_only_reopen_same_class_probe_stability_bound.rs (/home/qian-qi/.cache/pon-invariant-target/debug/deps/lane_qos_snapshot_reserve_only_reopen_same_class_probe_stability_bound-9898fdc52150ecf3)

running 1 test
test reserve_only_qos_snapshot_reopened_shared_slot_survives_same_class_duplicate_noise ... ok

test result: ok. 1 passed; 0 failed; 0 ignored; 0 measured; 0 filtered out; finished in 0.00s

     Running tests/lane_qos_snapshot_spillover_full_drain_immediate_reopen_bound.rs (/home/qian-qi/.cache/pon-invariant-target/debug/deps/lane_qos_snapshot_spillover_full_drain_immediate_reopen_bound-be906b80717f58b7)

running 1 test
test qos_snapshot_reopens_immediately_after_spillover_full_drain_without_idle_poll ... ok

test result: ok. 1 passed; 0 failed; 0 ignored; 0 measured; 0 filtered out; finished in 0.00s

     Running tests/lane_qos_snapshot_spillover_full_drain_reuse_observability_bound.rs (/home/qian-qi/.cache/pon-invariant-target/debug/deps/lane_qos_snapshot_spillover_full_drain_reuse_observability_bound-dc258fe8b65c39c5)

running 1 test
test qos_snapshot_stays_consistent_when_spillover_lane_reuses_drained_id_after_full_drain ... ok

test result: ok. 1 passed; 0 failed; 0 ignored; 0 measured; 0 filtered out; finished in 0.00s

     Running tests/lane_qos_snapshot_zero_capacity_stability_bound.rs (/home/qian-qi/.cache/pon-invariant-target/debug/deps/lane_qos_snapshot_zero_capacity_stability_bound-36babd0ae803f49f)

running 1 test
test zero_capacity_qos_snapshot_stays_hard_stopped_across_probe_noise_and_idle_polls ... ok

test result: ok. 1 passed; 0 failed; 0 ignored; 0 measured; 0 filtered out; finished in 0.00s

     Running tests/lane_qos_snapshot_zero_reserve_reuse_observability_bound.rs (/home/qian-qi/.cache/pon-invariant-target/debug/deps/lane_qos_snapshot_zero_reserve_reuse_observability_bound-c15b0233d86aae37)

running 1 test
test zero_reserve_qos_snapshot_reopens_cleanly_for_cross_class_reuse_after_full_drain ... ok

test result: ok. 1 passed; 0 failed; 0 ignored; 0 measured; 0 filtered out; finished in 0.00s

     Running tests/lane_queued_count_full_drain_idle_reuse_bound.rs (/home/qian-qi/.cache/pon-invariant-target/debug/deps/lane_queued_count_full_drain_idle_reuse_bound-c5cf51477d051ac0)

running 1 test
test queued_counts_reset_cleanly_after_spillover_full_drain_and_idle_poll ... ok

test result: ok. 1 passed; 0 failed; 0 ignored; 0 measured; 0 filtered out; finished in 0.00s

     Running tests/lane_queued_counts_idempotency_bound.rs (/home/qian-qi/.cache/pon-invariant-target/debug/deps/lane_queued_counts_idempotency_bound-696d27085e6ab1b1)

running 1 test
test queued_counts_stay_stable_across_duplicate_and_backpressured_retries ... ok

test result: ok. 1 passed; 0 failed; 0 ignored; 0 measured; 0 filtered out; finished in 0.00s

     Running tests/lane_reopened_dedicated_reserve_public_contract_bound.rs (/home/qian-qi/.cache/pon-invariant-target/debug/deps/lane_reopened_dedicated_reserve_public_contract_bound-0b6128db8300c228)

running 1 test
test reopened_dedicated_critical_reserve_stays_visible_through_cross_class_duplicate_noise ... ok

test result: ok. 1 passed; 0 failed; 0 ignored; 0 measured; 0 filtered out; finished in 0.00s

     Running tests/lane_reopened_surplus_reserved_borrow_bound.rs (/home/qian-qi/.cache/pon-invariant-target/debug/deps/lane_reopened_surplus_reserved_borrow_bound-f55360a7e109d483)

running 1 test
test reopened_surplus_reserved_headroom_is_borrowable_before_final_guard_slot ... ok

test result: ok. 1 passed; 0 failed; 0 ignored; 0 measured; 0 filtered out; finished in 0.00s

     Running tests/lane_reserve_clamp_borrow_policy_bound.rs (/home/qian-qi/.cache/pon-invariant-target/debug/deps/lane_reserve_clamp_borrow_policy_bound-7fc128448ca43233)

running 1 test
test oversized_reserve_clamp_keeps_last_free_shared_slot_borrowable_under_active_backlog ... ok

test result: ok. 1 passed; 0 failed; 0 ignored; 0 measured; 0 filtered out; finished in 0.00s

     Running tests/lane_reserve_clamp_full_drain_reset_bound.rs (/home/qian-qi/.cache/pon-invariant-target/debug/deps/lane_reserve_clamp_full_drain_reset_bound-0161f5a9d6307977)

running 1 test
test oversized_critical_reserve_full_drain_resets_for_cross_class_reuse_and_cold_fifo_progress ... ok

test result: ok. 1 passed; 0 failed; 0 ignored; 0 measured; 0 filtered out; finished in 0.00s

     Running tests/lane_reserve_clamp_idempotency_bound.rs (/home/qian-qi/.cache/pon-invariant-target/debug/deps/lane_reserve_clamp_idempotency_bound-7c45be449db46061)

running 1 test
test oversized_critical_reserve_clamps_to_total_and_preserves_reserve_only_idempotency ... ok

test result: ok. 1 passed; 0 failed; 0 ignored; 0 measured; 0 filtered out; finished in 0.00s

     Running tests/lane_reserve_clamp_idle_reset_reuse_bound.rs (/home/qian-qi/.cache/pon-invariant-target/debug/deps/lane_reserve_clamp_idle_reset_reuse_bound-d8a9726e467767d1)

running 1 test
test oversized_critical_reserve_full_drain_and_idle_polls_do_not_poison_next_batch_reuse_or_fifo ... ok

test result: ok. 1 passed; 0 failed; 0 ignored; 0 measured; 0 filtered out; finished in 0.00s

     Running tests/lane_reserve_clamp_mixed_reopen_stability_bound.rs (/home/qian-qi/.cache/pon-invariant-target/debug/deps/lane_reserve_clamp_mixed_reopen_stability_bound-bcc52b4a2ef30fba)

running 1 test
test oversized_reserve_clamp_mixed_backlog_reopens_shared_slot_without_stale_duplicate_poison ... ok

test result: ok. 1 passed; 0 failed; 0 ignored; 0 measured; 0 filtered out; finished in 0.00s

     Running tests/lane_reserve_clamp_qos_snapshot_bound.rs (/home/qian-qi/.cache/pon-invariant-target/debug/deps/lane_reserve_clamp_qos_snapshot_bound-6c07d999a7107bc1)

running 1 test
test oversized_critical_reserve_clamps_qos_snapshot_to_reserve_only_contract ... ok

test result: ok. 1 passed; 0 failed; 0 ignored; 0 measured; 0 filtered out; finished in 0.00s

     Running tests/lane_reserve_clamp_qos_snapshot_reopen_duplicate_stability_bound.rs (/home/qian-qi/.cache/pon-invariant-target/debug/deps/lane_reserve_clamp_qos_snapshot_reopen_duplicate_stability_bound-bf1cc90ace1d50b4)

running 1 test
test oversized_reserve_clamp_reopen_keeps_qos_snapshot_flat_across_duplicate_probe_noise_until_refill ... ok

test result: ok. 1 passed; 0 failed; 0 ignored; 0 measured; 0 filtered out; finished in 0.00s

     Running tests/lane_reserve_clamp_saturated_probe_full_drain_reuse_bound.rs (/home/qian-qi/.cache/pon-invariant-target/debug/deps/lane_reserve_clamp_saturated_probe_full_drain_reuse_bound-994f5dfd60166353)

running 1 test
test oversized_critical_reserve_saturated_duplicate_probe_then_full_drain_allows_cold_cross_class_reuse ... ok

test result: ok. 1 passed; 0 failed; 0 ignored; 0 measured; 0 filtered out; finished in 0.00s

     Running tests/lane_reserve_clamp_single_slot_boundary_bound.rs (/home/qian-qi/.cache/pon-invariant-target/debug/deps/lane_reserve_clamp_single_slot_boundary_bound-ccc15639d21c3e51)

running 1 test
test oversized_reserve_single_slot_clamp_preserves_fail_closed_and_reopen_contract ... ok

test result: ok. 1 passed; 0 failed; 0 ignored; 0 measured; 0 filtered out; finished in 0.00s

     Running tests/lane_reserve_only_cross_class_retry_reuse_bound.rs (/home/qian-qi/.cache/pon-invariant-target/debug/deps/lane_reserve_only_cross_class_retry_reuse_bound-5ddc5cde69f6a788)

running 1 test
test reserve_only_fresh_normal_retry_does_not_poison_later_cross_class_critical_admission ... ok

test result: ok. 1 passed; 0 failed; 0 ignored; 0 measured; 0 filtered out; finished in 0.00s

     Running tests/lane_reserve_only_duplicate_probe_idle_reset_reuse_bound.rs (/home/qian-qi/.cache/pon-invariant-target/debug/deps/lane_reserve_only_duplicate_probe_idle_reset_reuse_bound-2b255687c25b6aff)

running 1 test
test reserve_only_duplicate_probe_noise_and_idle_polls_do_not_poison_cross_class_reuse ... ok

test result: ok. 1 passed; 0 failed; 0 ignored; 0 measured; 0 filtered out; finished in 0.00s

     Running tests/lane_reserve_only_duplicate_probe_recovery_bound.rs (/home/qian-qi/.cache/pon-invariant-target/debug/deps/lane_reserve_only_duplicate_probe_recovery_bound-b8d81de963a7374b)

running 1 test
test reserve_only_borrowed_duplicate_probe_does_not_delay_fresh_critical_retry_after_one_drain ... ok

test result: ok. 1 passed; 0 failed; 0 ignored; 0 measured; 0 filtered out; finished in 0.00s

     Running tests/lane_reserve_only_full_drain_cross_class_reuse_bound.rs (/home/qian-qi/.cache/pon-invariant-target/debug/deps/lane_reserve_only_full_drain_cross_class_reuse_bound-8895b94145a8a5c9)

running 1 test
test reserve_only_full_drain_allows_cross_class_reuse_without_stale_duplicate_poisoning ... ok

test result: ok. 1 passed; 0 failed; 0 ignored; 0 measured; 0 filtered out; finished in 0.00s

     Running tests/lane_reserve_only_idle_pop_noop_reset_bound.rs (/home/qian-qi/.cache/pon-invariant-target/debug/deps/lane_reserve_only_idle_pop_noop_reset_bound-5d71e49852331323)

running 1 test
test repeated_empty_pop_after_reserve_only_full_drain_does_not_poison_next_batch_reuse_or_fifo ... ok

test result: ok. 1 passed; 0 failed; 0 ignored; 0 measured; 0 filtered out; finished in 0.00s

     Running tests/lane_reserve_only_idle_reset_reuse_bound.rs (/home/qian-qi/.cache/pon-invariant-target/debug/deps/lane_reserve_only_idle_reset_reuse_bound-d09d702d2374cee2)

running 1 test
test reserve_only_full_drain_resets_for_cross_class_reuse_and_fresh_critical_progress ... ok

test result: ok. 1 passed; 0 failed; 0 ignored; 0 measured; 0 filtered out; finished in 0.00s

     Running tests/lane_reserve_only_qos_snapshot_duplicate_noise_stability_bound.rs (/home/qian-qi/.cache/pon-invariant-target/debug/deps/lane_reserve_only_qos_snapshot_duplicate_noise_stability_bound-7dbbcb9a6822d343)

running 1 test
test reserve_only_duplicate_noise_does_not_reopen_hard_stopped_qos_snapshot ... ok

test result: ok. 1 passed; 0 failed; 0 ignored; 0 measured; 0 filtered out; finished in 0.00s

     Running tests/lane_reserve_only_queued_counts_idempotency_bound.rs (/home/qian-qi/.cache/pon-invariant-target/debug/deps/lane_reserve_only_queued_counts_idempotency_bound-14de3da893c127f7)

running 1 test
test reserve_only_queued_counts_stay_stable_across_borrowed_duplicates_and_recovered_retry ... ok

test result: ok. 1 passed; 0 failed; 0 ignored; 0 measured; 0 filtered out; finished in 0.00s

     Running tests/lane_reserve_only_reopened_cross_class_fresh_retry_bound.rs (/home/qian-qi/.cache/pon-invariant-target/debug/deps/lane_reserve_only_reopened_cross_class_fresh_retry_bound-1b213a7008bdfb18)

running 1 test
test reserve_only_reopened_shared_slot_admits_prior_cross_class_fresh_retry_without_stale_duplicate_poisoning ... ok

test result: ok. 1 passed; 0 failed; 0 ignored; 0 measured; 0 filtered out; finished in 0.00s

     Running tests/lane_reserve_only_saturated_probe_full_drain_reuse_bound.rs (/home/qian-qi/.cache/pon-invariant-target/debug/deps/lane_reserve_only_saturated_probe_full_drain_reuse_bound-22f4a92bbeca54ba)

running 1 test
test reserve_only_saturated_fresh_probe_noise_full_drain_allows_immediate_cross_class_reuse ... ok

test result: ok. 1 passed; 0 failed; 0 ignored; 0 measured; 0 filtered out; finished in 0.00s

     Running tests/lane_reserve_only_shared_lane_duplicate_refill_bound.rs (/home/qian-qi/.cache/pon-invariant-target/debug/deps/lane_reserve_only_shared_lane_duplicate_refill_bound-e4ed2096f691ea9f)

running 1 test
test reserve_only_shared_lane_duplicate_probe_does_not_poison_following_critical_refill ... ok

test result: ok. 1 passed; 0 failed; 0 ignored; 0 measured; 0 filtered out; finished in 0.00s

     Running tests/lane_reserve_only_shared_lane_normal_refill_bound.rs (/home/qian-qi/.cache/pon-invariant-target/debug/deps/lane_reserve_only_shared_lane_normal_refill_bound-4ec83a5b205ec8eb)

running 1 test
test reserve_only_shared_lane_duplicate_probe_does_not_poison_following_normal_refill ... ok

test result: ok. 1 passed; 0 failed; 0 ignored; 0 measured; 0 filtered out; finished in 0.00s

     Running tests/lane_reserve_only_shared_lane_qos_snapshot_backpressure_stability_bound.rs (/home/qian-qi/.cache/pon-invariant-target/debug/deps/lane_reserve_only_shared_lane_qos_snapshot_backpressure_stability_bound-8bc9b57d12ca75b7)

running 1 test
test reserve_only_shared_lane_fresh_retry_noise_keeps_qos_snapshot_stable_until_real_refill ... ok

test result: ok. 1 passed; 0 failed; 0 ignored; 0 measured; 0 filtered out; finished in 0.00s

     Running tests/lane_reserve_only_shared_lane_qos_snapshot_duplicate_stability_bound.rs (/home/qian-qi/.cache/pon-invariant-target/debug/deps/lane_reserve_only_shared_lane_qos_snapshot_duplicate_stability_bound-2b83542005ed6c1a)

running 1 test
test reserve_only_shared_lane_duplicate_probe_keeps_qos_snapshot_stable_until_real_refill ... ok

test result: ok. 1 passed; 0 failed; 0 ignored; 0 measured; 0 filtered out; finished in 0.00s

     Running tests/lane_reserve_only_shared_lane_qos_snapshot_reopen_after_probe_noise_bound.rs (/home/qian-qi/.cache/pon-invariant-target/debug/deps/lane_reserve_only_shared_lane_qos_snapshot_reopen_after_probe_noise_bound-c1a20b6f85e0f160)

running 1 test
test reserve_only_shared_lane_probe_noise_keeps_qos_snapshot_flat_until_one_real_drain_reopens_both_classes ... ok

test result: ok. 1 passed; 0 failed; 0 ignored; 0 measured; 0 filtered out; finished in 0.00s

     Running tests/lane_reserved_slot_guard_retry_snapshot_stability_bound.rs (/home/qian-qi/.cache/pon-invariant-target/debug/deps/lane_reserved_slot_guard_retry_snapshot_stability_bound-f7a66c4f4f0a5383)

running 1 test
test guarded_last_critical_slot_keeps_qos_snapshot_stable_across_repeated_normal_retries ... ok

test result: ok. 1 passed; 0 failed; 0 ignored; 0 measured; 0 filtered out; finished in 0.00s

     Running tests/lane_saturated_duplicate_probe_warm_fairness_bound.rs (/home/qian-qi/.cache/pon-invariant-target/debug/deps/lane_saturated_duplicate_probe_warm_fairness_bound-79af5baed53d14af)

running 1 test
test saturated_duplicate_probe_noise_does_not_cool_warm_fairness_with_dual_backlog ... ok

test result: ok. 1 passed; 0 failed; 0 ignored; 0 measured; 0 filtered out; finished in 0.00s

     Running tests/lane_saturated_probe_warm_fairness_bound.rs (/home/qian-qi/.cache/pon-invariant-target/debug/deps/lane_saturated_probe_warm_fairness_bound-e1e827f7909b5b3c)

running 1 test
test saturated_fresh_probe_noise_does_not_cool_warm_fairness_with_dual_backlog ... ok

test result: ok. 1 passed; 0 failed; 0 ignored; 0 measured; 0 filtered out; finished in 0.00s

     Running tests/lane_saturation_probe_fairness_bound.rs (/home/qian-qi/.cache/pon-invariant-target/debug/deps/lane_saturation_probe_fairness_bound-3d72a77f22682127)

running 1 test
test saturated_duplicate_probes_do_not_disturb_next_fair_normal_turn ... ok

test result: ok. 1 passed; 0 failed; 0 ignored; 0 measured; 0 filtered out; finished in 0.00s

     Running tests/lane_spillover_backpressure_full_drain_reuse_bound.rs (/home/qian-qi/.cache/pon-invariant-target/debug/deps/lane_spillover_backpressure_full_drain_reuse_bound-c3f12df157dd7136)

running 4 tests
test repeated_spillover_backpressure_retries_stay_flat_across_a_small_burst ... ok
test spillover_backpressure_small_burst_keeps_duplicates_and_fresh_retries_bounded ... ok
test spillover_backpressured_cross_class_retries_leave_queue_accounting_flat_until_recovery ... ok
test spillover_backpressured_id_recovers_then_becomes_reusable_after_full_drain ... ok

test result: ok. 4 passed; 0 failed; 0 ignored; 0 measured; 0 filtered out; finished in 0.00s

     Running tests/lane_spillover_backpressure_recovery_idempotency_bound.rs (/home/qian-qi/.cache/pon-invariant-target/debug/deps/lane_spillover_backpressure_recovery_idempotency_bound-2ac316086f557693)

running 2 tests
test spillover_saturation_backpressured_id_recovers_after_one_drain_and_then_dedupes_globally ... ok
test spillover_saturation_preserves_duplicate_before_fresh_normal_retry_recovers ... ok

test result: ok. 2 passed; 0 failed; 0 ignored; 0 measured; 0 filtered out; finished in 0.00s

     Running tests/lane_spillover_duplicate_probe_fairness_bound.rs (/home/qian-qi/.cache/pon-invariant-target/debug/deps/lane_spillover_duplicate_probe_fairness_bound-ac15cb4d0903506a)

running 1 test
test duplicate_probe_against_spillovered_critical_does_not_cool_first_real_normal_turn ... ok

test result: ok. 1 passed; 0 failed; 0 ignored; 0 measured; 0 filtered out; finished in 0.00s

     Running tests/lane_spillover_duplicate_probe_full_drain_fairness_reset_bound.rs (/home/qian-qi/.cache/pon-invariant-target/debug/deps/lane_spillover_duplicate_probe_full_drain_fairness_reset_bound-96d2f2911cb0bd51)

running 1 test
test critical_spillover_duplicate_probe_full_drain_does_not_poison_next_mixed_batch_fairness ... ok

test result: ok. 1 passed; 0 failed; 0 ignored; 0 measured; 0 filtered out; finished in 0.00s

     Running tests/lane_spillover_fail_closed_public_contract_bound.rs (/home/qian-qi/.cache/pon-invariant-target/debug/deps/lane_spillover_fail_closed_public_contract_bound-5f5b5be9ca00e129)

running 1 test
test exhausted_spillover_headroom_keeps_public_qos_surface_fail_closed ... ok

test result: ok. 1 passed; 0 failed; 0 ignored; 0 measured; 0 filtered out; finished in 0.00s

     Running tests/lane_spillover_full_drain_retry_reuse_bound.rs (/home/qian-qi/.cache/pon-invariant-target/debug/deps/lane_spillover_full_drain_retry_reuse_bound-a766dda68d723140)

running 1 test
test spillover_duplicate_probe_id_can_reenter_as_fresh_after_full_drain ... ok

test result: ok. 1 passed; 0 failed; 0 ignored; 0 measured; 0 filtered out; finished in 0.00s

     Running tests/lane_spillover_idle_pop_reset_reuse_bound.rs (/home/qian-qi/.cache/pon-invariant-target/debug/deps/lane_spillover_idle_pop_reset_reuse_bound-ef8463f4d553efb5)

running 1 test
test repeated_empty_pop_after_spillover_full_drain_does_not_poison_cross_class_reuse_or_cold_progress ... ok

test result: ok. 1 passed; 0 failed; 0 ignored; 0 measured; 0 filtered out; finished in 0.00s

     Running tests/lane_spillover_pop_reuse_fairness_bound.rs (/home/qian-qi/.cache/pon-invariant-target/debug/deps/lane_spillover_pop_reuse_fairness_bound-210567a093539974)

running 1 test
test popped_spillover_id_can_reenter_without_cooling_warm_fairness ... ok

test result: ok. 1 passed; 0 failed; 0 ignored; 0 measured; 0 filtered out; finished in 0.00s

     Running tests/lane_spillover_post_head_probe_accounting_bound.rs (/home/qian-qi/.cache/pon-invariant-target/debug/deps/lane_spillover_post_head_probe_accounting_bound-3088fff726120aae)

running 1 test
test spillover_head_drain_probe_noise_keeps_queue_accounting_and_next_normal_turn_stable ... ok

test result: ok. 1 passed; 0 failed; 0 ignored; 0 measured; 0 filtered out; finished in 0.00s

     Running tests/lane_spillover_qos_snapshot_probe_stability_bound.rs (/home/qian-qi/.cache/pon-invariant-target/debug/deps/lane_spillover_qos_snapshot_probe_stability_bound-b8515c911b6a048c)

running 1 test
test spillover_qos_snapshot_stays_stable_across_saturated_fresh_and_duplicate_probe_noise ... ok

test result: ok. 1 passed; 0 failed; 0 ignored; 0 measured; 0 filtered out; finished in 0.00s

     Running tests/lane_spillover_recovered_qos_snapshot_duplicate_stability_bound.rs (/home/qian-qi/.cache/pon-invariant-target/debug/deps/lane_spillover_recovered_qos_snapshot_duplicate_stability_bound-08c24ae9930cb030)

running 1 test
test spillover_recovered_id_duplicate_probe_keeps_qos_snapshot_stable_until_next_real_drain ... ok

test result: ok. 1 passed; 0 failed; 0 ignored; 0 measured; 0 filtered out; finished in 0.00s

     Running tests/lane_spillover_recovered_retry_accounting_bound.rs (/home/qian-qi/.cache/pon-invariant-target/debug/deps/lane_spillover_recovered_retry_accounting_bound-1f17eb50bddb1b1b)

running 3 tests
test spillover_recovered_id_and_next_fresh_admit_keep_cross_class_dedup_and_queue_accounting_stable ... ok
test spillover_recovered_id_keeps_cross_class_duplicate_contract_without_queue_count_drift ... ok
test spillover_recovered_id_re_dedupes_without_perturbing_queue_accounting ... ok

test result: ok. 3 passed; 0 failed; 0 ignored; 0 measured; 0 filtered out; finished in 0.00s

     Running tests/lane_spillover_reentry_dedup_fairness_bound.rs (/home/qian-qi/.cache/pon-invariant-target/debug/deps/lane_spillover_reentry_dedup_fairness_bound-0d8905adfa26b7b7)

running 1 test
test spillover_head_reentry_rededupes_across_classes_without_cooling_next_real_normal_turn ... ok

test result: ok. 1 passed; 0 failed; 0 ignored; 0 measured; 0 filtered out; finished in 0.00s

     Running tests/lane_spillover_reopened_last_idle_reserve_recloses_qos_bound.rs (/home/qian-qi/.cache/pon-invariant-target/debug/deps/lane_spillover_reopened_last_idle_reserve_recloses_qos_bound-f327b7a784efeb33)

running 1 test
test spillover_reopened_last_idle_reserve_admits_one_fresh_normal_borrow_then_recloses_qos ... ok

test result: ok. 1 passed; 0 failed; 0 ignored; 0 measured; 0 filtered out; finished in 0.00s

     Running tests/lane_spillover_saturated_probe_fairness_bound.rs (/home/qian-qi/.cache/pon-invariant-target/debug/deps/lane_spillover_saturated_probe_fairness_bound-516721aac2f98e2e)

running 1 test
test spillover_warm_fairness_survives_saturated_fresh_probe_noise_before_first_real_normal_turn ... ok

test result: ok. 1 passed; 0 failed; 0 ignored; 0 measured; 0 filtered out; finished in 0.00s

     Running tests/lane_spillover_saturated_probe_full_drain_reuse_bound.rs (/home/qian-qi/.cache/pon-invariant-target/debug/deps/lane_spillover_saturated_probe_full_drain_reuse_bound-97a85379851bd68d)

running 1 test
test spillover_saturated_fresh_probe_noise_full_drain_allows_immediate_cross_class_reuse ... ok

test result: ok. 1 passed; 0 failed; 0 ignored; 0 measured; 0 filtered out; finished in 0.00s

     Running tests/lane_spillover_warm_persistence_bound.rs (/home/qian-qi/.cache/pon-invariant-target/debug/deps/lane_spillover_warm_persistence_bound-ae530fd18973bcd8)

running 1 test
test spillover_warm_fairness_stays_live_after_first_spillover_turn_with_refill_and_probe_noise ... ok

test result: ok. 1 passed; 0 failed; 0 ignored; 0 measured; 0 filtered out; finished in 0.00s

     Running tests/lane_spillover_warmup_fairness_bound.rs (/home/qian-qi/.cache/pon-invariant-target/debug/deps/lane_spillover_warmup_fairness_bound-69e38b1903eea8ef)

running 1 test
test critical_spillover_warms_fairness_for_subsequent_normal_backlog ... ok

test result: ok. 1 passed; 0 failed; 0 ignored; 0 measured; 0 filtered out; finished in 0.00s

     Running tests/lane_zero_capacity_cross_class_retry_contract_bound.rs (/home/qian-qi/.cache/pon-invariant-target/debug/deps/lane_zero_capacity_cross_class_retry_contract_bound-aeaa0c19f4654ea4)

running 1 test
test zero_capacity_cross_class_fresh_retry_noise_stays_fail_closed ... ok

test result: ok. 1 passed; 0 failed; 0 ignored; 0 measured; 0 filtered out; finished in 0.00s

     Running tests/lane_zero_capacity_distinct_probe_qos_stability_bound.rs (/home/qian-qi/.cache/pon-invariant-target/debug/deps/lane_zero_capacity_distinct_probe_qos_stability_bound-7cc80f1a129c3d8a)

running 1 test
test zero_total_capacity_distinct_cross_class_probe_noise_keeps_qos_snapshot_hard_stopped ... ok

test result: ok. 1 passed; 0 failed; 0 ignored; 0 measured; 0 filtered out; finished in 0.00s

     Running tests/lane_zero_capacity_idle_duplicate_metadata_bound.rs (/home/qian-qi/.cache/pon-invariant-target/debug/deps/lane_zero_capacity_idle_duplicate_metadata_bound-e7cecc0af5b96af0)

running 2 tests
test zero_total_capacity_idle_polls_do_not_change_retry_semantics_or_fabricate_queue_state ... ok
test zero_total_capacity_qos_snapshot_stays_hard_stopped_across_fresh_retry_noise_and_idle_polls ... ok

test result: ok. 2 passed; 0 failed; 0 ignored; 0 measured; 0 filtered out; finished in 0.00s

     Running tests/lane_zero_capacity_idle_poll_public_invariants_bound.rs (/home/qian-qi/.cache/pon-invariant-target/debug/deps/lane_zero_capacity_idle_poll_public_invariants_bound-d75a09a87cf71f9b)

running 1 test
test hard_stop_idle_polls_keep_public_queue_and_qos_invariants_flat_across_fresh_retry_noise ... ok

test result: ok. 1 passed; 0 failed; 0 ignored; 0 measured; 0 filtered out; finished in 0.00s

     Running tests/lane_zero_capacity_public_contract_bound.rs (/home/qian-qi/.cache/pon-invariant-target/debug/deps/lane_zero_capacity_public_contract_bound-6d418324942e6fff)

running 1 test
test zero_total_capacity_keeps_fresh_retries_backpressured_without_duplicate_poisoning ... ok

test result: ok. 1 passed; 0 failed; 0 ignored; 0 measured; 0 filtered out; finished in 0.00s

     Running tests/lane_zero_capacity_restored_duplicate_qos_contract_bound.rs (/home/qian-qi/.cache/pon-invariant-target/debug/deps/lane_zero_capacity_restored_duplicate_qos_contract_bound-87864e036e5a6d80)

running 1 test
test reserve_only_backpressured_retry_keeps_public_qos_surface_frozen_until_real_drain ... ok

test result: ok. 1 passed; 0 failed; 0 ignored; 0 measured; 0 filtered out; finished in 0.00s

     Running tests/lane_zero_reserve_duplicate_probe_recovery_bound.rs (/home/qian-qi/.cache/pon-invariant-target/debug/deps/lane_zero_reserve_duplicate_probe_recovery_bound-29aa1b2623bb3fd3)

running 1 test
test zero_reserve_spillover_duplicate_probe_does_not_block_fresh_retry_after_one_drain ... ok

test result: ok. 1 passed; 0 failed; 0 ignored; 0 measured; 0 filtered out; finished in 0.00s

     Running tests/lane_zero_reserve_full_drain_fairness_reset_bound.rs (/home/qian-qi/.cache/pon-invariant-target/debug/deps/lane_zero_reserve_full_drain_fairness_reset_bound-d8ec11e2b1f594e3)

running 1 test
test zero_reserve_full_drain_resets_fairness_so_fresh_critical_is_not_delayed ... ok

test result: ok. 1 passed; 0 failed; 0 ignored; 0 measured; 0 filtered out; finished in 0.00s

     Running tests/lane_zero_reserve_full_drain_retry_reuse_bound.rs (/home/qian-qi/.cache/pon-invariant-target/debug/deps/lane_zero_reserve_full_drain_retry_reuse_bound-bbf0b20ac40c0bc9)

running 1 test
test zero_reserve_saturated_retry_then_full_drain_allows_cross_class_reuse_of_same_id ... ok

test result: ok. 1 passed; 0 failed; 0 ignored; 0 measured; 0 filtered out; finished in 0.00s

     Running tests/lane_zero_reserve_full_drain_reuse_bound.rs (/home/qian-qi/.cache/pon-invariant-target/debug/deps/lane_zero_reserve_full_drain_reuse_bound-6a31f32dadca43d1)

running 1 test
test zero_reserve_full_drain_allows_cross_class_reuse_without_stale_duplicate_state ... ok

test result: ok. 1 passed; 0 failed; 0 ignored; 0 measured; 0 filtered out; finished in 0.00s

     Running tests/lane_zero_reserve_idle_pop_reset_bound.rs (/home/qian-qi/.cache/pon-invariant-target/debug/deps/lane_zero_reserve_idle_pop_reset_bound-981d53c2b5823e22)

running 1 test
test repeated_empty_pop_after_zero_reserve_full_drain_does_not_poison_next_batch_reuse_or_priority ... ok

test result: ok. 1 passed; 0 failed; 0 ignored; 0 measured; 0 filtered out; finished in 0.00s

     Running tests/lane_zero_reserve_idle_reuse_spillover_bound.rs (/home/qian-qi/.cache/pon-invariant-target/debug/deps/lane_zero_reserve_idle_reuse_spillover_bound-e5a5805824674464)

running 1 test
test zero_reserve_full_drain_allows_reuse_of_prior_critical_spillover_id_in_next_mixed_batch ... ok

test result: ok. 1 passed; 0 failed; 0 ignored; 0 measured; 0 filtered out; finished in 0.00s

     Running tests/lane_zero_reserve_qos_snapshot_probe_stability_bound.rs (/home/qian-qi/.cache/pon-invariant-target/debug/deps/lane_zero_reserve_qos_snapshot_probe_stability_bound-adc665c8f4222abe)

running 1 test
test zero_reserve_qos_snapshot_stays_stable_across_saturated_fresh_and_duplicate_probe_noise ... ok

test result: ok. 1 passed; 0 failed; 0 ignored; 0 measured; 0 filtered out; finished in 0.00s

     Running tests/lane_zero_reserve_qos_snapshot_reopen_after_one_drain_bound.rs (/home/qian-qi/.cache/pon-invariant-target/debug/deps/lane_zero_reserve_qos_snapshot_reopen_after_one_drain_bound-e01901fb8d6eafb4)

running 1 test
test zero_reserve_qos_snapshot_reopens_both_classes_after_one_shared_slot_drains ... ok

test result: ok. 1 passed; 0 failed; 0 ignored; 0 measured; 0 filtered out; finished in 0.00s

     Running tests/lane_zero_reserve_qos_snapshot_reopen_after_probe_noise_bound.rs (/home/qian-qi/.cache/pon-invariant-target/debug/deps/lane_zero_reserve_qos_snapshot_reopen_after_probe_noise_bound-15f290985460ff85)

running 1 test
test zero_reserve_probe_noise_keeps_qos_snapshot_flat_until_one_real_drain_reopens_both_classes ... ok

test result: ok. 1 passed; 0 failed; 0 ignored; 0 measured; 0 filtered out; finished in 0.00s

     Running tests/lane_zero_reserve_shared_fifo_bound.rs (/home/qian-qi/.cache/pon-invariant-target/debug/deps/lane_zero_reserve_shared_fifo_bound-7b95d9fa6af86ded)

running 1 test
test zero_reserve_mixed_ingress_preserves_shared_queue_fifo_order ... ok

test result: ok. 1 passed; 0 failed; 0 ignored; 0 measured; 0 filtered out; finished in 0.00s

     Running tests/lane_zero_reserve_single_slot_boundary_bound.rs (/home/qian-qi/.cache/pon-invariant-target/debug/deps/lane_zero_reserve_single_slot_boundary_bound-d27aa27af2f1da4f)

running 1 test
test zero_reserve_single_shared_slot_preserves_fail_closed_and_reopen_contract ... ok

test result: ok. 1 passed; 0 failed; 0 ignored; 0 measured; 0 filtered out; finished in 0.00s

     Running tests/lane_zero_reserve_spillover_idempotency_bound.rs (/home/qian-qi/.cache/pon-invariant-target/debug/deps/lane_zero_reserve_spillover_idempotency_bound-741b236b7205189f)

running 2 tests
test zero_reserve_critical_spillover_retry_stays_fresh_until_drain_and_then_dedupes ... ok
test zero_reserve_full_drain_resets_cross_class_reuse_without_stale_duplicate_state ... ok

test result: ok. 2 passed; 0 failed; 0 ignored; 0 measured; 0 filtered out; finished in 0.00s

     Running tests/typed_admission_contract.rs (/home/qian-qi/.cache/pon-invariant-target/debug/deps/typed_admission_contract-436c239d2ea1e772)

running 1 test
test typed_admission_stays_key_free_and_explicitly_non_durable ... ok

test result: ok. 1 passed; 0 failed; 0 ignored; 0 measured; 0 filtered out; finished in 0.00s

     Running unittests src/lib.rs (/home/qian-qi/.cache/pon-invariant-target/debug/deps/trnm_mvcc_fee-05e2bf18a4552dd6)

running 27 tests
test deterministic_parallel_v1::tests::canonical_indices_and_unique_transaction_ids_are_required ... ok
test deterministic_parallel_v1::tests::fee_limit_and_worker_bounds_fail_closed ... ok
test deterministic_parallel_v1::tests::reverted_and_out_of_resource_never_write ... ok
test deterministic_parallel_v1::tests::undeclared_access_and_noncanonical_sets_fail_closed ... ok
test deterministic_parallel_v1::tests::worker_count_does_not_change_roots_or_receipts ... ok
test store::object_delta_tests::object_delta_detects_committed_parent_drift_before_first_write_v1 ... ok
test store::object_delta_tests::object_delta_empty_initialization_and_noop_have_exact_write_counts_v1 ... ok
test store::object_delta_tests::object_delta_insert_update_delete_matches_complete_target_v1 ... ok
test store::object_delta_tests::object_delta_parent_drift_under_write_lock_rejects_and_rolls_back_v1 ... ok
test store::object_delta_tests::object_delta_sqlite_full_after_partial_writes_rolls_back_exactly_v1 ... ok
test store::object_delta_tests::object_delta_unexpected_parent_row_is_not_erased_v1 ... ok
test tests::committed_sparse_block_writes_only_changed_objects_and_replays_exactly_v1 ... ok
test tests::conflicts_outcomes_resources_and_fee_reduction_are_deterministic ... ok
test tests::crash_outcomes_reopen_to_exact_source_target_or_fence ... ok
test tests::exact_replay_and_parent_identity_are_fail_closed ... ok
test tests::execution_preview_executes_full_fee_path_without_advancing_the_store ... ok
test tests::open_existing_requires_precreated_regular_nonsymlink_store ... ok
test tests::parallel_execution_tests::hotspot_revert_and_resource_exhaustion_match_sequential_journal_oracle ... ok
test tests::parallel_execution_tests::multiple_speculative_failures_report_the_canonical_transaction_error ... ok
test tests::parallel_execution_tests::speculative_insufficient_funds_is_retried_after_predecessor_funds_payer_or_source ... ok
test tests::parallel_execution_tests::stale_speculative_success_cannot_publish_when_canonical_payer_is_exhausted ... ok
test tests::parallel_execution_tests::workers_compute_program_meter_fees_and_successors_on_immutable_parent ... ok
test tests::persistent_parallel_worker_count_bounds_fail_closed ... ok
test tests::persistent_parallel_worker_counts_reopen_to_identical_canonical_results ... ok
test tests::schema_sidecar_and_self_consistent_row_tamper_fail_closed ... ok
test tests::static_access_fee_and_arithmetic_mutants_fail_before_commit ... ok
test tests::vector_inventory_matches_executable_candidate_assertions ... ok

test result: ok. 27 passed; 0 failed; 0 ignored; 0 measured; 0 filtered out; finished in 6.80s

     Running unittests examples/pon_execute.rs (/home/qian-qi/.cache/pon-invariant-target/debug/examples/pon_execute-bfc28a3cf6a766e2)

running 0 tests

test result: ok. 0 passed; 0 failed; 0 ignored; 0 measured; 0 filtered out; finished in 0.00s

     Running unittests src/lib.rs (/home/qian-qi/.cache/pon-invariant-target/debug/deps/trnm_oracle-821acaca040af09d)

running 118 tests
test tests::accepts_deserialized_repeated_observations_with_matching_hash ... ok
test tests::accepts_deserialized_sample_count_exactly_at_update_rate_cap_with_matching_hash ... ok
test tests::accepts_deserialized_snapshot_timestamp_exactly_at_window_end_boundary ... ok
test tests::accepts_deserialized_zero_width_window_at_boundary_with_matching_hash ... ok
test tests::accepts_policy_when_max_deviation_bps_hits_guardrail_cap ... ok
test tests::accepts_policy_when_min_sources_matches_update_rate_cap ... ok
test tests::accepts_repeated_observations_when_sample_count_exceeds_unique_sources ... ok
test tests::accepts_sample_count_exactly_at_update_rate_cap ... ok
test tests::accepts_snapshot_timestamp_exactly_at_window_end_boundary ... ok
test tests::accepts_zero_width_window_at_boundary ... ok
test tests::bridge_contract_consistent_accepts_unclassified_update_rate_fail_closed_report ... ok
test tests::bridge_contract_consistent_rejects_accepted_report_with_zero_source_cardinality ... ok
test tests::bridge_contract_consistent_rejects_blank_unclassified_error_label ... ok
test tests::bridge_contract_consistent_rejects_classified_error_label_without_classified_counters ... ok
test tests::bridge_contract_consistent_rejects_empty_bridge_sample_even_when_counters_align ... ok
test tests::bridge_contract_consistent_rejects_metrics_sample_count_mismatch ... ok
test tests::bridge_contract_consistent_rejects_ok_error_coherence_drift ... ok
test tests::bridge_contract_consistent_rejects_unclassified_error_label_with_classified_counters ... ok
test tests::deviation_bps_saturates_at_cap_for_extreme_values ... ok
test tests::observation_helpers_keep_unclassified_errors_out_of_classified_totals ... ok
test tests::observation_helpers_match_metrics_helpers_for_classified_outcomes ... ok
test tests::observed_report_accepts_exact_match_under_zero_deviation_policy ... ok
test tests::observed_report_accepts_sample_count_exactly_at_update_rate_cap ... ok
test tests::observed_report_accepts_snapshot_timestamp_exactly_at_window_end_boundary ... ok
test tests::observed_report_caps_extreme_drift_boundary_to_guardrail_ceiling ... ok
test tests::observed_report_classifies_empty_snapshot_hash_as_quorum_failure ... ok
test tests::observed_report_classifies_empty_source_id_as_quorum_failure ... ok
test tests::observed_report_classifies_future_snapshot_as_stale_temporal_failure ... ok
test tests::observed_report_classifies_invalid_snapshot_hash_format_as_quorum_failure ... ok
test tests::observed_report_classifies_non_canonical_snapshot_hash_as_quorum_failure ... ok
test tests::observed_report_classifies_non_canonical_source_id_as_quorum_failure ... ok
test tests::observed_report_classifies_non_canonical_source_ordering_as_quorum_failure ... ok
test tests::observed_report_deduplicates_mixed_alias_blank_and_duplicate_sources_for_cardinality ... ok
test tests::observed_report_deduplicates_tab_and_newline_wrapped_source_aliases_for_cardinality ... ok
test tests::observed_report_excludes_all_blank_source_ids_from_canonical_source_cardinality ... ok
test tests::observed_report_excludes_blank_source_ids_from_canonical_source_cardinality ... ok
test tests::observed_report_helpers_exclude_unclassified_errors_from_reject_total ... ok
test tests::observed_report_keeps_single_snapshot_source_cardinality_on_unclassified_error ... ok
test tests::observed_report_keeps_source_cardinality_distinct_from_repeated_observation_count ... ok
test tests::observed_report_keeps_source_cardinality_on_invalid_quorum_floor_policy_error ... ok
test tests::observed_report_keeps_source_cardinality_on_zero_staleness_policy_error ... ok
test tests::observed_report_keeps_source_cardinality_on_zero_update_rate_policy_error ... ok
test tests::observed_report_maps_drift_rejection_to_stable_error_label ... ok
test tests::observed_report_maps_future_snapshot_to_stale_error_label ... ok
test tests::observed_report_maps_inconsistent_sample_count_to_quorum_error_label ... ok
test tests::observed_report_maps_invalid_window_timestamp_to_stale_without_counter_drift ... ok
test tests::observed_report_maps_invalid_window_to_stale_without_counter_drift ... ok
test tests::observed_report_maps_quorum_rejection_to_stable_error_label ... ok
test tests::observed_report_maps_stale_rejection_to_stable_error_label ... ok
test tests::observed_report_maps_success_to_stable_metrics_contract ... ok
test tests::observed_report_maps_update_rate_rejection_to_stable_error_label ... ok
test tests::observed_report_prefers_future_stale_label_over_quorum_and_drift_failures ... ok
test tests::observed_report_prefers_future_stale_label_over_rate_failure ... ok
test tests::observed_report_preserves_canonical_source_cardinality_under_empty_feed_guard ... ok
test tests::observed_report_preserves_empty_feed_id_error_without_counter_drift ... ok
test tests::observed_report_preserves_exact_drift_boundary_as_drift_label ... ok
test tests::observed_report_preserves_invalid_policy_error_without_counter_drift ... ok
test tests::observed_report_preserves_invalid_quorum_floor_policy_error_without_counter_drift ... ok
test tests::observed_report_preserves_non_canonical_feed_id_error_without_counter_drift ... ok
test tests::observed_report_preserves_single_snapshot_counter_conservation_for_classified_outcomes ... ok
test tests::observed_report_preserves_snapshot_hash_mismatch_details_with_classified_quorum_failure ... ok
test tests::observed_report_preserves_snapshot_hash_mismatch_details_with_quorum_accounting ... ok
test tests::observed_report_preserves_source_cardinality_on_future_snapshot_stale_label ... ok
test tests::observed_report_preserves_unsorted_source_error_without_counter_drift ... ok
test tests::observed_report_preserves_zero_deviation_boundary_as_drift_label ... ok
test tests::observed_report_preserves_zero_sample_count_error_without_counter_drift ... ok
test tests::observed_report_preserves_zero_staleness_policy_error_without_counter_drift ... ok
test tests::observed_report_preserves_zero_update_rate_policy_error_without_counter_drift ... ok
test tests::observed_report_treats_deserialized_duplicate_sources_as_contract_consistent_quorum_failure ... ok
test tests::observed_report_treats_exact_staleness_boundary_as_accepted_without_counter_drift ... ok
test tests::observed_report_uses_canonical_source_cardinality_for_deserialized_duplicates ... ok
test tests::observed_report_uses_canonical_source_cardinality_for_deserialized_source_aliases ... ok
test tests::policy_accepts_snapshot_exactly_at_staleness_boundary ... ok
test tests::rejects_deserialized_blank_snapshot_hash_before_digest_compare ... ok
test tests::rejects_deserialized_duplicate_source_aliases_even_with_matching_hash ... ok
test tests::rejects_deserialized_duplicate_sources_even_with_matching_hash ... ok
test tests::rejects_deserialized_empty_feed_id_even_with_matching_hash ... ok
test tests::rejects_deserialized_empty_source_id_even_with_matching_hash ... ok
test tests::rejects_deserialized_insufficient_sources_even_with_matching_hash ... ok
test tests::rejects_deserialized_invalid_window_even_with_matching_hash ... ok
test tests::rejects_deserialized_non_canonical_feed_id_even_with_matching_hash ... ok
test tests::rejects_deserialized_non_canonical_snapshot_hash_before_digest_compare ... ok
test tests::rejects_deserialized_non_canonical_source_id_even_with_matching_hash ... ok
test tests::rejects_deserialized_non_canonical_source_ordering_even_with_matching_hash ... ok
test tests::rejects_deserialized_snapshot_timestamp_before_window_end ... ok
test tests::rejects_deserialized_unsorted_sources_even_with_matching_hash ... ok
test tests::rejects_deserialized_zero_sample_count_even_with_matching_hash ... ok
test tests::rejects_deviation_exactly_at_threshold ... ok
test tests::rejects_deviation_exceeded ... ok
test tests::rejects_duplicate_sources_when_building_snapshot ... ok
test tests::rejects_empty_feed_id_when_building_snapshot ... ok
test tests::rejects_feed_id_with_internal_whitespace_and_control_chars ... ok
test tests::rejects_future_snapshot_timestamp ... ok
test tests::rejects_insufficient_sources ... ok
test tests::rejects_non_canonical_feed_id_when_building_snapshot ... ok
test tests::rejects_non_canonical_source_id_when_building_snapshot ... ok
test tests::rejects_policy_when_max_staleness_is_zero ... ok
test tests::rejects_policy_when_max_update_rate_is_zero ... ok
test tests::rejects_policy_when_min_sources_exceeds_update_rate_cap ... ok
test tests::rejects_policy_when_min_sources_is_zero ... ok
test tests::rejects_sample_count_above_update_rate_cap ... ok
test tests::rejects_sample_count_below_distinct_source_count ... ok
test tests::rejects_sample_count_below_source_cardinality ... ok
test tests::rejects_snapshot_timestamp_before_window_end_when_building_snapshot ... ok
test tests::rejects_stale_snapshot ... ok
test tests::rejects_zero_sample_count_as_invalid_accounting ... ok
test tests::rejects_zero_sample_count_even_when_multiple_sources_are_present ... ok
test tests::snapshot_hash_is_reproducible ... ok
test tests::sorts_sources_canonically_when_building_snapshot ... ok
test tests::source_id_parse_rejects_internal_whitespace_and_control_chars ... ok
test tests::source_id_parse_rejects_non_canonical_whitespace_and_uppercase ... ok
test tests::source_order_canonicalization_stabilizes_snapshot_hash ... ok
test tests::validate_hash_rejects_non_hex_snapshot_digest_surface ... ok
test tests::validate_hash_rejects_short_snapshot_digest_surface ... ok
test tests::validate_hash_rejects_uppercase_snapshot_digest_surface ... ok
test tests::validate_hash_rejects_whitespace_padded_snapshot_digest_surface ... ok
test tests::zero_baseline_cap_boundary_is_treated_as_drift_guardrail ... ok
test tests::zero_deviation_policy_accepts_only_exact_median_matches ... ok

test result: ok. 118 passed; 0 failed; 0 ignored; 0 measured; 0 filtered out; finished in 0.03s

     Running unittests src/lib.rs (/home/qian-qi/.cache/pon-invariant-target/debug/deps/trnm_peer_lease-50fd7d9d736d980a)

running 94 tests
test payload::tests::context_and_direction_are_part_of_the_fence ... ok
test payload::tests::directory_owner_survives_child_publication_and_reopen_v1 ... ok
test payload::tests::endpoint_identity_rejects_head_and_lock_replacement_before_admit ... ok
test payload::tests::endpoint_identity_rejects_lookup_slot_conflict ... ok
test payload::tests::endpoint_identity_rejects_wal_replacement_before_lookup ... ok
test payload::tests::exact_lookup_checks_context_before_index_and_poisoned_head ... ok
test payload::tests::exact_lookup_recovers_receipt_across_reopen_and_rejects_slot_conflicts ... ok
test payload::tests::generation_and_sequence_are_durable_and_strict ... ok
test payload::tests::generation_successor_fails_closed_at_u64_max ... ok
test payload::tests::head_temp_paths_use_a_process_nonce ... ok
test payload::tests::oversized_payload_wal_is_rejected_before_snapshot_allocation ... ok
test payload::tests::post_append_failures_have_an_explicit_ambiguous_commit_marker ... ok
test payload::tests::private_file_validation_rejects_directories_and_symlink_aliased_parents ... ok
test payload::tests::stale_head_publication_requires_recovery ... ok
test payload::tests::stale_head_scan_is_bounded_before_directory_fanout ... ok
test payload::tests::truncation_mutation_and_prefix_sidecar_fail_closed ... ok
test payload_body::tests::conflicting_duplicate_body_or_metadata_is_rejected ... ok
test payload_body::tests::durable_publication_sidecars_are_private ... ok
test payload_body::tests::endpoint_identity_rejects_body_head_replacement_before_refresh ... ok
test payload_body::tests::endpoint_identity_rejects_body_lock_replacement_before_admit ... ok
test payload_body::tests::endpoint_identity_rejects_body_wal_replacement_before_resolve ... ok
test payload_body::tests::exact_body_roundtrip_reopen_and_idempotent_duplicate ... ok
test payload_body::tests::head_mutation_and_receipt_mismatch_fail_closed ... ok
test payload_body::tests::length_mismatch_is_rejected_before_append ... ok
test payload_body::tests::private_paths_and_retained_head_temporary_fail_closed ... ok
test payload_body::tests::truncation_and_body_tamper_fail_closed_on_reopen ... ok
test payload_recovery::projection_tests::canonical_projection_round_trips_all_status_shapes ... ok
test payload_recovery::projection_tests::owner_status_projection_reuses_endpoint_fence ... ok
test payload_recovery::projection_tests::projection_decoder_rejects_tamper_and_trailing_bytes ... ok
test payload_recovery::projection_tests::projection_digest_binds_target_and_status ... ok
test payload_recovery::projection_tests::projection_is_self_consistent_and_candidate_only ... ok
test payload_recovery::recovery_socket::socket_tests::client_transport_errors_are_not_owner_fatal ... ok
test payload_recovery::recovery_socket::socket_tests::error_message_is_bounded_without_promoting_truth ... ok
test payload_recovery::recovery_socket::socket_tests::recovery_socket_directory_pin_allows_children_but_rejects_replacement_v1 ... ok
test payload_recovery::recovery_socket::socket_tests::request_shapes_are_fixed_and_ack_binds_exact_digest ... ok
test payload_recovery::recovery_socket::socket_tests::socket_path_rejects_traversal_and_long_names ... ok
test payload_recovery::recovery_socket::socket_tests::truncated_and_slow_client_frames_are_tagged_client_scoped ... ok
test payload_recovery::tests::acknowledgement_requires_publication_recovery_first ... ok
test payload_recovery::tests::broad_acknowledgement_root_is_rejected ... ok
test payload_recovery::tests::conflicting_acknowledgement_fails_closed ... ok
test payload_recovery::tests::endpoint_identity_rejects_acknowledgement_root_replacement_after_open ... ok
test payload_recovery::tests::endpoint_identity_rejects_head_replacement_after_open ... ok
test payload_recovery::tests::endpoint_identity_rejects_lock_replacement_after_open ... ok
test payload_recovery::tests::endpoint_identity_rejects_payload_replacement_after_open ... ok
test payload_recovery::tests::exact_one_record_head_lag_and_retained_temp_are_recovered ... ok
test payload_recovery::tests::head_lag_longer_than_one_target_record_is_rejected ... ok
test payload_recovery::tests::live_payload_owner_blocks_external_recovery_owner ... ok
test payload_recovery::tests::mismatched_target_fails_before_acknowledgement ... ok
test payload_recovery::tests::recovery_rejects_oversized_wal_before_snapshot_allocation ... ok
test payload_recovery::tests::recovery_temporary_path_collections_are_bounded ... ok
test payload_recovery::tests::reports_admitted_then_acknowledged_and_reopens_idempotently ... ok
test payload_recovery::tests::retained_ack_temporary_is_an_ambiguous_stop_condition ... ok
test payload_recovery::tests::symlinked_head_temporary_is_rejected ... ok
test payload_recovery::tests::tampered_acknowledgement_is_rejected ... ok
test payload_recovery::tests::two_link_ack_publication_residue_is_ambiguous ... ok
test payload_recovery::tests::wrong_namespace_fails_full_wal_replay ... ok
test protocol::tests::malformed_and_partial_frames_fail_closed ... ok
test protocol::tests::request_and_response_round_trip_are_exact ... ok
test protocol::tests::unauthorized_peer_rejection_round_trips ... ok
test source_truth_tests::activation_and_credential_boundaries_remain_false ... ok
test store::tests::acquire_retry_for_same_session_is_idempotent_after_durable_commit ... ok
test store::tests::anchor_publication_failure_poisoned_store_cannot_continue ... ok
test store::tests::anchor_temp_paths_use_a_process_nonce ... ok
test store::tests::authority_files_reject_hardlink_aliases ... ok
test store::tests::byte_tamper_and_partial_record_are_fail_stop ... ok
test store::tests::clock_rollback_and_second_store_open_fail_closed ... ok
test store::tests::expiry_observation_cannot_be_undone_by_live_clock_rollback_v1 ... ok
test store::tests::journal_restarts_and_fences_stale_generation ... ok
test store::tests::open_creates_missing_parent_components_private ... ok
test store::tests::oversized_anchor_is_rejected_before_allocation ... ok
test store::tests::oversized_journal_is_rejected_before_replay_read ... ok
test store::tests::read_and_exact_retry_share_live_clock_floor_without_journal_writes_v1 ... ok
test store::tests::replay_rejects_observed_clock_rollback ... ok
test store::tests::stale_anchor_publication_requires_recovery ... ok
test unix::connection_service::tests::actual_authority_failure_is_not_a_connection_failure ... ok
test unix::connection_service::tests::fragmented_request_keeps_original_deadline_without_store_effects ... ok
test unix::connection_service::tests::header_rejects_oversize_before_body_allocation_or_authority ... ok
test unix::connection_service::tests::zero_daemon_timeout_rejects_before_creating_authority_state ... ok
test unix::tests::authority_fault_keeps_priority_over_response_deadline_v1 ... ok
test unix::tests::backpressured_writer_retains_one_absolute_deadline_v1 ... ok
test unix::tests::binding_digest_is_stable_and_changes_on_socket_replacement ... ok
test unix::tests::client_connect_rejects_expired_deadline_before_syscall ... ok
test unix::tests::client_deadline_covers_fragmented_response_as_one_operation ... ok
test unix::tests::client_request_shape_binds_direction_and_token_fields ... ok
test unix::tests::committed_lease_after_deadline_has_no_success_response_v1 ... ok
test unix::tests::complete_response_survives_peer_close_before_reader_v1 ... ok
test unix::tests::daemon_deadline_covers_fragmented_request_as_one_operation ... ok
test unix::tests::daemon_response_write_rejects_expired_operation_deadline ... ok
test unix::tests::journal_io_is_fatal_even_with_a_socket_like_error_kind_v1 ... ok
test unix::tests::lease_response_loss_retains_exact_acquire_retry_v1 ... ok
test unix::tests::peer_authorization_matches_effective_uid_only ... ok
test unix::tests::socket_cleanup_guard_does_not_remove_replacement_inode ... ok
test unix::tests::socket_path_validation_rejects_traversal_length_and_sidecar_collisions ... ok
test unix::tests::truncated_closed_response_is_eof_not_a_timeout_setup_failure_v1 ... ok

test result: ok. 94 passed; 0 failed; 0 ignored; 0 measured; 0 filtered out; finished in 7.11s

     Running unittests src/bin/trnm-payload-replay-recovery-owner-v1.rs (/home/qian-qi/.cache/pon-invariant-target/debug/deps/trnm_payload_replay_recovery_owner_v1-af513cdb3912f467)

running 1 test
test tests::startup_argument_shape_is_stable ... ok

test result: ok. 1 passed; 0 failed; 0 ignored; 0 measured; 0 filtered out; finished in 0.00s

     Running unittests src/bin/trnm-payload-replay-recovery-v1.rs (/home/qian-qi/.cache/pon-invariant-target/debug/deps/trnm_payload_replay_recovery_v1-afd19d7d8825cee4)

running 6 tests
test tests::cli_paths_must_be_absolute_and_dot_free ... ok
test tests::json_quote_escapes_control_and_delimiter_bytes ... ok
test tests::json_status_is_single_object_with_candidate_truth_fields ... ok
test tests::operation_argument_counts_are_stable ... ok
test tests::output_flags_are_explicit_and_cannot_be_combined ... ok
test tests::strict_hex_parser_rejects_uppercase_and_wrong_length ... ok

test result: ok. 6 passed; 0 failed; 0 ignored; 0 measured; 0 filtered out; finished in 0.00s

     Running unittests src/bin/trnm-peer-lease-daemon.rs (/home/qian-qi/.cache/pon-invariant-target/debug/deps/trnm_peer_lease_daemon-fd863d18baffc2de)

running 0 tests

test result: ok. 0 passed; 0 failed; 0 ignored; 0 measured; 0 filtered out; finished in 0.00s

     Running unittests src/bin/trnm-peer-lease-daemon-v1.rs (/home/qian-qi/.cache/pon-invariant-target/debug/deps/trnm_peer_lease_daemon_v1-8ad7c130a88946f8)

running 0 tests

test result: ok. 0 passed; 0 failed; 0 ignored; 0 measured; 0 filtered out; finished in 0.00s

     Running tests/cross_process.rs (/home/qian-qi/.cache/pon-invariant-target/debug/deps/cross_process-8cb3363464442d80)

running 8 tests
test daemon_anchor_io_failure_still_terminates_authority_v1 ... peer lease daemon stopped: peer lease I/O error: Is a directory (os error 21)
ok
test daemon_disconnects_do_not_revoke_other_sessions_v1 ... ok
test daemon_guard_closes_listener_on_assertion_unwind ... ok
test parallel_clients_retain_one_durable_scope_winner_v1 ... ok
test separate_daemon_process_refuses_tampered_and_partial_journals ... peer lease daemon stopped: authority journal is corrupt
peer lease daemon stopped: authority journal is corrupt
peer lease daemon stopped: authority journal is corrupt
ok
test separate_daemon_process_survives_restart_and_fences_old_generation ... ok
test stalled_client_does_not_block_live_lease_operations_v1 ... ok
test stalled_connection_capacity_is_released_without_restarting_authority_v1 ... ok

test result: ok. 8 passed; 0 failed; 0 ignored; 0 measured; 0 filtered out; finished in 6.37s

     Running tests/payload_recovery_quarantine_collision.rs (/home/qian-qi/.cache/pon-invariant-target/debug/deps/payload_recovery_quarantine_collision-ea63e0cfb3ab7b68)

running 1 test
test quarantine_name_collision_preserves_existing_and_new_evidence ... ok

test result: ok. 1 passed; 0 failed; 0 ignored; 0 measured; 0 filtered out; finished in 0.11s

     Running tests/payload_replay_cross_process.rs (/home/qian-qi/.cache/pon-invariant-target/debug/deps/payload_replay_cross_process-a7d350c5378eaf2c)

running 2 tests
test payload_replay_child_helper ... ok
test wal_reopens_across_process_and_excludes_a_second_owner ... 
running 1 test
test payload_replay_child_helper ... ok

test result: ok. 1 passed; 0 failed; 0 ignored; 0 measured; 1 filtered out; finished in 0.14s


running 1 test
test payload_replay_child_helper ... ok

test result: ok. 1 passed; 0 failed; 0 ignored; 0 measured; 1 filtered out; finished in 0.00s

ok

test result: ok. 2 passed; 0 failed; 0 ignored; 0 measured; 0 filtered out; finished in 0.17s

     Running tests/payload_replay_recovery_owner_socket.rs (/home/qian-qi/.cache/pon-invariant-target/debug/deps/payload_replay_recovery_owner_socket-aab1f36b441abcfa)

running 1 test
test persistent_owner_serves_status_ack_and_pins_endpoint_identity ... ok

test result: ok. 1 passed; 0 failed; 0 ignored; 0 measured; 0 filtered out; finished in 0.16s

     Running tests/payload_replay_recovery_process.rs (/home/qian-qi/.cache/pon-invariant-target/debug/deps/payload_replay_recovery_process-5832c4cb66566d41)

running 2 tests
test json_process_rejects_relative_paths_without_opening_authority ... ok
test status_process_emits_one_machine_readable_json_object ... ok

test result: ok. 2 passed; 0 failed; 0 ignored; 0 measured; 0 filtered out; finished in 0.13s

     Running tests/payload_replay_recovery_process_matrix.rs (/home/qian-qi/.cache/pon-invariant-target/debug/deps/payload_replay_recovery_process_matrix-77aa1d19a0b6dd57)

running 3 tests
test candidate_process_rejects_forged_target_without_ack ... ok
test candidate_process_rejects_symlinked_payload_endpoint ... ok
test candidate_process_reopen_matrix_models_head_lag_and_response_loss ... ok

test result: ok. 3 passed; 0 failed; 0 ignored; 0 measured; 0 filtered out; finished in 0.51s

     Running unittests src/lib.rs (/home/qian-qi/.cache/pon-invariant-target/debug/deps/trnm_protocol-cc7a5aadb1bbebb6)

running 8 tests
test pon_wire::tests::contribution_without_signed_round_is_not_revision3_wire ... ok
test pon_wire::tests::every_tx_tag_has_an_exact_payload ... ok
test pon_wire::tests::header_exact_and_context_bound ... ok
test pon_wire::tests::release_payload_is_bounded_and_sorted ... ok
test pon_wire::tests::sparse_root_is_order_independent_and_value_sensitive ... ok
test tests::identifiers_and_decimal_values_are_canonical ... ok
test tests::object_namespaces_do_not_collide ... ok
test tests::result_commitment_binds_every_field ... ok

test result: ok. 8 passed; 0 failed; 0 ignored; 0 measured; 0 filtered out; finished in 0.04s

     Running unittests examples/pon_wire.rs (/home/qian-qi/.cache/pon-invariant-target/debug/examples/pon_wire-37d2ff09513cf8d0)

running 0 tests

test result: ok. 0 passed; 0 failed; 0 ignored; 0 measured; 0 filtered out; finished in 0.00s

     Running unittests src/lib.rs (/home/qian-qi/.cache/pon-invariant-target/debug/deps/trnm_release_bundle-0f7e3019e2e7e6b8)

running 2 tests
test tests::exact_bundle_and_sbom_are_verified ... ok
test tests::independent_build_comparison_uses_outputs_not_builder_identity ... ok

test result: ok. 2 passed; 0 failed; 0 ignored; 0 measured; 0 filtered out; finished in 0.00s

     Running unittests src/lib.rs (/home/qian-qi/.cache/pon-invariant-target/debug/deps/trnm_research_protocol-91ef4b006b39b12f)

running 4 tests
test canonical::tests::hashing_length_frames_domain_and_message ... ok
test canonical::tests::integers_use_rfc8949_shortest_forms ... ok
test types::tests::external_id_mapping_rejects_aliasing_whitespace ... ok
test types::tests::uuid_mapping_is_strict_and_domain_separated ... ok

test result: ok. 4 passed; 0 failed; 0 ignored; 0 measured; 0 filtered out; finished in 0.00s

     Running tests/protocol_v1.rs (/home/qian-qi/.cache/pon-invariant-target/debug/deps/protocol_v1-485a1226198d8ec8)

running 14 tests
test altered_replay_is_rejected_even_when_new_payload_is_validly_signed ... ok
test canonical_bytes_match_cross_implementation_golden_fixture ... ok
test complete_state_machine_handles_idempotency_challenge_and_resolution ... ok
test every_signed_envelope_strictly_round_trips ... ok
test every_typed_command_strictly_round_trips ... ok
test nakama_is_limited_to_match_fact_commitments ... ok
test print_golden_fixture_for_regeneration ... ignored, fixture regeneration helper
test protocol_state_rejects_self_asserted_unregistered_authorities ... ok
test rejected_evaluation_cannot_mint_accepted_workload ... ok
test signed_command_detects_payload_and_identity_tampering ... ok
test snapshots_round_trip_and_fail_closed_on_corruption ... ok
test state_machine_rejects_missing_and_stale_references ... ok
test strict_decoder_rejects_noncanonical_unknown_and_trailing_forms ... ok
test workload_requires_sorted_unique_contributors_and_exact_accepted_units ... ok

test result: ok. 13 passed; 0 failed; 1 ignored; 0 measured; 0 filtered out; finished in 0.03s

     Running unittests src/lib.rs (/home/qian-qi/.cache/pon-invariant-target/debug/deps/trnm_service_settlement-23904b8d08a67a74)

running 11 tests
test tests::canonical_command_bytes_reject_trailing_and_truncation ... ok
test tests::commit_uncertainty_reopens_to_exact_source_target_or_permanent_fence ... ok
test tests::committed_block_journal_covers_empty_same_block_and_tamper_boundaries ... ok
test tests::execution_preview_checks_bilateral_receipt_and_preserves_durable_rows ... ok
test tests::open_existing_requires_precreated_regular_nonsymlink_store ... ok
test tests::receipt_rollup_and_settlement_are_bilateral_gap_free_and_conserved ... ok
test tests::receipt_signatures_sequence_prices_and_cumulative_roots_fail_closed ... ok
test tests::rollup_requires_complete_exact_unassigned_receipt_interval ... ok
test tests::schema_sidecar_row_and_self_consistent_state_substitution_fail_closed ... ok
test tests::settlement_maturity_versions_replay_and_one_shot_are_exact ... ok
test tests::vector_inventory_matches_candidate_assertions ... ok

test result: ok. 11 passed; 0 failed; 0 ignored; 0 measured; 0 filtered out; finished in 35.28s

     Running unittests src/lib.rs (/home/qian-qi/.cache/pon-invariant-target/debug/deps/trnm_state_import-538172b9b59afd9c)

running 17 tests
test tests::authority_namespace_prefixes_are_never_importable ... ok
test tests::cutover_signer_commitment_is_permutation_invariant ... ok
test tests::durable_handoff_transitions_atomically_and_rejects_stale_mutation ... ok
test tests::finalized_export_projection_and_cutover_are_exactly_bound ... ok
test tests::finalized_source_binding_rejects_context_and_row_set_substitution ... ok
test tests::incremental_delta_recomputes_and_applies_exact_state ... ok
test tests::incremental_delta_rejects_base_substitution_and_entry_tampering ... ok
test tests::projection_rejects_rows_substituted_after_export_verification ... ok
test tests::signing_state_is_never_importable ... ok
test tests::sqlite_incremental_readback_pins_metadata_and_rows_to_one_snapshot ... ok
test tests::sqlite_incremental_store_commits_and_reopens_exact_readback ... ok
test tests::sqlite_incremental_store_rejects_same_root_foreign_checkpoint_context ... ok
test tests::sqlite_incremental_store_rejects_symlinked_store_and_sidecar_paths ... ok
test tests::sqlite_incremental_store_replays_empty_delta_idempotently ... ok
test tests::sqlite_process_kill_rolls_back_uncommitted_delta ... 
running 1 test
test tests::sqlite_process_kill_rolls_back_uncommitted_delta ... ok
test tests::sqlite_snapshot_export_import_is_exact_and_rejects_row_substitution ... ok
test tests::verified_context_capability_is_required_for_typed_delta_path ... ok

test result: ok. 17 passed; 0 failed; 0 ignored; 0 measured; 0 filtered out; finished in 3.61s

     Running unittests src/lib.rs (/home/qian-qi/.cache/pon-invariant-target/debug/deps/trnm_task_kernel-3e822bf95a24a34b)

running 28 tests
test archive::tests::bounded_archive_planner_handles_hard_batch_scale_deterministically ... ok
test archive::tests::direct_batch_and_proof_admission_enforce_inclusive_retention ... ok
test archive::tests::duplicate_task_id_at_distinct_heights_is_rejected_with_a_matching_root ... ok
test archive::tests::inclusion_proof_survives_pruning_and_rejects_mutation ... ok
test archive::tests::legal_holds_and_prepaid_extensions_fail_closed_under_pressure ... ok
test archive::tests::maximum_prepaid_height_never_wraps_into_archive_eligibility ... ok
test archive::tests::no_archive_batch_is_created_without_capacity_pressure ... ok
test archive::tests::oldest_eligible_records_are_selected_deterministically ... ok
test archive::tests::underfunded_retention_charge_is_rejected ... ok
test archive_store::tests::archive_delete_moves_rows_and_reopen_preserves_proof ... ok
test archive_store::tests::archive_sequence_gap_is_rejected_before_mutation ... ok
test archive_store::tests::durable_hold_blocks_delete_before_any_archive_mutation ... ok
test archive_store::tests::initialization_handles_long_final_names_and_concurrent_publishers ... ok
test archive_store::tests::schema_and_archive_row_tamper_fail_closed_before_reopen_or_retry ... ok
test archive_verifier::tests::public_batch_verifier_rejects_a_valid_root_before_retention_expires ... ok
test archive_verifier::tests::public_inclusion_verifier_rejects_early_archive_height ... ok
test archive_verifier::tests::public_verifiers_accept_a_planner_generated_batch ... ok
test tests::authorization_signature_context_nonce_scope_and_budget_fail_closed ... ok
test tests::capability_session_and_parallel_nonce_lanes_are_persistent ... ok
test tests::committed_block_journal_covers_empty_same_block_and_tamper_boundaries ... ok
test tests::committed_execution_height_advances_monotonically_and_resets_rate_window ... ok
test tests::crash_outcomes_are_exact_and_third_state_is_permanently_fenced ... ok
test tests::execution_preview_reuses_authority_and_leaves_every_logical_row_unchanged ... ok
test tests::open_existing_requires_precreated_regular_nonsymlink_store ... ok
test tests::schema_sidecar_row_and_journal_tamper_fail_closed_without_migration ... ok
test tests::stale_versions_expiry_double_consumption_and_conservation_reject ... ok
test tests::task_funded_escrow_bid_lease_and_provider_accept_are_atomic ... ok
test tests::vector_inventory_matches_executable_negative_assertions ... ok

test result: ok. 28 passed; 0 failed; 0 ignored; 0 measured; 0 filtered out; finished in 30.54s

     Running tests/agent_transaction_wire_v1.rs (/home/qian-qi/.cache/pon-invariant-target/debug/deps/agent_transaction_wire_v1-ffc8604edec7fe2a)

running 2 tests
test exact_round_trip_and_transaction_id_are_stable ... ok
test retained_wire_mutants_fail_closed ... ok

test result: ok. 2 passed; 0 failed; 0 ignored; 0 measured; 0 filtered out; finished in 0.01s

     Running tests/task_archive_store_recovery.rs (/home/qian-qi/.cache/pon-invariant-target/debug/deps/task_archive_store_recovery-1e8ebf526cd79410)

running 2 tests
test archive_store_concurrent_same_batch_has_one_commit_and_no_partial_delete ... ok
test archive_store_process_loss_after_commit_reopens_and_retries_exact_batch ... 
running 1 test
test archive_store_process_loss_after_commit_reopens_and_retries_exact_batch ... ok

test result: ok. 2 passed; 0 failed; 0 ignored; 0 measured; 0 filtered out; finished in 0.70s

     Running unittests examples/agent_transaction_wire_v1.rs (/home/qian-qi/.cache/pon-invariant-target/debug/examples/agent_transaction_wire_v1-10eb3a4f8b2aea52)

running 0 tests

test result: ok. 0 passed; 0 failed; 0 ignored; 0 measured; 0 filtered out; finished in 0.00s

     Running unittests src/lib.rs (/home/qian-qi/.cache/pon-invariant-target/debug/deps/trnm_transport-00efb5df8da06bac)

running 12 tests
test proof_admission::tests::duplicate_and_per_peer_bound_are_before_work ... ok
test proof_admission::tests::panic_unwind_releases_capacity ... ok
test proof_admission::tests::public_duplicate_cannot_pin_a_locally_requested_recovery_digest ... ok
test proof_admission::tests::public_flood_cannot_consume_reserved_recovery_capacity ... ok
test proof_admission::tests::stop_resume_does_not_erase_outstanding_work ... ok
test tests::contiguous_frame_is_admitted_and_acknowledged_exactly ... ok
test tests::frame_and_session_bounds_are_closed ... ok
test tests::pending_frame_survives_recovery_and_replays_without_nonce_movement ... ok
test tests::recovery_source_and_inconsistent_pending_state_fail_closed ... ok
test tests::source_rejection_and_wrong_acknowledgement_do_not_mutate_state ... ok
test tests::verified_token_is_invalid_after_replay_state_moves ... ok
test tests::wrong_session_stale_gap_and_pending_conflict_precede_source_authority ... ok

test result: ok. 12 passed; 0 failed; 0 ignored; 0 measured; 0 filtered out; finished in 0.00s

     Running unittests examples/pon_admission_load.rs (/home/qian-qi/.cache/pon-invariant-target/debug/examples/pon_admission_load-6cedbb52aa9eec61)

running 0 tests

test result: ok. 0 passed; 0 failed; 0 ignored; 0 measured; 0 filtered out; finished in 0.00s

     Running unittests src/lib.rs (/home/qian-qi/.cache/pon-invariant-target/debug/deps/trnm_types-bf5dc5e437564534)

running 200 tests
test interop_identity::tests::capability_expiry_is_inclusive_at_expiry_height ... ok
test interop_identity::tests::capability_is_not_active_before_issue_height ... ok
test interop_identity::tests::capability_revocation_respects_historical_heights ... ok
test interop_identity::tests::content_hash_changes_when_audit_note_differs ... ok
test interop_identity::tests::did_capability_revocation_appends_audit_trail ... ok
test interop_identity::tests::issue_capability_failure_does_not_consume_token_sequence ... ok
test interop_identity::tests::issue_capability_rejects_actor_that_is_not_did_controller_without_side_effects ... ok
test interop_identity::tests::issue_capability_rejects_expiry_before_issue_height ... ok
test interop_identity::tests::issue_capability_rejects_height_before_did_creation_without_side_effects ... ok
test interop_identity::tests::issue_capability_rejects_noncanonical_actor_identity_without_side_effects ... ok
test interop_identity::tests::issue_capability_rejects_noncanonical_subject_did_without_side_effects ... ok
test interop_identity::tests::issue_capability_rejects_revoked_did_without_side_effects ... ok
test interop_identity::tests::market_capability_scopes_work_as_expected ... ok
test interop_identity::tests::register_did_rejects_bidi_or_invisible_format_controls_without_side_effects ... ok
test interop_identity::tests::register_did_rejects_blank_or_noncanonical_identifiers_without_side_effects ... ok
test interop_identity::tests::register_did_rejects_did_case_and_length_boundary_violations_without_side_effects ... ok
test interop_identity::tests::register_did_rejects_duplicate_without_side_effects ... ok
test interop_identity::tests::renew_capability_at_expiry_boundary_keeps_token_active_and_audited ... ok
test interop_identity::tests::renew_capability_extends_expiry_and_appends_audit ... ok
test interop_identity::tests::renew_capability_rejects_actor_that_is_not_did_controller_without_side_effects ... ok
test interop_identity::tests::renew_capability_rejects_arabic_letter_mark_actor_without_side_effects ... ok
test interop_identity::tests::renew_capability_rejects_at_revocation_boundary_fail_closed ... ok
test interop_identity::tests::renew_capability_rejects_blank_actor_without_side_effects ... ok
test interop_identity::tests::renew_capability_rejects_bom_actor_without_side_effects ... ok
test interop_identity::tests::renew_capability_rejects_clearing_existing_expiry_without_side_effects ... ok
test interop_identity::tests::renew_capability_rejects_control_character_actor_without_side_effects ... ok
test interop_identity::tests::renew_capability_rejects_expiry_before_renew_height_without_side_effects ... ok
test interop_identity::tests::renew_capability_rejects_expiry_regression_without_side_effects ... ok
test interop_identity::tests::renew_capability_rejects_height_before_issue_without_side_effects ... ok
test interop_identity::tests::renew_capability_rejects_missing_subject_did_without_side_effects ... ok
test interop_identity::tests::renew_capability_rejects_noncanonical_actor_without_side_effects ... ok
test interop_identity::tests::renew_capability_rejects_previously_revoked_token_without_side_effects ... ok
test interop_identity::tests::renew_capability_rejects_revoked_did_without_side_effects ... ok
test interop_identity::tests::renew_capability_rejects_unknown_token_without_side_effects ... ok
test interop_identity::tests::renew_capability_rejects_when_renew_height_equals_did_revocation_boundary ... ok
test interop_identity::tests::renew_capability_rejects_when_renew_height_equals_revocation_height ... ok
test interop_identity::tests::renew_capability_rejects_word_joiner_actor_without_side_effects ... ok
test interop_identity::tests::renew_capability_rejects_zero_width_actor_without_side_effects ... ok
test interop_identity::tests::renew_capability_rejects_zero_width_non_joiner_actor_without_side_effects ... ok
test interop_identity::tests::renew_capability_with_non_expiring_token_is_idempotent_without_new_audit ... ok
test interop_identity::tests::renew_capability_with_same_expiry_is_idempotent_without_new_audit ... ok
test interop_identity::tests::revoke_capability_audit_note_strips_invisibles_and_collapses_whitespace ... ok
test interop_identity::tests::revoke_capability_audit_note_with_only_controls_after_trim_is_none ... ok
test interop_identity::tests::revoke_capability_bidi_controls_only_audit_note_is_normalized_to_none ... ok
test interop_identity::tests::revoke_capability_blank_audit_note_is_normalized_to_none ... ok
test interop_identity::tests::revoke_capability_is_idempotent_for_audit_and_timestamp ... ok
test interop_identity::tests::revoke_capability_keeps_controller_check_even_after_token_is_revoked ... ok
test interop_identity::tests::revoke_capability_makes_token_inactive_at_same_height_fail_closed ... ok
test interop_identity::tests::revoke_capability_rejects_actor_that_is_not_did_controller_without_side_effects ... ok
test interop_identity::tests::revoke_capability_rejects_arabic_letter_mark_actor_without_side_effects ... ok
test interop_identity::tests::revoke_capability_rejects_blank_actor_without_side_effects ... ok
test interop_identity::tests::revoke_capability_rejects_bom_actor_without_side_effects ... ok
test interop_identity::tests::revoke_capability_rejects_control_character_actor_without_side_effects ... ok
test interop_identity::tests::revoke_capability_rejects_height_before_issue_without_side_effects ... ok
test interop_identity::tests::revoke_capability_rejects_word_joiner_actor_without_side_effects ... ok
test interop_identity::tests::revoke_capability_rejects_zero_width_actor_without_side_effects ... ok
test interop_identity::tests::revoke_capability_rejects_zero_width_non_joiner_actor_without_side_effects ... ok
test interop_identity::tests::revoke_capability_replay_with_older_height_is_rejected_without_side_effects ... ok
test interop_identity::tests::revoke_capability_replay_with_same_height_is_idempotent_without_side_effects ... ok
test interop_identity::tests::revoke_capability_trims_audit_note_for_compliance_provenance ... ok
test interop_identity::tests::revoke_capability_zero_width_audit_note_is_normalized_to_none ... ok
test interop_identity::tests::revoke_did_cascade_does_not_backdate_capability_before_issue_height ... ok
test interop_identity::tests::revoke_did_does_not_override_previously_revoked_capability ... ok
test interop_identity::tests::revoke_did_is_idempotent_for_audit_and_timestamp ... ok
test interop_identity::tests::revoke_did_rejects_actor_that_is_not_did_controller_without_side_effects ... ok
test interop_identity::tests::revoke_did_rejects_height_before_creation_without_side_effects ... ok
test interop_identity::tests::revoke_did_rejects_noncanonical_did_without_side_effects ... ok
test interop_identity::tests::revoke_did_replay_preserves_issue_height_floor_when_repairing_legacy_token ... ok
test interop_identity::tests::revoke_did_replay_repairs_legacy_uncascaded_capability_without_rewriting_did_timestamp ... ok
test interop_identity::tests::revoke_did_replay_with_older_height_is_rejected_without_side_effects ... ok
test interop_identity::tests::settlement_evidence_path_avoids_windows_reserved_device_names ... ok
test interop_identity::tests::settlement_evidence_path_avoids_windows_reserved_device_names_with_extension_alias ... ok
test interop_identity::tests::settlement_evidence_path_avoids_windows_reserved_device_names_with_trailing_dot_or_space ... ok
test interop_identity::tests::settlement_evidence_path_avoids_windows_reserved_device_names_with_unicode_space_padding ... ok
test interop_identity::tests::settlement_evidence_path_encodes_dual_chain_route_and_state ... ok
test interop_identity::tests::settlement_evidence_path_replaces_empty_route_segments_with_placeholder ... ok
test interop_identity::tests::settlement_evidence_path_rewrites_dot_segments_to_placeholder ... ok
test interop_identity::tests::settlement_evidence_path_sanitizes_arabic_letter_mark_controls ... ok
test interop_identity::tests::settlement_evidence_path_sanitizes_bidi_and_zero_width_format_controls ... ok
test interop_identity::tests::settlement_evidence_path_sanitizes_colon_for_cross_platform_filesystem_safety ... ok
test interop_identity::tests::settlement_evidence_path_sanitizes_nested_path_aliases_without_false_reserved_suffixes ... ok
test interop_identity::tests::settlement_evidence_path_sanitizes_nested_reserved_device_aliases_with_trailing_dot_or_space ... ok
test interop_identity::tests::settlement_evidence_path_sanitizes_route_segments_for_filesystem_safety ... ok
test interop_identity::tests::settlement_evidence_path_sanitizes_unicode_whitespace_segments ... ok
test interop_identity::tests::settlement_evidence_path_sanitizes_windows_reserved_punctuation ... ok
test interop_identity::tests::settlement_evidence_path_sanitizes_windows_separators_and_control_whitespace ... ok
test interop_identity::tests::settlement_evidence_path_sanitizes_word_joiner_controls ... ok
test interop_identity::tests::settlement_evidence_path_tracks_terminal_state_machine_outcome ... ok
test interop_identity::tests::settlement_evidence_path_trims_trailing_dot_or_space_for_non_reserved_segments ... ok
test interop_identity::tests::settlement_finalize_requires_non_empty_settlement_tx ... ok
test interop_identity::tests::settlement_pending_reapply_scrubs_terminal_payload_fields ... ok
test interop_identity::tests::settlement_reapply_same_terminal_status_is_idempotent ... ok
test interop_identity::tests::settlement_revert_and_finalize_fields_are_mutually_exclusive ... ok
test interop_identity::tests::settlement_revert_reason_normalization_keeps_non_proof_reason ... ok
test interop_identity::tests::settlement_revert_reason_normalizes_proof_adapter_aliases ... ok
test interop_identity::tests::settlement_revert_reason_reapply_accepts_compact_legacy_alias ... ok
test interop_identity::tests::settlement_revert_reason_reapply_accepts_delimiter_variant_alias ... ok
test interop_identity::tests::settlement_revert_reason_reapply_accepts_equivalent_canonical_alias ... ok
test interop_identity::tests::settlement_revert_requires_non_empty_reason ... ok
test interop_identity::tests::settlement_state_machine_enforces_pending_terminal_model ... ok
test interop_identity::tests::settlement_state_machine_enforces_receipt_success_for_finalization ... ok
test interop_identity::tests::settlement_status_update_rejects_height_regression_without_side_effects ... ok
test interop_identity::tests::settlement_terminal_idempotent_reapply_accepts_legacy_revert_reason_alias ... ok
test interop_identity::tests::settlement_terminal_idempotent_reapply_accepts_whitespace_equivalent_payload ... ok
test interop_identity::tests::settlement_terminal_idempotent_reapply_ignores_blank_payload_overrides ... ok
test interop_identity::tests::settlement_terminal_idempotent_reapply_rejects_conflicting_payload_override ... ok
test interop_identity::tests::settlement_terminal_idempotent_reapply_still_rejects_height_regression ... ok
test interop_identity::tests::settlement_terminal_payloads_are_trimmed_before_persisting ... ok
test interop_identity::tests::verify_capability_accepts_active_controller_and_matching_scope ... ok
test interop_identity::tests::verify_capability_accepts_height_equal_to_expiry_boundary ... ok
test interop_identity::tests::verify_capability_allows_historical_height_before_did_revocation ... ok
test interop_identity::tests::verify_capability_rejects_arabic_letter_mark_actor_without_side_effects ... ok
test interop_identity::tests::verify_capability_rejects_blank_actor_without_side_effects ... ok
test interop_identity::tests::verify_capability_rejects_bom_actor_without_side_effects ... ok
test interop_identity::tests::verify_capability_rejects_control_character_actor_without_side_effects ... ok
test interop_identity::tests::verify_capability_rejects_expired_token_without_side_effects ... ok
test interop_identity::tests::verify_capability_rejects_height_before_issue_without_side_effects ... ok
test interop_identity::tests::verify_capability_rejects_height_equal_to_did_revocation_boundary ... ok
test interop_identity::tests::verify_capability_rejects_inactive_or_unauthorized_actor ... ok
test interop_identity::tests::verify_capability_rejects_missing_subject_did_without_side_effects ... ok
test interop_identity::tests::verify_capability_rejects_noncanonical_actor_without_side_effects ... ok
test interop_identity::tests::verify_capability_rejects_revoked_did_even_if_token_looks_active ... ok
test interop_identity::tests::verify_capability_rejects_scope_mismatch_without_side_effects ... ok
test interop_identity::tests::verify_capability_rejects_unknown_token_without_side_effects ... ok
test interop_identity::tests::verify_capability_rejects_word_joiner_actor_without_side_effects ... ok
test interop_identity::tests::verify_capability_rejects_zero_width_actor_without_side_effects ... ok
test interop_identity::tests::verify_capability_rejects_zero_width_non_joiner_actor_without_side_effects ... ok
test interop_identity::tests::verify_capability_unauthorized_actor_does_not_mutate_registry ... ok
test market_reputation::tests::reputation_score_clamps_input_rates_above_bps_ceiling ... ok
test market_reputation::tests::reputation_score_is_clamped_to_zero ... ok
test market_reputation::tests::reputation_score_never_exceeds_bps_ceiling ... ok
test market_reputation::tests::reputation_score_penalty_events_reduce_score_monotonically ... ok
test market_reputation::tests::reputation_tier_thresholds_are_stable ... ok
test relay::tests::relay_auth_allows_same_nonce_for_different_senders ... ok
test relay::tests::relay_auth_allows_same_nonce_for_different_task_ids ... ok
test relay::tests::relay_auth_cross_chain_replay_rejected_by_domain_signature ... ok
test relay::tests::relay_auth_legacy_v0_compat_allowed_by_default ... ok
test relay::tests::relay_auth_legacy_v0_rejected_in_strict_mode ... ok
test relay::tests::relay_auth_missing_required_fields_rejected ... ok
test relay::tests::relay_auth_negative_matrix_min12_cases ... ok
test relay::tests::relay_auth_rejects_delimiter_injection_in_signed_fields ... ok
test relay::tests::relay_auth_verify_bad_version_rejected ... ok
test relay::tests::relay_auth_verify_fail_bad_signature ... ok
test relay::tests::relay_auth_verify_pass ... ok
test relay::tests::relay_auth_verify_rejects_noncanonical_chain_id_whitespace ... ok
test relay::tests::relay_auth_verify_rejects_noncanonical_session_id_whitespace ... ok
test relay::tests::relay_auth_verify_replay_nonce_rejected ... ok
test relay::tests::relay_auth_verify_seq_regression_rejected ... ok
test relay::tests::relay_auth_verify_time_skew_rejected ... ok
test relay::tests::relay_auth_verify_unsupported_type_rejected ... ok
test relay::tests::relay_auth_wrong_domain_signature_rejected ... ok
test relay::tests::relay_envelope_json_roundtrip ... ok
test request_status::tests::illegal_transition_is_stable_error ... ok
test request_status::tests::legal_transitions_pass ... ok
test request_status::tests::parse_accepts_case_insensitive_and_whitespace_wrapped_inputs ... ok
test request_status::tests::parse_unknown_state_is_stable_error ... ok
test request_status::tests::same_state_transition_is_idempotent ... ok
test request_status::tests::terminal_states_are_irreversible ... ok
test request_status::tests::transition_matrix_matches_spec_and_returns_stable_errors ... ok
test tests::basic_structs ... ok
test tests::gov_param_key_enforces_reserved_key_id_bindings_fail_closed ... ok
test tests::gov_param_key_roundtrips_canonical_registry_strings ... ok
test tests::task_metadata_backward_compatible_with_legacy_note_only_payload ... ok
test tests::task_metadata_compatibility_findings_serialize_with_stable_query_facing_names ... ok
test tests::task_metadata_compatibility_helpers_preserve_typed_finding_order ... ok
test tests::task_metadata_compatibility_profile_flags_incomplete_metering_even_when_other_fields_are_canonical ... ok
test tests::task_metadata_compatibility_profile_flags_non_canonical_legacy_note_only_payload ... ok
test tests::task_metadata_compatibility_profile_marks_legacy_note_only_payload ... ok
test tests::task_metadata_compatibility_profile_rejects_non_canonical_metering_core_fields ... ok
test tests::task_metadata_compatibility_profile_rejects_non_canonical_model_and_provenance_fields ... ok
test tests::task_metadata_compatibility_report_keeps_legacy_note_only_with_fallback_settlement ... ok
test tests::task_metadata_compatibility_report_keeps_legacy_note_only_with_incomplete_fallback_settlement ... ok
test tests::task_metadata_compatibility_report_omits_empty_findings_array ... ok
test tests::task_metadata_compatibility_report_prefers_threaded_settlement_snapshot ... ok
test tests::task_metadata_compatibility_report_serializes_threaded_settlement_source_when_present ... ok
test tests::task_metadata_compatibility_report_serializes_with_stable_query_facing_shape ... ok
test tests::task_metadata_compatibility_report_stays_consistent_with_helper_accessors ... ok
test tests::task_metadata_compatibility_report_treats_threaded_settlement_as_non_legacy_shape ... ok
test tests::task_metadata_compatibility_report_uses_inline_settlement_snapshot ... ok
test tests::task_metadata_compatibility_report_with_settlement_snapshot_keeps_settlement_verdict_distinct ... ok
test tests::task_metadata_roundtrip_with_schema_core_fields ... ok
test tests::task_metadata_settlement_alias_deserializes_into_threaded_settlement ... ok
test tests::task_metadata_settlement_alias_yields_to_canonical_settlement_when_both_are_present ... ok
test tests::task_metadata_settlement_snapshot_helper_accessors_share_fallback_logic ... ok
test tests::task_metadata_settlement_snapshot_source_distinguishes_threaded_from_legacy_fallback ... ok
test tests::task_object_defaults_proof_type_when_legacy_payload_omits_it ... ok
test tests::task_settlement_snapshot_core_fields_accept_output_root_binding ... ok
test tests::task_settlement_snapshot_core_fields_accept_output_span_commitment_binding ... ok
test transcript::tests::transcript_batch_proof_hash_pair_count_estimate_is_lower ... ok
test transcript::tests::transcript_batch_proofs_match_single_proof_api ... ok
test transcript::tests::transcript_batch_proofs_reject_empty_targets ... ok
test transcript::tests::transcript_envelope_hash_uses_stable_field_order ... ok
test transcript::tests::transcript_proof_verify_fail_tampered_leaf ... ok
test transcript::tests::transcript_proof_verify_pass ... ok
test transcript::tests::transcript_segment_root_rejects_order_mismatch ... ok
test transcript::tests::transcript_single_proof_api_rejects_empty_batch_indirectly ... ok
test transfer::tests::transfer_tx_basic_validate_ok ... ok
test transfer::tests::transfer_tx_missing_signature_rejected ... ok
test transfer::tests::transfer_tx_reject_address_mismatch ... ok
test transfer::tests::transfer_tx_reject_tampered_signature ... ok

test result: ok. 200 passed; 0 failed; 0 ignored; 0 measured; 0 filtered out; finished in 0.04s

     Running tests/i1_did_activity_boundary.rs (/home/qian-qi/.cache/pon-invariant-target/debug/deps/i1_did_activity_boundary-aa8e6b639ddf5484)

running 3 tests
test did_is_inactive_before_creation_and_starting_at_revocation_height ... ok
test did_revoked_at_creation_height_is_never_active ... ok
test did_without_revocation_stays_active_from_creation_height_onward ... ok

test result: ok. 3 passed; 0 failed; 0 ignored; 0 measured; 0 filtered out; finished in 0.00s

     Running tests/i2_capability_expiry_inclusive_boundary.rs (/home/qian-qi/.cache/pon-invariant-target/debug/deps/i2_capability_expiry_inclusive_boundary-bf405bb636c27a86)

running 1 test
test expiring_capability_is_active_through_expiry_height_only ... ok

test result: ok. 1 passed; 0 failed; 0 ignored; 0 measured; 0 filtered out; finished in 0.00s

     Running tests/i2_capability_expiry_revoke_boundary.rs (/home/qian-qi/.cache/pon-invariant-target/debug/deps/i2_capability_expiry_revoke_boundary-9136c4520ed1bb30)

running 1 test
test capability_revocation_takes_precedence_over_expiry_window ... ok

test result: ok. 1 passed; 0 failed; 0 ignored; 0 measured; 0 filtered out; finished in 0.00s

     Running tests/i2_capability_issue_revoke_same_height.rs (/home/qian-qi/.cache/pon-invariant-target/debug/deps/i2_capability_issue_revoke_same_height-ba1b94ccc182c23c)

running 1 test
test capability_revoked_at_issue_height_is_never_active ... ok

test result: ok. 1 passed; 0 failed; 0 ignored; 0 measured; 0 filtered out; finished in 0.00s

     Running tests/i2_capability_nonexpiring_revocation_boundary.rs (/home/qian-qi/.cache/pon-invariant-target/debug/deps/i2_capability_nonexpiring_revocation_boundary-ff8b132ef8268c27)

running 1 test
test non_expiring_capability_still_honors_revocation_boundary ... ok

test result: ok. 1 passed; 0 failed; 0 ignored; 0 measured; 0 filtered out; finished in 0.00s

     Running tests/i2_capability_renew_rejects_revocation_boundary.rs (/home/qian-qi/.cache/pon-invariant-target/debug/deps/i2_capability_renew_rejects_revocation_boundary-f2e7ba6a07a2dfdb)

running 1 test
test renew_capability_rejects_height_equal_to_revocation_boundary ... ok

test result: ok. 1 passed; 0 failed; 0 ignored; 0 measured; 0 filtered out; finished in 0.00s

     Running tests/i3_capability_fail_closed_precedence.rs (/home/qian-qi/.cache/pon-invariant-target/debug/deps/i3_capability_fail_closed_precedence-e2b649b13204abb6)

running 16 tests
test i3_capability_fail_closed_precedence_boundary::pre_revocation_height_with_unauthorized_actor_returns_unauthorized_not_did_revoked ... ok
test i3_capability_fail_closed_precedence_did::revoked_did_before_token_issue_still_returns_did_revoked_fail_closed ... ok
test i3_capability_fail_closed_precedence_did::revoked_did_with_expired_token_and_scope_mismatch_still_returns_did_revoked_fail_closed ... ok
test i3_capability_fail_closed_precedence_did::revoked_did_with_expired_token_and_unauthorized_actor_still_returns_did_revoked_fail_closed ... ok
test i3_capability_fail_closed_precedence_did::revoked_did_with_revoked_token_and_scope_mismatch_still_returns_did_revoked_fail_closed ... ok
test i3_capability_fail_closed_precedence_did::revoked_did_with_scope_mismatch_returns_did_revoked_fail_closed ... ok
test i3_capability_fail_closed_precedence_did::revoked_did_with_unauthorized_actor_still_returns_did_revoked_fail_closed ... ok
test i3_capability_fail_closed_precedence_token::expired_token_with_scope_mismatch_returns_inactive_fail_closed ... ok
test i3_capability_fail_closed_precedence_token::expired_token_with_unauthorized_actor_returns_inactive_fail_closed ... ok
test i3_capability_fail_closed_precedence_token::preissued_revoked_token_with_unauthorized_actor_and_scope_mismatch_stays_inactive_fail_closed ... ok
test i3_capability_fail_closed_precedence_token::preissued_token_with_scope_mismatch_returns_inactive_fail_closed ... ok
test i3_capability_fail_closed_precedence_token::preissued_token_with_unauthorized_actor_returns_inactive_fail_closed ... ok
test i3_capability_fail_closed_precedence_token::revoked_and_expired_token_with_scope_mismatch_returns_inactive_fail_closed ... ok
test i3_capability_fail_closed_precedence_token::revoked_and_expired_token_with_unauthorized_actor_returns_inactive_fail_closed ... ok
test i3_capability_fail_closed_precedence_token::revoked_token_with_scope_mismatch_returns_inactive_fail_closed ... ok
test i3_capability_fail_closed_precedence_token::revoked_token_with_unauthorized_actor_returns_inactive_fail_closed ... ok

test result: ok. 16 passed; 0 failed; 0 ignored; 0 measured; 0 filtered out; finished in 0.00s

     Running tests/i3_capability_issue_renew_revoke_competition.rs (/home/qian-qi/.cache/pon-invariant-target/debug/deps/i3_capability_issue_renew_revoke_competition-3388897a0e05cc36)

running 9 tests
test i3_capability_issue_renew_revoke_competition_did_boundary::issue_at_did_revocation_boundary_is_fail_closed_and_sequence_safe ... ok
test i3_capability_issue_renew_revoke_competition_did_boundary::revoke_at_issue_boundary_is_immediately_fail_closed_and_side_effect_free_for_renew ... ok
test i3_capability_issue_renew_revoke_competition_race::rejected_boundary_renew_after_same_height_revoke_keeps_audit_and_token_stable ... ok
test i3_capability_issue_renew_revoke_competition_race::rejected_post_boundary_renew_after_same_height_renew_then_revoke_is_side_effect_free ... ok
test i3_capability_issue_renew_revoke_competition_race::renew_at_revocation_boundary_is_fail_closed_when_revoke_lands_first ... ok
test i3_capability_issue_renew_revoke_competition_race::revoke_dominates_issue_renew_revoke_competition_at_same_height ... ok
test i3_capability_issue_renew_revoke_competition_race::same_height_revoke_replay_after_renew_then_revoke_is_idempotent_without_side_effects ... ok
test i3_capability_issue_renew_revoke_competition_verify::verify_at_revocation_boundary_is_fail_closed_after_same_height_renew_revoke_race ... ok
test i3_capability_issue_renew_revoke_competition_verify::verify_before_revocation_boundary_stays_active_after_same_height_renew_revoke_race ... ok

test result: ok. 9 passed; 0 failed; 0 ignored; 0 measured; 0 filtered out; finished in 0.00s

     Running tests/i3_capability_nonexpiring_revoke_competition.rs (/home/qian-qi/.cache/pon-invariant-target/debug/deps/i3_capability_nonexpiring_revoke_competition-efc3e7e3847c2df3)

running 4 tests
test i3_capability_nonexpiring_revoke_competition_boundary::nonexpiring_same_height_renew_then_revoke_preserves_historical_pre_boundary_verify ... ok
test i3_capability_nonexpiring_revoke_competition_boundary::nonexpiring_same_height_renew_then_revoke_still_fails_closed_at_boundary ... ok
test i3_capability_nonexpiring_revoke_competition_boundary::nonexpiring_token_revoke_then_same_height_renew_is_fail_closed ... ok
test i3_capability_nonexpiring_revoke_competition_side_effects::nonexpiring_rejected_post_boundary_renew_after_same_height_renew_then_revoke_is_side_effect_free ... ok

test result: ok. 4 passed; 0 failed; 0 ignored; 0 measured; 0 filtered out; finished in 0.00s

     Running tests/i3_did_revoke_cascade_same_height.rs (/home/qian-qi/.cache/pon-invariant-target/debug/deps/i3_did_revoke_cascade_same_height-7589f69c15fd13dd)

running 2 tests
test did_revoke_cascade_same_height_fail_closed_for_all_subject_tokens ... ok
test did_revoke_same_height_replay_is_idempotent_without_duplicate_cascade_audit ... ok

test result: ok. 2 passed; 0 failed; 0 ignored; 0 measured; 0 filtered out; finished in 0.00s

     Running tests/i3_did_token_revoke_same_height_precedence.rs (/home/qian-qi/.cache/pon-invariant-target/debug/deps/i3_did_token_revoke_same_height_precedence-6b41afdfbb040bc8)

running 1 test
test did_revoke_dominates_token_revoke_at_same_height_for_verifier_shape ... ok

test result: ok. 1 passed; 0 failed; 0 ignored; 0 measured; 0 filtered out; finished in 0.00s

     Running tests/i3_issue_renew_revoke_same_height.rs (/home/qian-qi/.cache/pon-invariant-target/debug/deps/i3_issue_renew_revoke_same_height-bba1b7b3e42e65f7)

running 1 test
test issue_renew_revoke_same_height_is_fail_closed_at_boundary ... ok

test result: ok. 1 passed; 0 failed; 0 ignored; 0 measured; 0 filtered out; finished in 0.00s

     Running tests/m2_reputation_upper_bound.rs (/home/qian-qi/.cache/pon-invariant-target/debug/deps/m2_reputation_upper_bound-05d04c53f440d3d5)

running 1 test
test m2_reputation_score_clamps_to_upper_bound_and_stays_trusted ... ok

test result: ok. 1 passed; 0 failed; 0 ignored; 0 measured; 0 filtered out; finished in 0.00s

     Running tests/task_metadata_compatibility_truth_table.rs (/home/qian-qi/.cache/pon-invariant-target/debug/deps/task_metadata_compatibility_truth_table-284b4b79b9f7ba40)

running 11 tests
test task_metadata_compatibility_truth_table_preserves_typed_governance_upgrade_decisions ... ok
test task_metadata_compatibility_truth_table_settlement_threading_keeps_legacy_note_only_fallback_distinct_from_threaded_incomplete_snapshot ... ok
test task_metadata_compatibility_truth_table_settlement_threading_prefers_incomplete_inline_settlement_over_complete_legacy_fallback ... ok
test task_metadata_compatibility_truth_table_settlement_threading_promotes_legacy_fallback_without_breaking_note_only_compatibility ... ok
test task_metadata_compatibility_truth_table_settlement_threading_report_serialization_preserves_fallback_vs_threaded_source ... ok
test task_metadata_compatibility_truth_table_settlement_threading_serialization_keeps_legacy_note_only_shape_compact ... ok
test task_metadata_compatibility_truth_table_task_object_report_tracks_legacy_fallback_to_threaded_transition ... ok
test task_metadata_compatibility_truth_table_task_object_settlement_helpers_preserve_absent_fallback_and_threaded_precedence ... ok
test task_metadata_compatibility_truth_table_task_object_threading_creates_metadata_when_absent ... ok
test task_metadata_compatibility_truth_table_task_object_threading_does_not_clobber_existing_inline_settlement ... ok
test task_metadata_compatibility_truth_table_task_object_threading_ignores_absent_fallback_without_materializing_metadata ... ok

test result: ok. 11 passed; 0 failed; 0 ignored; 0 measured; 0 filtered out; finished in 0.00s

     Running tests/task_metadata_settlement_alias.rs (/home/qian-qi/.cache/pon-invariant-target/debug/deps/task_metadata_settlement_alias-5f63d7836ef0a8e0)

running 3 tests
test canonical_settlement_wins_when_transitional_payload_sends_both_keys ... ok
test settlement_snapshot_alias_deserializes_into_threaded_task_metadata ... ok
test settlement_snapshot_alias_serializes_back_under_canonical_settlement_key ... ok

test result: ok. 3 passed; 0 failed; 0 ignored; 0 measured; 0 filtered out; finished in 0.00s

     Running tests/task_metadata_settlement_threading.rs (/home/qian-qi/.cache/pon-invariant-target/debug/deps/task_metadata_settlement_threading-848e9e33adb8f6f8)

running 3 tests
test thread_settlement_snapshot_does_not_clobber_existing_inline_settlement ... ok
test thread_settlement_snapshot_ignores_absent_fallback ... ok
test thread_settlement_snapshot_lifts_legacy_fallback_into_metadata ... ok

test result: ok. 3 passed; 0 failed; 0 ignored; 0 measured; 0 filtered out; finished in 0.00s

     Running tests/x3_settlement_stale_pending_replay.rs (/home/qian-qi/.cache/pon-invariant-target/debug/deps/x3_settlement_stale_pending_replay-8a5a954c6a31a318)

running 3 tests
test settlement_finalization_rejects_failed_tx_receipt ... ok
test stale_pending_replay_after_finalize_is_rejected_without_mutation ... ok
test terminal_finalize_replay_with_failed_tx_receipt_is_rejected_without_mutation ... ok

test result: ok. 3 passed; 0 failed; 0 ignored; 0 measured; 0 filtered out; finished in 0.00s

     Running unittests src/lib.rs (/home/qian-qi/.cache/pon-invariant-target/debug/deps/trnm_verification_profiles-0ad85bc3a70e62ef)

running 0 tests

test result: ok. 0 passed; 0 failed; 0 ignored; 0 measured; 0 filtered out; finished in 0.00s

     Running tests/profiles.rs (/home/qian-qi/.cache/pon-invariant-target/debug/deps/profiles-4f05b0dc06fb805c)

running 6 tests
test disabled_expired_revoked_and_unknown_profiles_do_not_fallback ... ok
test duplicate_challenge_is_rejected_and_lifecycle_is_forward_only ... ok
test exact_resolution_and_evidence_precede_backend ... ok
test subjective_profiles_cannot_escalate_objective_authority ... ok
test verified_rejected_and_unavailable_are_distinct_and_non_authoritative ... ok
test withdrawal_and_expiry_close_without_economic_or_order_authority ... ok

test result: ok. 6 passed; 0 failed; 0 ignored; 0 measured; 0 filtered out; finished in 0.00s

     Running unittests src/main.rs (/home/qian-qi/.cache/pon-invariant-target/debug/deps/trnm_worker_agent-21a6362ee6153d69)

running 342 tests
test assigned::tests::format_skip_summary_keeps_reason_counts_sorted_for_grep_stability ... ok
test assigned::tests::format_skip_summary_preserves_none_sentinel_for_zero_skip_runs ... ok
test assigned::tests::run_assigned_summary_line_keeps_operator_visible_handoff_tokens_stable ... ok
test command_runtime_exec::tests::real_llm_caller_parses_json_above_pipe_capacity ... ok
test command_runtime_exec::tests::successful_leader_still_cleans_descendants_that_close_their_pipes ... ok
test command_runtime_exec::tests::worker_deadline_includes_descendant_pipe_lifetime ... ok
test command_runtime_exec::tests::worker_drains_both_streams_above_pipe_capacity ... ok
test command_runtime_exec::tests::worker_rejects_aggregate_output_over_budget ... ok
test command_runtime_exec::tests::worker_stdin_is_eof_and_nonzero_status_is_preserved ... ok
test command_runtime_exec::tests::worker_timeout_kills_group_before_delayed_effect ... ok
test command_runtime_exec::tests::worker_zero_deadline_refuses_before_spawn ... ok
test command_runtime_exec::unix::permission_failure_is_never_excused_for_a_live_child ... ok
test flush_submission::tests::classify_flush_ack_does_not_reuse_persisted_reveal_hash_without_duplicate_receipt ... ok
test flush_submission::tests::classify_flush_ack_keeps_blank_persisted_commit_receipt_fail_closed_during_duplicate_resume ... ok
test flush_submission::tests::classify_flush_ack_keeps_blank_persisted_reveal_receipt_fail_closed_during_duplicate_resume ... ok
test flush_submission::tests::classify_flush_ack_prefers_rejection_on_terminal_commit ... ok
test flush_submission::tests::classify_flush_ack_reports_idempotent_when_hashes_present ... ok
test flush_submission::tests::classify_flush_ack_reuses_trimmed_persisted_hashes_during_duplicate_resume ... ok
test flush_submission::tests::classify_flush_ack_treats_blank_live_receipt_hashes_as_missing_evidence ... ok
test flush_submission::tests::normalize_adapter_tx_hash_trims_bom_and_zero_width_fillers ... ok
test flush_submission::tests::receipt_hash_observed_only_reuses_trimmed_previous_hash_for_duplicates ... ok
test flush_submission::tests::stage_tx_hash_for_ack_canonicalizes_boundary_fillers_in_persisted_duplicate_receipts ... ok
test flush_submission::tests::stage_tx_hash_for_ack_does_not_reuse_previous_hash_for_non_duplicate_blank_receipt ... ok
test flush_submission::tests::stage_tx_hash_for_ack_prefers_fresh_duplicate_receipt_over_persisted_hash ... ok
test flush_submission::tests::stage_tx_hash_for_ack_reuses_previous_hash_when_duplicate_receipt_has_only_invisible_fillers ... ok
test flush_submission::tests::stage_tx_hash_for_ack_reuses_previous_hash_when_duplicate_receipt_is_blank ... ok
test flush_submission::tests::verifier_status_mapping_keeps_retryable_flush_failures_distinct_from_rejections ... ok
test proof_adapter::tests::adapter_label_normalization_peels_nested_and_shell_escaped_quote_wrappers ... ok
test proof_adapter::tests::adapter_label_normalization_peels_smart_and_localized_quote_wrappers ... ok
test proof_adapter::tests::build_proof_adapter_accepts_default_and_fraud_and_tee_receipt_and_zk_aliases ... ok
test proof_adapter::tests::build_proof_adapter_accepts_separator_aliases_for_receipt_modes ... ok
test proof_adapter::tests::last_balanced_json_object_ignores_braces_inside_strings ... ok
test proof_adapter::tests::standard_proof_adapter_parse_response_accepts_crlf_fenced_multiline_json_payload ... ok
test proof_adapter::tests::standard_proof_adapter_parse_response_accepts_json_after_ansi_apc_logs ... ok
test proof_adapter::tests::standard_proof_adapter_parse_response_accepts_json_after_ansi_csi_logs ... ok
test proof_adapter::tests::standard_proof_adapter_parse_response_accepts_json_after_ansi_dcs_logs ... ok
test proof_adapter::tests::standard_proof_adapter_parse_response_accepts_json_after_ansi_osc_logs ... ok
test proof_adapter::tests::standard_proof_adapter_parse_response_accepts_json_after_ansi_pm_logs ... ok
test proof_adapter::tests::standard_proof_adapter_parse_response_accepts_json_after_raw_control_byte_noise ... ok
test proof_adapter::tests::standard_proof_adapter_parse_response_accepts_json_embedded_in_log_line ... ok
test proof_adapter::tests::standard_proof_adapter_parse_response_accepts_json_prefix_before_trailing_logs ... ok
test proof_adapter::tests::standard_proof_adapter_parse_response_accepts_json_with_raw_control_byte_prefix ... ok
test proof_adapter::tests::standard_proof_adapter_parse_response_accepts_json_with_utf8_bom_prefix ... ok
test proof_adapter::tests::standard_proof_adapter_parse_response_accepts_json_with_whitespace_then_bom_prefix ... ok
test proof_adapter::tests::standard_proof_adapter_parse_response_accepts_json_with_zero_width_filler_prefix ... ok
test proof_adapter::tests::standard_proof_adapter_parse_response_accepts_last_json_line_after_noise ... ok
test proof_adapter::tests::standard_proof_adapter_parse_response_accepts_multiline_json_payload ... ok
test proof_adapter::tests::standard_proof_adapter_parse_response_rejects_without_json_line ... ok
test proof_adapter::tests::standard_proof_adapter_reports_verifier_decision_and_reason_code ... ok
test proof_adapter::tests::tee_receipt_adapter_parse_response_requires_auditable_fields ... ok
test proof_adapter::tests::zk_receipt_adapter_parse_response_requires_auditable_fields ... ok
test tests::adapter_error_classification_enforces_contract_precedence_for_ambiguous_contexts ... ok
test tests::adapter_error_classification_is_unified_failed_adapter ... ok
test tests::adapter_error_classification_maps_mv2_fail_closed_receipt_contract_codes ... ok
test tests::adapter_error_signal_maps_retryability_to_penalty_tier ... ok
test tests::assigned_skip_reason_reports_devnet_smoke_gating_causes ... ok
test tests::attach_llm_provenance_accepts_agent_protocol_aliases ... ok
test tests::attach_llm_provenance_drops_overlong_and_controlled_v1_labels ... ok
test tests::attach_llm_provenance_drops_unsupported_agent_protocol ... ok
test tests::attach_llm_provenance_keeps_schema_empty_without_structured_fields ... ok
test tests::attach_llm_provenance_keeps_v1_when_v2_fields_are_invalid ... ok
test tests::attach_llm_provenance_normalizes_agent_protocol_casing ... ok
test tests::attach_llm_provenance_normalizes_compliance_profile_casing ... ok
test tests::attach_llm_provenance_normalizes_space_separated_compliance_profile ... ok
test tests::attach_llm_provenance_persists_provider_request_id ... ok
test tests::attach_llm_provenance_rejects_boundary_separators_in_compliance_profile ... ok
test tests::attach_llm_provenance_rejects_invalid_compliance_profile_chars ... ok
test tests::attach_llm_provenance_rejects_invisible_fillers_in_v1_labels ... ok
test tests::attach_llm_provenance_rejects_mixed_adjacent_separators_in_compliance_profile ... ok
test tests::attach_llm_provenance_rejects_non_ascii_or_invisible_agent_protocol_aliases ... ok
test tests::attach_llm_provenance_rejects_non_canonical_provider_request_id ... ok
test tests::attach_llm_provenance_rejects_repeated_separators_in_compliance_profile ... ok
test tests::attach_llm_provenance_trims_whitespace_and_drops_empty_fields ... ok
test tests::attach_llm_provenance_uses_v2_when_protocol_or_compliance_present ... ok
test tests::backoff_delay_is_exponential_and_saturating ... ok
test tests::backoff_delay_keeps_63rd_shift_for_small_base_before_saturating ... ok
test tests::backoff_delay_saturates_at_attempt_64_even_for_small_base ... ok
test tests::backoff_delay_stays_monotonic_after_saturation ... ok
test tests::config_defaults_apply_when_cli_and_env_missing ... ok
test tests::config_invalid_values_fallback_to_default ... ok
test tests::deterministic_rejection_codes_are_stable ... ok
test tests::duplicate_commit_still_executes_reveal_gate ... ok
test tests::enterprise_audit_export_accepts_case_and_whitespace_drift_for_v2_schema ... ok
test tests::enterprise_audit_export_accepts_separator_aliases_for_schema_version ... ok
test tests::enterprise_audit_export_accepts_separator_aliases_for_v1_schema_version ... ok
test tests::enterprise_audit_export_drops_v2_only_fields_when_schema_is_not_v2 ... ok
test tests::enterprise_audit_export_fail_closed_on_noncanonical_schema_tag ... ok
test tests::enterprise_audit_export_flattens_v2_provenance_for_agent_and_compliance ... ok
test tests::enterprise_audit_export_gates_fingerprint_when_schema_exists_without_labels ... ok
test tests::enterprise_audit_export_keeps_backward_compat_when_provenance_absent ... ok
test tests::enterprise_audit_export_normalizes_mcp_sse_aliases_for_v2_schema ... ok
test tests::enterprise_audit_export_normalizes_mcp_streamable_http_aliases_for_v2_schema ... ok
test tests::enterprise_audit_export_normalizes_mcp_websocket_aliases_for_v2_schema ... ok
test tests::enterprise_audit_export_re_normalizes_legacy_persisted_provenance_fields ... ok
test tests::enterprise_audit_export_re_normalizes_legacy_provider_request_id ... ok
test tests::enterprise_audit_export_trims_boundary_bom_from_provider_request_id ... ok
test tests::exp_backoff_delay_keeps_63rd_shift_for_small_base_before_saturating ... ok
test tests::exp_backoff_delay_saturates_at_attempt_64_even_for_small_base ... ok
test tests::exp_backoff_delay_saturates_without_overflow ... ok
test tests::export_audit_detects_markdown_output_extension ... ok
test tests::export_audit_index_contains_task_status_provider_model_and_fingerprint_keys ... ok
test tests::export_audit_index_drops_non_ascii_or_controlled_fingerprints ... ok
test tests::export_audit_index_normalizes_agent_protocol_aliases_to_canonical_keys ... ok
test tests::export_audit_index_normalizes_compliance_profile_aliases_to_canonical_keys ... ok
test tests::export_audit_index_normalizes_uppercase_fingerprint_variants ... ok
test tests::export_audit_index_trims_and_drops_blank_provider_model_or_fingerprint_values ... ok
test tests::export_audit_markdown_contains_provenance_fingerprint_fields ... ok
test tests::export_audit_markdown_normalizes_multiline_cells_to_single_line ... ok
test tests::flush_submissions_requires_tx_hash_receipts_for_terminal_acceptance ... ok
test tests::flush_submissions_reuses_persisted_reveal_tx_hash_for_duplicate_reveal_resume ... ok
test tests::flush_submissions_reuses_persisted_tx_hash_for_duplicate_resume_acceptance ... ok
test tests::idempotent_only_accepts_duplicate ... ok
test tests::is_task_acked_only_true_for_accepted_records ... ok
test tests::llm_adapter_accepts_last_json_line_when_stdout_has_noise ... ok
test tests::llm_adapter_non_retriable_fails_fast ... ok
test tests::llm_adapter_non_timeout_path_is_ok ... ok
test tests::llm_adapter_policy_rejects_zero_timeout_and_falls_back_to_default ... ok
test tests::llm_adapter_prompt_shell_chars_are_treated_as_plain_text ... ok
test tests::llm_adapter_rejects_stdout_without_any_json_line ... ok
test tests::llm_adapter_retry_budget_exhausted_returns_last_error ... ok
test tests::llm_adapter_retry_skips_zero_backoff_sleep_between_retriable_attempts ... ok
test tests::llm_adapter_retry_succeeds_within_budget ... ok
test tests::llm_adapter_tee_receipt_path_uses_adapter_parse_response_validation ... ok
test tests::llm_adapter_timeout_triggers ... ok
test tests::market_verification_reputation_tiers_remain_strictly_ordered ... ok
test tests::message_ingress_backward_compat_defaults_provider_request_id ... ok
test tests::normalized_agent_protocol_accepts_future_version_suffixes ... ok
test tests::normalized_agent_protocol_accepts_punctuation_variants_for_aliases ... ok
test tests::normalized_agent_protocol_accepts_websocket_aliases ... ok
test tests::normalized_agent_protocol_rejects_oversized_alias_input ... ok
test tests::normalized_compliance_profile_accepts_64_char_boundary ... ok
test tests::normalized_compliance_profile_accepts_alphanumeric_when_contains_alpha ... ok
test tests::normalized_compliance_profile_accepts_backslash_separators_and_normalizes_to_hyphen ... ok
test tests::normalized_compliance_profile_accepts_dot_separators_and_normalizes_to_hyphen ... ok
test tests::normalized_compliance_profile_accepts_slash_separators_and_normalizes_to_hyphen ... ok
test tests::normalized_compliance_profile_accepts_space_separators_and_normalizes_to_hyphen ... ok
test tests::normalized_compliance_profile_canonicalizes_underscore_to_hyphen ... ok
test tests::normalized_compliance_profile_rejects_adjacent_dot_separators ... ok
test tests::normalized_compliance_profile_rejects_adjacent_mixed_path_separators ... ok
test tests::normalized_compliance_profile_rejects_adjacent_space_separators ... ok
test tests::normalized_compliance_profile_rejects_control_whitespace_separators ... ok
test tests::normalized_compliance_profile_rejects_newline_separators ... ok
test tests::normalized_compliance_profile_rejects_numeric_only_values ... ok
test tests::normalized_compliance_profile_rejects_over_64_chars ... ok
test tests::normalized_compliance_profile_rejects_single_token_values ... ok
test tests::normalized_compliance_profile_rejects_values_starting_with_digit ... ok
test tests::normalized_provenance_label_accepts_ascii_audit_text ... ok
test tests::normalized_provenance_label_rejects_embedded_control_characters ... ok
test tests::normalized_provenance_label_rejects_non_ascii_homoglyphs ... ok
test tests::normalized_provider_request_id_accepts_boundary_and_rejects_overflow ... ok
test tests::normalized_provider_request_id_rejects_colon_and_non_alnum_edges ... ok
test tests::parse_command_spec_accepts_non_shell_binary ... ok
test tests::parse_command_spec_rejects_invalid_quote ... ok
test tests::parse_command_spec_rejects_shell_interpreter_programs ... ok
test tests::parse_tx_hash_accepts_128_char_receipts_for_real_cli_compat ... ok
test tests::parse_tx_hash_accepts_angle_bracket_wrapped_receipts ... ok
test tests::parse_tx_hash_accepts_backtick_wrapped_receipt_keys ... ok
test tests::parse_tx_hash_accepts_colon_style_receipts ... ok
test tests::parse_tx_hash_accepts_fullwidth_bracket_wrapped_receipts ... ok
test tests::parse_tx_hash_accepts_fullwidth_delimiter_receipts ... ok
test tests::parse_tx_hash_accepts_hyphenated_json_receipt_keys ... ok
test tests::parse_tx_hash_accepts_json_receipts_embedded_in_log_lines ... ok
test tests::parse_tx_hash_accepts_json_receipts_without_quotes_around_hash ... ok
test tests::parse_tx_hash_accepts_json_style_receipts_with_newlines_and_tabs_around_colon ... ok
test tests::parse_tx_hash_accepts_json_style_receipts_with_whitespace_after_colon ... ok
test tests::parse_tx_hash_accepts_json_style_receipts_with_whitespace_before_colon ... ok
test tests::parse_tx_hash_accepts_localized_quote_wrapped_receipts ... ok
test tests::parse_tx_hash_accepts_mixed_case_json_alias_receipts ... ok
test tests::parse_tx_hash_accepts_nested_shell_escaped_and_localized_quote_wrapped_receipts ... ok
test tests::parse_tx_hash_accepts_quoted_and_trailing_punctuated_tokens ... ok
test tests::parse_tx_hash_accepts_shell_escaped_quote_wrapped_receipt_values ... ok
test tests::parse_tx_hash_accepts_short_failure_receipts_without_0x_prefix ... ok
test tests::parse_tx_hash_accepts_single_quoted_json_style_receipts ... ok
test tests::parse_tx_hash_accepts_smart_quoted_receipt_keys ... ok
test tests::parse_tx_hash_accepts_smart_quoted_receipts ... ok
test tests::parse_tx_hash_accepts_smart_quoted_transaction_hash_alias_with_fullwidth_colon ... ok
test tests::parse_tx_hash_accepts_space_separated_receipt_keys ... ok
test tests::parse_tx_hash_accepts_space_separated_receipt_keys_with_tab_delimiter_padding ... ok
test tests::parse_tx_hash_accepts_transaction_hash_alias_receipts ... ok
test tests::parse_tx_hash_accepts_unicode_dash_receipt_keys ... ok
test tests::parse_tx_hash_accepts_uppercase_receipt_keys ... ok
test tests::parse_tx_hash_ignores_invisible_fillers_inside_receipt_key ... ok
test tests::parse_tx_hash_rejects_malformed_or_partial_values ... ok
test tests::parse_tx_hash_rejects_receipts_over_128_chars ... ok
test tests::parse_tx_hash_strips_bom_and_zero_width_fillers_around_receipt_value ... ok
test tests::persisted_ack_hashes_for_task_canonicalizes_legacy_wrapped_hex_receipts ... ok
test tests::persisted_ack_hashes_for_task_canonicalizes_shell_escaped_quote_wrapped_hex_receipts ... ok
test tests::persisted_ack_hashes_for_task_extracts_tx_hash_from_receipt_blob_entries ... ok
test tests::persisted_ack_hashes_for_task_ignores_blank_wrapped_hash_entries ... ok
test tests::persisted_ack_hashes_for_task_ignores_newer_other_task_records ... ok
test tests::persisted_ack_hashes_for_task_merges_hashes_across_failed_resume_attempts ... ok
test tests::query_audit_export_by_provenance_fingerprint_accepts_deeply_nested_quotes ... ok
test tests::query_audit_export_by_provenance_fingerprint_accepts_outer_quote_wrappers_before_validation ... ok
test tests::query_audit_export_by_provenance_fingerprint_accepts_quoted_lookup ... ok
test tests::query_audit_export_by_provenance_fingerprint_accepts_repeated_nested_quote_wrappers ... ok
test tests::query_audit_export_by_provenance_fingerprint_accepts_repeated_shell_escaped_quote_wrappers ... ok
test tests::query_audit_export_by_provenance_fingerprint_accepts_shell_escaped_outer_quote_wrappers ... ok
test tests::query_audit_export_by_provenance_fingerprint_accepts_very_deep_quote_wrappers ... ok
test tests::query_audit_export_by_provenance_fingerprint_normalizes_lookup ... ok
test tests::query_audit_export_by_provenance_fingerprint_rejects_blank_or_oversized_lookup ... ok
test tests::query_audit_export_by_provenance_fingerprint_trims_boundary_bom_before_lookup ... ok
test tests::query_audit_export_by_provenance_fingerprint_trims_fillers_after_quote_peeling ... ok
test tests::query_audit_export_by_task_id_uses_index_offsets ... ok
test tests::query_audit_output_serializes_normalized_fingerprint_only_when_present ... ok
test tests::query_audit_rejects_markdown_exports_fail_closed ... ok
test tests::reputation_delta_maps_market_penalty_and_reward_signals ... ok
test tests::reputation_label_round_trips_back_to_canonical_signal_and_impact ... ok
test tests::reputation_score_impact_pair_round_trips_fail_closed_on_hybrid_tuples ... ok
test tests::reputation_surface_axes_fail_closed_on_cross_signal_hybrids ... ok
test tests::reputation_surface_axes_round_trip_back_to_canonical_signal_and_impact ... ok
test tests::reputation_tier_round_trips_back_to_canonical_signal_and_impact ... ok
test tests::run_adapter_with_retry_does_not_sleep_after_deterministic_terminal_rejection ... ok
test tests::run_adapter_with_retry_does_not_sleep_after_retry_budget_exhaustion ... ok
test tests::run_adapter_with_retry_falls_back_to_stderr_tx_hash_when_stdout_duplicate_hash_is_malformed ... ok
test tests::run_adapter_with_retry_falls_back_to_stderr_tx_hash_when_stdout_slo_violation_hash_is_malformed ... ok
test tests::run_adapter_with_retry_falls_back_to_stderr_tx_hash_when_stdout_success_hash_is_malformed ... ok
test tests::run_adapter_with_retry_ignores_malformed_duplicate_receipt_hash_and_keeps_last_seen_hash ... ok
test tests::run_adapter_with_retry_ignores_malformed_nonce_rejected_receipt_hash_and_keeps_last_seen_hash ... ok
test tests::run_adapter_with_retry_keeps_last_seen_tx_hash_after_retriable_exhaustion ... ok
test tests::run_adapter_with_retry_prefers_latest_success_receipt_hash_over_prior_retry_hash ... ok
test tests::run_adapter_with_retry_prefers_newest_tx_hash_from_duplicate_terminal_receipt ... ok
test tests::run_adapter_with_retry_prefers_stdout_tx_hash_over_stderr_on_duplicate_terminal_receipt ... ok
test tests::run_adapter_with_retry_prefers_stdout_tx_hash_over_stderr_on_nonce_rejected_terminal_receipt ... ok
test tests::run_adapter_with_retry_prefers_stdout_tx_hash_over_stderr_on_slo_violation_terminal_receipt ... ok
test tests::run_adapter_with_retry_prefers_stdout_tx_hash_over_stderr_on_successful_retry ... ok
test tests::run_adapter_with_retry_preserves_last_seen_tx_hash_after_successful_retry ... ok
test tests::run_adapter_with_retry_preserves_last_seen_tx_hash_before_duplicate_terminal_stop ... ok
test tests::run_adapter_with_retry_preserves_last_seen_tx_hash_before_slo_violation_terminal_stop ... ok
test tests::run_adapter_with_retry_retries_with_exponential_backoff_schedule ... ok
test tests::run_adapter_with_retry_skips_zero_backoff_sleep_between_retriable_attempts ... ok
test tests::run_adapter_with_retry_stops_after_duplicate_terminal_receipt ... ok
test tests::run_adapter_with_retry_stops_after_nonce_rejected_terminal_receipt ... ok
test tests::run_adapter_with_retry_stops_after_slo_violation_terminal_receipt ... ok
test tests::slo_violation_commit_skips_reveal_execution_gate ... ok
test tests::task_lock_prevents_parallel_replay_for_same_task ... ok
test tests::terminal_commit_reject_skips_reveal_execution_gate ... ok
test tests::tests_adapter_path_classification::tests_adapter_path_classification_error::tests_adapter_path_classification_error_maps::tests_adapter_path_classification_error_maps_core::adapter_error_classification_maps_mv2_fail_closed_receipt_contract_codes_core ... ok
test tests::tests_adapter_path_classification::tests_adapter_path_classification_error::tests_adapter_path_classification_error_maps::tests_adapter_path_classification_error_maps_tail::adapter_error_classification_maps_mv2_fail_closed_receipt_contract_codes_tail ... ok
test tests::tests_adapter_path_classification::tests_adapter_path_classification_error::tests_adapter_path_classification_error_precedence::adapter_error_classification_enforces_contract_precedence_for_ambiguous_contexts ... ok
test tests::tests_adapter_path_classification::tests_adapter_path_classification_error::tests_adapter_path_classification_error_unified::adapter_error_classification_is_unified_failed_adapter ... ok
test tests::tests_adapter_path_classification::tests_adapter_path_classification_output::verify_model_output_enforces_trimmed_empty_and_char_limit_boundaries ... ok
test tests::tests_adapter_path_classification::tests_adapter_path_classification_reputation::adapter_error_signal_maps_retryability_to_penalty_tier ... ok
test tests::tests_adapter_path_classification::tests_adapter_path_classification_reputation::apply_reputation_signal_updates_record_via_single_mapping_path ... ok
test tests::tests_adapter_path_classification::tests_adapter_path_classification_reputation::canonical_reputation_impact_table_matches_signal_order_and_mapping_helpers ... ok
test tests::tests_adapter_path_classification::tests_adapter_path_classification_reputation::canonical_reputation_signal_order_matches_descending_tier_and_delta ... ok
test tests::tests_adapter_path_classification::tests_adapter_path_classification_reputation::canonical_reputation_surfaces_export_single_deterministic_table ... ok
test tests::tests_adapter_path_classification::tests_adapter_path_classification_reputation::canonical_reputation_surfaces_form_a_strictly_descending_score_ladder ... ok
test tests::tests_adapter_path_classification::tests_adapter_path_classification_reputation::canonical_reputation_surfaces_keep_all_score_axes_unique_per_signal ... ok
test tests::tests_adapter_path_classification::tests_adapter_path_classification_reputation::canonical_reputation_table_keeps_dense_tiers_and_unit_penalty_steps ... ok
test tests::tests_adapter_path_classification::tests_adapter_path_classification_reputation::canonical_reputation_table_keeps_label_delta_and_tier_lookups_one_to_one ... ok
test tests::tests_adapter_path_classification::tests_adapter_path_classification_reputation::canonical_reputation_weight_bps_descends_monotonically_with_tiers ... ok
test tests::tests_adapter_path_classification::tests_adapter_path_classification_reputation::market_verification_reputation_tiers_remain_strictly_ordered ... ok
test tests::tests_adapter_path_classification::tests_adapter_path_classification_reputation::reputation_delta_maps_market_penalty_and_reward_signals ... ok
test tests::tests_adapter_path_classification::tests_adapter_path_classification_reputation::reputation_delta_round_trips_back_to_canonical_signal_and_impact ... ok
test tests::tests_adapter_path_classification::tests_adapter_path_classification_reputation::reputation_impact_exposes_stable_labels_deltas_and_tiers ... ok
test tests::tests_adapter_path_classification::tests_adapter_path_classification_reputation::reputation_label_lookup_accepts_benign_formatting_variants ... ok
test tests::tests_adapter_path_classification::tests_adapter_path_classification_reputation::reputation_label_round_trips_back_to_canonical_signal_and_impact ... ok
test tests::tests_adapter_path_classification::tests_adapter_path_classification_reputation::reputation_rank_ordinal_matches_canonical_signal_order ... ok
test tests::tests_adapter_path_classification::tests_adapter_path_classification_reputation::reputation_score_impact_exposes_stable_labels_and_deltas ... ok
test tests::tests_adapter_path_classification::tests_adapter_path_classification_reputation::reputation_score_impact_pair_round_trips_fail_closed_on_hybrid_tuples ... ok
test tests::tests_adapter_path_classification::tests_adapter_path_classification_reputation::reputation_score_impact_remains_one_to_one_across_signals ... ok
test tests::tests_adapter_path_classification::tests_adapter_path_classification_reputation::reputation_surface_exposes_label_delta_tier_and_weight_via_single_mapping_path ... ok
test tests::tests_adapter_path_classification::tests_adapter_path_classification_reputation::reputation_surface_round_trips_back_to_canonical_signal_and_impact ... ok
test tests::tests_adapter_path_classification::tests_adapter_path_classification_reputation::reputation_tier_delta_and_label_ordering_stay_monotonic ... ok
test tests::tests_adapter_path_classification::tests_adapter_path_classification_reputation::reputation_tier_round_trips_back_to_canonical_signal_and_impact ... ok
test tests::tests_adapter_path_classification::tests_adapter_path_classification_reputation::reputation_tiers_match_score_ordering ... ok
test tests::tests_adapter_path_classification::tests_adapter_path_classification_reputation::reputation_weight_bps_exposes_dense_deterministic_rank_surface ... ok
test tests::tests_adapter_path_classification::tests_adapter_path_classification_reputation::reputation_weight_bps_round_trips_back_to_canonical_signal_and_impact ... ok
test tests::tests_adapter_path_classification::tests_adapter_path_classification_reputation::verifier_rejection_penalty_sits_between_retryable_and_non_retriable_adapter_failures ... ok
test tests::tests_adapter_path_classification::tests_adapter_path_classification_reputation_score_bps::reputation_gap_bps_from_best_exposes_deterministic_distance_from_accepted ... ok
test tests::tests_adapter_path_classification::tests_adapter_path_classification_reputation_score_bps::reputation_gap_bps_from_best_lookup_fails_closed_on_non_canonical_values ... ok
test tests::tests_adapter_path_classification::tests_adapter_path_classification_reputation_score_bps::reputation_gap_bps_from_best_round_trips_back_to_canonical_signal_and_impact ... ok
test tests::tests_adapter_path_classification::tests_adapter_path_classification_reputation_score_bps::reputation_gap_bps_from_best_stays_strictly_increasing_across_canonical_order ... ok
test tests::tests_adapter_path_classification::tests_adapter_path_classification_reputation_score_bps::reputation_gap_bps_from_worst_exposes_deterministic_distance_from_lowest_surface ... ok
test tests::tests_adapter_path_classification::tests_adapter_path_classification_reputation_score_bps::reputation_gap_bps_from_worst_lookup_fails_closed_on_non_canonical_values ... ok
test tests::tests_adapter_path_classification::tests_adapter_path_classification_reputation_score_bps::reputation_gap_bps_from_worst_round_trips_back_to_canonical_signal_and_impact ... ok
test tests::tests_adapter_path_classification::tests_adapter_path_classification_reputation_score_bps::reputation_gap_pair_lookup_fails_closed_on_cross_signal_hybrids ... ok
test tests::tests_adapter_path_classification::tests_adapter_path_classification_reputation_score_bps::reputation_gap_pair_round_trips_back_to_canonical_signal_and_impact ... ok
test tests::tests_adapter_path_classification::tests_adapter_path_classification_reputation_score_bps::reputation_numeric_surface_exports_stay_one_to_one_per_signal ... ok
test tests::tests_adapter_path_classification::tests_adapter_path_classification_reputation_score_bps::reputation_rank_gap_and_score_axes_stay_in_lockstep ... ok
test tests::tests_adapter_path_classification::tests_adapter_path_classification_reputation_score_bps::reputation_score_bps_lookup_fails_closed_on_non_canonical_values ... ok
test tests::tests_adapter_path_classification::tests_adapter_path_classification_reputation_score_bps::reputation_score_bps_normalizes_canonical_deltas_into_signed_basis_points ... ok
test tests::tests_adapter_path_classification::tests_adapter_path_classification_reputation_score_bps::reputation_score_bps_round_trips_back_to_canonical_signal_and_impact ... ok
test tests::tests_adapter_path_classification::tests_adapter_path_classification_reputation_score_bps::reputation_score_bps_stays_strictly_descending_across_canonical_order ... ok
test tests::tests_adapter_path_classification::tests_adapter_path_classification_reputation_surface_export::exported_canonical_reputation_surfaces_fail_closed_on_cross_signal_hybrids ... ok
test tests::tests_adapter_path_classification::tests_adapter_path_classification_reputation_surface_export::exported_canonical_reputation_surfaces_keep_strictly_descending_score_bps ... ok
test tests::tests_adapter_path_classification::tests_adapter_path_classification_reputation_surface_export::exported_canonical_reputation_surfaces_keep_unique_score_bps_per_signal ... ok
test tests::tests_adapter_path_classification::tests_adapter_path_classification_reputation_surface_export::exported_canonical_reputation_surfaces_round_trip_through_all_helper_axes ... ok
test tests::tests_adapter_path_classification::tests_adapter_path_classification_retry::exp_backoff_delay_saturates_without_overflow ... ok
test tests::tests_adapter_path_classification::tests_adapter_path_classification_retry::exp_backoff_delay_stays_monotonic_across_shift_cap_and_saturation ... ok
test tests::tests_adapter_path_classification::tests_adapter_path_classification_retry::llm_adapter_non_retriable_fails_fast ... ok
test tests::tests_adapter_path_classification::tests_adapter_path_classification_retry::llm_adapter_retry_budget_exhausted_returns_last_error ... ok
test tests::tests_adapter_path_classification::tests_adapter_path_classification_retry::llm_adapter_retry_succeeds_within_budget ... ok
test tests::tests_adapter_path_classification::tests_adapter_path_classification_retry::run_adapter_with_retry_falls_back_to_stderr_tx_hash_when_stdout_nonce_rejected_hash_is_malformed ... ok
test tests::tests_adapter_path_classification::tests_adapter_path_classification_retry::run_adapter_with_retry_ignores_malformed_nonce_rejected_receipt_hash_and_keeps_last_seen_hash ... ok
test tests::tests_adapter_path_classification::tests_adapter_path_classification_retry::run_adapter_with_retry_prefers_latest_nonce_rejected_receipt_hash_and_stops ... ok
test tests::tests_adapter_path_classification::tests_adapter_path_classification_retry::run_adapter_with_retry_prefers_latest_slo_violation_receipt_hash_and_stops ... ok
test tests::tests_adapter_path_classification::tests_adapter_path_classification_retry::run_adapter_with_retry_prefers_stdout_tx_hash_over_stderr_on_nonce_rejected_terminal_receipt ... ok
test tests::tests_adapter_path_classification::tests_adapter_path_classification_retry::run_adapter_with_retry_prefers_stdout_tx_hash_over_stderr_on_slo_violation_terminal_receipt ... ok
test tests::tests_adapter_path_classification::tests_adapter_path_classification_retry::run_adapter_with_retry_stops_after_retriable_failure_followed_by_deterministic_rejection ... ok
test tests::tests_adapter_path_classification::tests_adapter_path_classification_retry::run_adapter_with_retry_zero_backoff_retries_successfully ... ok
test tests::tests_adapter_path_classification::tests_adapter_path_classification_retry::tx_backoff_delay_saturates_without_overflow ... ok
test tests::tests_adapter_path_classification::tests_adapter_path_classification_retry::tx_backoff_delay_stays_monotonic_across_shift_cap_and_saturation ... ok
test tests::tests_adapter_path_classification::tests_adapter_path_classification_retry::tx_retry_policy_falls_back_per_field_when_other_env_value_is_invisible_filler_only ... ok
test tests::tests_adapter_path_classification::tests_adapter_path_classification_retry::tx_retry_policy_mixes_partial_cli_overrides_with_env_fallbacks ... ok
test tests::tests_adapter_path_classification::tests_adapter_path_classification_retry::tx_retry_policy_strips_bidi_isolates_and_variation_selectors_inside_env_values ... ok
test tests::tests_adapter_path_classification::tests_adapter_path_classification_retry::tx_retry_policy_strips_invisible_fillers_around_env_values ... ok
test tests::tests_adapter_path_classification::tests_adapter_path_classification_retry::tx_retry_policy_treats_invisible_filler_only_env_values_as_missing ... ok
test tests::transition_request_status_accepts_benign_formatting_variants ... ok
test tests::transition_request_status_rejects_malformed_state_with_stable_diagnostic ... ok
test tests::truncate_for_error_marks_truncated_payloads ... ok
test tests::tx_retry_policy_accepts_fullwidth_digits_and_signs_from_env_values ... ok
test tests::tx_retry_policy_accepts_zero_and_cli_overrides_invalid_env ... ok
test tests::tx_retry_policy_allows_per_field_cli_override_while_preserving_other_env_value ... ok
test tests::tx_retry_policy_falls_back_per_field_when_only_one_env_value_is_invalid ... ok
test tests::tx_retry_policy_ignores_embedded_bom_fillers_in_env_values ... ok
test tests::tx_retry_policy_ignores_embedded_control_wrappers_in_env_values ... ok
test tests::tx_retry_policy_ignores_embedded_invisible_fillers_in_env_values ... ok
test tests::tx_retry_policy_reads_process_env_and_preserves_cli_precedence ... ok
test tests::tx_retry_policy_rejects_negative_env_values_per_field ... ok
test tests::tx_retry_policy_rejects_negative_fullwidth_env_values ... ok
test tests::tx_retry_policy_rejects_negative_unicode_minus_env_values ... ok
test tests::tx_retry_policy_resolves_cli_and_env_sources_without_process_env_mutation ... ok
test tests::tx_retry_policy_treats_blank_env_values_as_missing ... ok
test tests::tx_retry_policy_trims_bom_and_invisible_fillers_around_env_values ... ok
test tests::tx_retry_policy_trims_control_wrappers_around_env_values ... ok
test tests::tx_retry_policy_trims_fullwidth_spaces_around_unicode_env_values ... ok
test tests::tx_retry_policy_trims_quote_wrapped_env_values ... ok
test tests::tx_retry_policy_trims_unicode_quotes_wrapped_env_values ... ok
test tests::tx_retry_policy_trims_whitespace_wrapped_env_values ... ok
test tests::validate_audit_export_index_accepts_current_version ... ok
test tests::validate_audit_export_index_rejects_out_of_bounds_offsets_fail_closed ... ok
test tests::validate_audit_export_index_rejects_total_record_mismatch_fail_closed ... ok
test tests::validate_audit_export_index_rejects_unknown_version_fail_closed ... ok
test tests::verifier_rejection_penalty_sits_between_retryable_and_non_retriable_adapter_failures ... ok
test tests::verify_model_output_enforces_trimmed_empty_and_char_limit_boundaries ... ok
test tests::zero_backoff_delay_remains_zero_across_retries ... ok
test workflow_ops::tests::build_commit_and_reveal_templates_are_stable ... ok
test workflow_ops::tests::build_run_once_output_carries_expected_fields ... ok
test workflow_ops::tests::compute_commit_hash_stays_deterministic ... ok
test workflow_ops::tests::compute_result_and_salt_matches_core_payload_hashing ... ok
test workflow_ops::tests::submit_log_contract_line_keeps_operator_handoff_tokens_stable ... ok

test result: ok. 342 passed; 0 failed; 0 ignored; 0 measured; 0 filtered out; finished in 5.01s

