{
  "candidate_dirty": false,
  "candidate_head": "dbb1c989342639c4c04366a0d12bc3ecb4760e04",
  "candidate_tree": "a38495fe234c4ae71aeae3c570d5d91acf847fee",
  "independent_acceptance_granted": false,
  "ordinary_product_integration_granted": false,
  "production_activation": false,
  "responsibilities": [
    {
      "backend": "Python codec and native Rust codec",
      "controlled_entrypoint": {
        "path": "formal/pon-nakamoto-v1/contract_wire.py",
        "symbol": "header_decode"
      },
      "evidence_selectors": [
        "formal/pon-nakamoto-v1/test_contracts.py::CodecTests.test_header_mutations_bind_all_fields",
        "formal/pon-nakamoto-v1/test_interop.py::InteropTests.test_rejection_vectors"
      ],
      "implementation_kind": "pure-component",
      "module": "M00",
      "operation": "M00.DecodeHeader",
      "ordinary_product_entrypoint": null,
      "packages": {
        "e3": {
          "artifact_integrity_verified": true,
          "changed_runtime_inputs": [],
          "changed_subjects": [],
          "complete_recorded_runtime_matches": true,
          "current_regression_support": true,
          "manifest": "evidence/pon-evaluation-bundle-v1/manifest.json",
          "measured_commit": "50e158640d8278ca94dbecb6539dab96c6a9fb84",
          "measured_tree": "d61a69d3433db127019924d269bf25ded3aecf60",
          "observed_selectors": [
            "formal/pon-nakamoto-v1/test_contracts.py::CodecTests.test_header_mutations_bind_all_fields",
            "formal/pon-nakamoto-v1/test_interop.py::InteropTests.test_rejection_vectors"
          ],
          "reexecuted_now": false,
          "runtime_inventory_added": [],
          "runtime_inventory_removed": [],
          "scope": "Sealed evaluation and full consent; actual zero adoption/reward and same-admin evaluator parity.",
          "source_binding_commit": "50e158640d8278ca94dbecb6539dab96c6a9fb84",
          "subject_bytes_match": true,
          "unobserved_selectors": [],
          "unrecorded_subjects": []
        },
        "v1": {
          "artifact_integrity_verified": true,
          "changed_runtime_inputs": [
            "config/pon/devnet-v1.json",
            "config/pon/ledger-v1.json",
            "formal/pon-nakamoto-v1/experiments/local_network.py",
            "formal/pon-nakamoto-v1/experiments/model_loop.py",
            "formal/pon-nakamoto-v1/experiments/run_campaign.py",
            "formal/pon-nakamoto-v1/experiments/settle_model.py",
            "formal/pon-nakamoto-v1/ledger.py",
            "formal/pon-nakamoto-v1/test_contracts.py",
            "formal/pon-nakamoto-v1/vectors/expected.json",
            "formal/pon-nakamoto-v1/vectors/header-short.bin",
            "formal/pon-nakamoto-v1/vectors/header-trailing.bin",
            "formal/pon-nakamoto-v1/vectors/header-version.bin",
            "formal/pon-nakamoto-v1/vectors/header.bin",
            "formal/pon-nakamoto-v1/vectors/tx-01.bin",
            "formal/pon-nakamoto-v1/vectors/tx-02.bin",
            "formal/pon-nakamoto-v1/vectors/tx-03.bin",
            "formal/pon-nakamoto-v1/vectors/tx-04.bin",
            "formal/pon-nakamoto-v1/vectors/tx-05.bin",
            "formal/pon-nakamoto-v1/vectors/tx-06.bin",
            "formal/pon-nakamoto-v1/vectors/tx-07.bin",
            "formal/pon-nakamoto-v1/vectors/tx-08.bin",
            "formal/pon-nakamoto-v1/vectors/tx-09.bin",
            "formal/pon-nakamoto-v1/vectors/tx-10.bin",
            "formal/pon-nakamoto-v1/vectors/tx-11.bin",
            "formal/pon-nakamoto-v1/vectors/tx-12.bin",
            "formal/pon-nakamoto-v1/vectors/tx-bad-length.bin",
            "formal/pon-nakamoto-v1/vectors/tx-short.bin",
            "formal/pon-nakamoto-v1/vectors/tx-trailing.bin",
            "formal/pon-nakamoto-v1/vectors/tx-unknown.bin",
            "formal/pon-nakamoto-v1/vectors/tx-zero-nonce.bin",
            "formal/pon-nakamoto-v1/vectors/work.bin",
            "trillionnium/Cargo.lock",
            "trillionnium/crates/trnm-crypto-primitives/src/lib.rs",
            "trillionnium/crates/trnm-mvcc-fee/Cargo.toml",
            "trillionnium/crates/trnm-mvcc-fee/src/lib.rs",
            "trillionnium/crates/trnm-protocol/src/pon_wire.rs",
            "trillionnium/crates/trnm-transport/Cargo.toml",
            "trillionnium/crates/trnm-transport/src/lib.rs"
          ],
          "changed_subjects": [
            "config/pon/devnet-v1.json",
            "config/pon/ledger-v1.json",
            "trillionnium/crates/trnm-protocol/src/pon_wire.rs"
          ],
          "complete_recorded_runtime_matches": false,
          "current_regression_support": false,
          "manifest": "evidence/pon-v1/manifest.json",
          "measured_commit": "8b87fee77ddee6a9778e8bebe880ba2627b05d5d",
          "measured_tree": null,
          "observed_selectors": [],
          "reexecuted_now": false,
          "runtime_inventory_added": [
            "formal/pon-nakamoto-v1/bounded_process.py",
            "formal/pon-nakamoto-v1/evaluation.py",
            "formal/pon-nakamoto-v1/evaluation_bundle.py",
            "formal/pon-nakamoto-v1/experiments/evaluation_host_parity.py",
            "formal/pon-nakamoto-v1/experiments/executor_comparison.py",
            "formal/pon-nakamoto-v1/experiments/learning_cycles.py",
            "formal/pon-nakamoto-v1/experiments/long_history.py",
            "formal/pon-nakamoto-v1/experiments/multihost_campaign.py",
            "formal/pon-nakamoto-v1/experiments/native_host_parity.py",
            "formal/pon-nakamoto-v1/experiments/parallel_cost.py",
            "formal/pon-nakamoto-v1/experiments/remote_peer.py",
            "formal/pon-nakamoto-v1/generate_accepted_block.py",
            "formal/pon-nakamoto-v1/inference_receipt.py",
            "formal/pon-nakamoto-v1/model_contract.py",
            "formal/pon-nakamoto-v1/native_execution.py",
            "formal/pon-nakamoto-v1/strict_signature.py",
            "formal/pon-nakamoto-v1/test_artifacts.py",
            "formal/pon-nakamoto-v1/test_bounded_process.py",
            "formal/pon-nakamoto-v1/test_evaluation.py",
            "formal/pon-nakamoto-v1/test_evaluation_bundle.py",
            "formal/pon-nakamoto-v1/test_inference_receipt.py",
            "formal/pon-nakamoto-v1/test_invariants.py",
            "formal/pon-nakamoto-v1/test_model_contract.py",
            "formal/pon-nakamoto-v1/test_native_execution.py",
            "formal/pon-nakamoto-v1/test_strict_signature.py",
            "formal/pon-nakamoto-v1/test_work_backend.py",
            "formal/pon-nakamoto-v1/vectors/accepted-block/expected.json",
            "formal/pon-nakamoto-v1/vectors/accepted-block/genesis-state.json",
            "formal/pon-nakamoto-v1/vectors/accepted-block/header.bin",
            "formal/pon-nakamoto-v1/vectors/accepted-block/post-state.json",
            "formal/pon-nakamoto-v1/vectors/accepted-block/transaction.bin",
            "formal/pon-nakamoto-v1/vectors/accepted-block/work.bin",
            "formal/pon-nakamoto-v1/work_backend.py",
            "trillionnium/crates/trnm-crypto-primitives/examples/pon_adversarial_cost.rs",
            "trillionnium/crates/trnm-crypto-primitives/examples/pon_work_io.rs",
            "trillionnium/crates/trnm-mvcc-fee/examples/pon_execute.rs",
            "trillionnium/crates/trnm-mvcc-fee/src/pon_executor.rs",
            "trillionnium/crates/trnm-transport/examples/pon_admission_load.rs",
            "trillionnium/crates/trnm-transport/src/proof_admission.rs"
          ],
          "runtime_inventory_removed": [],
          "scope": "Original revision1 work, ledger, model and loopback experiments; historical only.",
          "source_binding_commit": "5d59b9540268914794a62e8fa237caf999499314",
          "subject_bytes_match": false,
          "unobserved_selectors": [
            "formal/pon-nakamoto-v1/test_contracts.py::CodecTests.test_header_mutations_bind_all_fields",
            "formal/pon-nakamoto-v1/test_interop.py::InteropTests.test_rejection_vectors"
          ],
          "unrecorded_subjects": []
        },
        "v3": {
          "artifact_integrity_verified": true,
          "changed_runtime_inputs": [
            "formal/pon-nakamoto-v1/evaluation.py",
            "formal/pon-nakamoto-v1/experiments/learning_cycles.py",
            "formal/pon-nakamoto-v1/experiments/model_loop.py",
            "formal/pon-nakamoto-v1/experiments/run_campaign.py",
            "formal/pon-nakamoto-v1/experiments/settle_model.py",
            "formal/pon-nakamoto-v1/inference_receipt.py",
            "formal/pon-nakamoto-v1/model_contract.py",
            "formal/pon-nakamoto-v1/test_evaluation.py",
            "formal/pon-nakamoto-v1/test_inference_receipt.py",
            "formal/pon-nakamoto-v1/test_native_execution.py",
            "trillionnium/crates/trnm-mvcc-fee/examples/pon_execute.rs",
            "trillionnium/crates/trnm-mvcc-fee/src/pon_executor.rs"
          ],
          "changed_subjects": [],
          "complete_recorded_runtime_matches": false,
          "current_regression_support": false,
          "manifest": "evidence/pon-v3/manifest.json",
          "measured_commit": "242906bae4f281c738c60adbd2c053d2ded1eae5",
          "measured_tree": "160cc493ab4cfb7f3f8c26b2d1621691a0c49502",
          "observed_selectors": [
            "formal/pon-nakamoto-v1/test_contracts.py::CodecTests.test_header_mutations_bind_all_fields",
            "formal/pon-nakamoto-v1/test_interop.py::InteropTests.test_rejection_vectors"
          ],
          "reexecuted_now": false,
          "runtime_inventory_added": [
            "formal/pon-nakamoto-v1/evaluation_bundle.py",
            "formal/pon-nakamoto-v1/experiments/evaluation_host_parity.py",
            "formal/pon-nakamoto-v1/experiments/executor_comparison.py",
            "formal/pon-nakamoto-v1/experiments/native_host_parity.py",
            "formal/pon-nakamoto-v1/test_evaluation_bundle.py"
          ],
          "runtime_inventory_removed": [],
          "scope": "Recorded native/reference invariants, long history, work costs and same-admin host campaigns.",
          "source_binding_commit": "242906bae4f281c738c60adbd2c053d2ded1eae5",
          "subject_bytes_match": true,
          "unobserved_selectors": [],
          "unrecorded_subjects": []
        },
        "v4": {
          "artifact_integrity_verified": true,
          "changed_runtime_inputs": [
            "formal/pon-nakamoto-v1/evaluation.py",
            "formal/pon-nakamoto-v1/experiments/learning_cycles.py",
            "formal/pon-nakamoto-v1/experiments/model_loop.py",
            "formal/pon-nakamoto-v1/experiments/run_campaign.py",
            "formal/pon-nakamoto-v1/experiments/settle_model.py",
            "formal/pon-nakamoto-v1/inference_receipt.py",
            "formal/pon-nakamoto-v1/model_contract.py",
            "formal/pon-nakamoto-v1/test_evaluation.py",
            "formal/pon-nakamoto-v1/test_inference_receipt.py"
          ],
          "changed_subjects": [],
          "complete_recorded_runtime_matches": false,
          "current_regression_support": false,
          "manifest": "evidence/pon-v4/manifest.json",
          "measured_commit": "30b85c34d1be404dcccd9f415286bb43b00f64ea",
          "measured_tree": "4ee1a9d265f09871b0f167d2a5be77ca4b9839c0",
          "observed_selectors": [
            "formal/pon-nakamoto-v1/test_contracts.py::CodecTests.test_header_mutations_bind_all_fields",
            "formal/pon-nakamoto-v1/test_interop.py::InteropTests.test_rejection_vectors"
          ],
          "reexecuted_now": false,
          "runtime_inventory_added": [
            "formal/pon-nakamoto-v1/evaluation_bundle.py",
            "formal/pon-nakamoto-v1/experiments/evaluation_host_parity.py",
            "formal/pon-nakamoto-v1/test_evaluation_bundle.py"
          ],
          "runtime_inventory_removed": [],
          "scope": "Block-scoped native comparison and same-admin binary parity; no public TPS.",
          "source_binding_commit": "30b85c34d1be404dcccd9f415286bb43b00f64ea",
          "subject_bytes_match": true,
          "unobserved_selectors": [],
          "unrecorded_subjects": []
        }
      },
      "persistence_owner": null,
      "remaining": "Independent implementation and production upgrade acceptance; decoding is not admission.",
      "runtime_symbols": [
        {
          "path": "formal/pon-nakamoto-v1/contract_wire.py",
          "symbol": "header_decode"
        },
        {
          "path": "trillionnium/crates/trnm-protocol/src/pon_wire.rs",
          "symbol": "Header::decode"
        }
      ]
    },
    {
      "backend": "Python codec and native Rust codec",
      "controlled_entrypoint": {
        "path": "formal/pon-nakamoto-v1/contract_wire.py",
        "symbol": "tx_decode"
      },
      "evidence_selectors": [
        "formal/pon-nakamoto-v1/test_interop.py::InteropTests.test_rejection_vectors"
      ],
      "implementation_kind": "pure-component",
      "module": "M00",
      "operation": "M00.DecodeTransaction",
      "ordinary_product_entrypoint": null,
      "packages": {
        "e3": {
          "artifact_integrity_verified": true,
          "changed_runtime_inputs": [],
          "changed_subjects": [],
          "complete_recorded_runtime_matches": true,
          "current_regression_support": true,
          "manifest": "evidence/pon-evaluation-bundle-v1/manifest.json",
          "measured_commit": "50e158640d8278ca94dbecb6539dab96c6a9fb84",
          "measured_tree": "d61a69d3433db127019924d269bf25ded3aecf60",
          "observed_selectors": [
            "formal/pon-nakamoto-v1/test_interop.py::InteropTests.test_rejection_vectors"
          ],
          "reexecuted_now": false,
          "runtime_inventory_added": [],
          "runtime_inventory_removed": [],
          "scope": "Sealed evaluation and full consent; actual zero adoption/reward and same-admin evaluator parity.",
          "source_binding_commit": "50e158640d8278ca94dbecb6539dab96c6a9fb84",
          "subject_bytes_match": true,
          "unobserved_selectors": [],
          "unrecorded_subjects": []
        },
        "v1": {
          "artifact_integrity_verified": true,
          "changed_runtime_inputs": [
            "config/pon/devnet-v1.json",
            "config/pon/ledger-v1.json",
            "formal/pon-nakamoto-v1/experiments/local_network.py",
            "formal/pon-nakamoto-v1/experiments/model_loop.py",
            "formal/pon-nakamoto-v1/experiments/run_campaign.py",
            "formal/pon-nakamoto-v1/experiments/settle_model.py",
            "formal/pon-nakamoto-v1/ledger.py",
            "formal/pon-nakamoto-v1/test_contracts.py",
            "formal/pon-nakamoto-v1/vectors/expected.json",
            "formal/pon-nakamoto-v1/vectors/header-short.bin",
            "formal/pon-nakamoto-v1/vectors/header-trailing.bin",
            "formal/pon-nakamoto-v1/vectors/header-version.bin",
            "formal/pon-nakamoto-v1/vectors/header.bin",
            "formal/pon-nakamoto-v1/vectors/tx-01.bin",
            "formal/pon-nakamoto-v1/vectors/tx-02.bin",
            "formal/pon-nakamoto-v1/vectors/tx-03.bin",
            "formal/pon-nakamoto-v1/vectors/tx-04.bin",
            "formal/pon-nakamoto-v1/vectors/tx-05.bin",
            "formal/pon-nakamoto-v1/vectors/tx-06.bin",
            "formal/pon-nakamoto-v1/vectors/tx-07.bin",
            "formal/pon-nakamoto-v1/vectors/tx-08.bin",
            "formal/pon-nakamoto-v1/vectors/tx-09.bin",
            "formal/pon-nakamoto-v1/vectors/tx-10.bin",
            "formal/pon-nakamoto-v1/vectors/tx-11.bin",
            "formal/pon-nakamoto-v1/vectors/tx-12.bin",
            "formal/pon-nakamoto-v1/vectors/tx-bad-length.bin",
            "formal/pon-nakamoto-v1/vectors/tx-short.bin",
            "formal/pon-nakamoto-v1/vectors/tx-trailing.bin",
            "formal/pon-nakamoto-v1/vectors/tx-unknown.bin",
            "formal/pon-nakamoto-v1/vectors/tx-zero-nonce.bin",
            "formal/pon-nakamoto-v1/vectors/work.bin",
            "trillionnium/Cargo.lock",
            "trillionnium/crates/trnm-crypto-primitives/src/lib.rs",
            "trillionnium/crates/trnm-mvcc-fee/Cargo.toml",
            "trillionnium/crates/trnm-mvcc-fee/src/lib.rs",
            "trillionnium/crates/trnm-protocol/src/pon_wire.rs",
            "trillionnium/crates/trnm-transport/Cargo.toml",
            "trillionnium/crates/trnm-transport/src/lib.rs"
          ],
          "changed_subjects": [
            "config/pon/devnet-v1.json",
            "config/pon/ledger-v1.json",
            "trillionnium/crates/trnm-protocol/src/pon_wire.rs"
          ],
          "complete_recorded_runtime_matches": false,
          "current_regression_support": false,
          "manifest": "evidence/pon-v1/manifest.json",
          "measured_commit": "8b87fee77ddee6a9778e8bebe880ba2627b05d5d",
          "measured_tree": null,
          "observed_selectors": [],
          "reexecuted_now": false,
          "runtime_inventory_added": [
            "formal/pon-nakamoto-v1/bounded_process.py",
            "formal/pon-nakamoto-v1/evaluation.py",
            "formal/pon-nakamoto-v1/evaluation_bundle.py",
            "formal/pon-nakamoto-v1/experiments/evaluation_host_parity.py",
            "formal/pon-nakamoto-v1/experiments/executor_comparison.py",
            "formal/pon-nakamoto-v1/experiments/learning_cycles.py",
            "formal/pon-nakamoto-v1/experiments/long_history.py",
            "formal/pon-nakamoto-v1/experiments/multihost_campaign.py",
            "formal/pon-nakamoto-v1/experiments/native_host_parity.py",
            "formal/pon-nakamoto-v1/experiments/parallel_cost.py",
            "formal/pon-nakamoto-v1/experiments/remote_peer.py",
            "formal/pon-nakamoto-v1/generate_accepted_block.py",
            "formal/pon-nakamoto-v1/inference_receipt.py",
            "formal/pon-nakamoto-v1/model_contract.py",
            "formal/pon-nakamoto-v1/native_execution.py",
            "formal/pon-nakamoto-v1/strict_signature.py",
            "formal/pon-nakamoto-v1/test_artifacts.py",
            "formal/pon-nakamoto-v1/test_bounded_process.py",
            "formal/pon-nakamoto-v1/test_evaluation.py",
            "formal/pon-nakamoto-v1/test_evaluation_bundle.py",
            "formal/pon-nakamoto-v1/test_inference_receipt.py",
            "formal/pon-nakamoto-v1/test_invariants.py",
            "formal/pon-nakamoto-v1/test_model_contract.py",
            "formal/pon-nakamoto-v1/test_native_execution.py",
            "formal/pon-nakamoto-v1/test_strict_signature.py",
            "formal/pon-nakamoto-v1/test_work_backend.py",
            "formal/pon-nakamoto-v1/vectors/accepted-block/expected.json",
            "formal/pon-nakamoto-v1/vectors/accepted-block/genesis-state.json",
            "formal/pon-nakamoto-v1/vectors/accepted-block/header.bin",
            "formal/pon-nakamoto-v1/vectors/accepted-block/post-state.json",
            "formal/pon-nakamoto-v1/vectors/accepted-block/transaction.bin",
            "formal/pon-nakamoto-v1/vectors/accepted-block/work.bin",
            "formal/pon-nakamoto-v1/work_backend.py",
            "trillionnium/crates/trnm-crypto-primitives/examples/pon_adversarial_cost.rs",
            "trillionnium/crates/trnm-crypto-primitives/examples/pon_work_io.rs",
            "trillionnium/crates/trnm-mvcc-fee/examples/pon_execute.rs",
            "trillionnium/crates/trnm-mvcc-fee/src/pon_executor.rs",
            "trillionnium/crates/trnm-transport/examples/pon_admission_load.rs",
            "trillionnium/crates/trnm-transport/src/proof_admission.rs"
          ],
          "runtime_inventory_removed": [],
          "scope": "Original revision1 work, ledger, model and loopback experiments; historical only.",
          "source_binding_commit": "5d59b9540268914794a62e8fa237caf999499314",
          "subject_bytes_match": false,
          "unobserved_selectors": [
            "formal/pon-nakamoto-v1/test_interop.py::InteropTests.test_rejection_vectors"
          ],
          "unrecorded_subjects": []
        },
        "v3": {
          "artifact_integrity_verified": true,
          "changed_runtime_inputs": [
            "formal/pon-nakamoto-v1/evaluation.py",
            "formal/pon-nakamoto-v1/experiments/learning_cycles.py",
            "formal/pon-nakamoto-v1/experiments/model_loop.py",
            "formal/pon-nakamoto-v1/experiments/run_campaign.py",
            "formal/pon-nakamoto-v1/experiments/settle_model.py",
            "formal/pon-nakamoto-v1/inference_receipt.py",
            "formal/pon-nakamoto-v1/model_contract.py",
            "formal/pon-nakamoto-v1/test_evaluation.py",
            "formal/pon-nakamoto-v1/test_inference_receipt.py",
            "formal/pon-nakamoto-v1/test_native_execution.py",
            "trillionnium/crates/trnm-mvcc-fee/examples/pon_execute.rs",
            "trillionnium/crates/trnm-mvcc-fee/src/pon_executor.rs"
          ],
          "changed_subjects": [],
          "complete_recorded_runtime_matches": false,
          "current_regression_support": false,
          "manifest": "evidence/pon-v3/manifest.json",
          "measured_commit": "242906bae4f281c738c60adbd2c053d2ded1eae5",
          "measured_tree": "160cc493ab4cfb7f3f8c26b2d1621691a0c49502",
          "observed_selectors": [
            "formal/pon-nakamoto-v1/test_interop.py::InteropTests.test_rejection_vectors"
          ],
          "reexecuted_now": false,
          "runtime_inventory_added": [
            "formal/pon-nakamoto-v1/evaluation_bundle.py",
            "formal/pon-nakamoto-v1/experiments/evaluation_host_parity.py",
            "formal/pon-nakamoto-v1/experiments/executor_comparison.py",
            "formal/pon-nakamoto-v1/experiments/native_host_parity.py",
            "formal/pon-nakamoto-v1/test_evaluation_bundle.py"
          ],
          "runtime_inventory_removed": [],
          "scope": "Recorded native/reference invariants, long history, work costs and same-admin host campaigns.",
          "source_binding_commit": "242906bae4f281c738c60adbd2c053d2ded1eae5",
          "subject_bytes_match": true,
          "unobserved_selectors": [],
          "unrecorded_subjects": []
        },
        "v4": {
          "artifact_integrity_verified": true,
          "changed_runtime_inputs": [
            "formal/pon-nakamoto-v1/evaluation.py",
            "formal/pon-nakamoto-v1/experiments/learning_cycles.py",
            "formal/pon-nakamoto-v1/experiments/model_loop.py",
            "formal/pon-nakamoto-v1/experiments/run_campaign.py",
            "formal/pon-nakamoto-v1/experiments/settle_model.py",
            "formal/pon-nakamoto-v1/inference_receipt.py",
            "formal/pon-nakamoto-v1/model_contract.py",
            "formal/pon-nakamoto-v1/test_evaluation.py",
            "formal/pon-nakamoto-v1/test_inference_receipt.py"
          ],
          "changed_subjects": [],
          "complete_recorded_runtime_matches": false,
          "current_regression_support": false,
          "manifest": "evidence/pon-v4/manifest.json",
          "measured_commit": "30b85c34d1be404dcccd9f415286bb43b00f64ea",
          "measured_tree": "4ee1a9d265f09871b0f167d2a5be77ca4b9839c0",
          "observed_selectors": [
            "formal/pon-nakamoto-v1/test_interop.py::InteropTests.test_rejection_vectors"
          ],
          "reexecuted_now": false,
          "runtime_inventory_added": [
            "formal/pon-nakamoto-v1/evaluation_bundle.py",
            "formal/pon-nakamoto-v1/experiments/evaluation_host_parity.py",
            "formal/pon-nakamoto-v1/test_evaluation_bundle.py"
          ],
          "runtime_inventory_removed": [],
          "scope": "Block-scoped native comparison and same-admin binary parity; no public TPS.",
          "source_binding_commit": "30b85c34d1be404dcccd9f415286bb43b00f64ea",
          "subject_bytes_match": true,
          "unobserved_selectors": [],
          "unrecorded_subjects": []
        }
      },
      "persistence_owner": null,
      "remaining": "No nonce reservation or balance authority from decoded bytes.",
      "runtime_symbols": [
        {
          "path": "formal/pon-nakamoto-v1/contract_wire.py",
          "symbol": "tx_decode"
        },
        {
          "path": "trillionnium/crates/trnm-protocol/src/pon_wire.rs",
          "symbol": "Envelope::decode"
        }
      ]
    },
    {
      "backend": "Explicit TRNM_NATIVE_WORK or separately named Python reference",
      "controlled_entrypoint": {
        "path": "formal/pon-nakamoto-v1/work_backend.py",
        "symbol": "verify"
      },
      "evidence_selectors": [
        "formal/pon-nakamoto-v1/test_work_backend.py::NativeWorkBridgeTests.test_proof_bytes_and_verified_product_equal_oracle",
        "formal/pon-nakamoto-v1/test_work_backend.py::NativeWorkBridgeTests.test_wrong_statement_and_bad_trace_reject_without_fallback"
      ],
      "implementation_kind": "native-component-with-reference-caller",
      "module": "M01",
      "operation": "M01.VerifyWork",
      "ordinary_product_entrypoint": null,
      "packages": {
        "e3": {
          "artifact_integrity_verified": true,
          "changed_runtime_inputs": [],
          "changed_subjects": [],
          "complete_recorded_runtime_matches": true,
          "current_regression_support": true,
          "manifest": "evidence/pon-evaluation-bundle-v1/manifest.json",
          "measured_commit": "50e158640d8278ca94dbecb6539dab96c6a9fb84",
          "measured_tree": "d61a69d3433db127019924d269bf25ded3aecf60",
          "observed_selectors": [
            "formal/pon-nakamoto-v1/test_work_backend.py::NativeWorkBridgeTests.test_proof_bytes_and_verified_product_equal_oracle",
            "formal/pon-nakamoto-v1/test_work_backend.py::NativeWorkBridgeTests.test_wrong_statement_and_bad_trace_reject_without_fallback"
          ],
          "reexecuted_now": false,
          "runtime_inventory_added": [],
          "runtime_inventory_removed": [],
          "scope": "Sealed evaluation and full consent; actual zero adoption/reward and same-admin evaluator parity.",
          "source_binding_commit": "50e158640d8278ca94dbecb6539dab96c6a9fb84",
          "subject_bytes_match": true,
          "unobserved_selectors": [],
          "unrecorded_subjects": []
        },
        "v1": {
          "artifact_integrity_verified": true,
          "changed_runtime_inputs": [
            "config/pon/devnet-v1.json",
            "config/pon/ledger-v1.json",
            "formal/pon-nakamoto-v1/experiments/local_network.py",
            "formal/pon-nakamoto-v1/experiments/model_loop.py",
            "formal/pon-nakamoto-v1/experiments/run_campaign.py",
            "formal/pon-nakamoto-v1/experiments/settle_model.py",
            "formal/pon-nakamoto-v1/ledger.py",
            "formal/pon-nakamoto-v1/test_contracts.py",
            "formal/pon-nakamoto-v1/vectors/expected.json",
            "formal/pon-nakamoto-v1/vectors/header-short.bin",
            "formal/pon-nakamoto-v1/vectors/header-trailing.bin",
            "formal/pon-nakamoto-v1/vectors/header-version.bin",
            "formal/pon-nakamoto-v1/vectors/header.bin",
            "formal/pon-nakamoto-v1/vectors/tx-01.bin",
            "formal/pon-nakamoto-v1/vectors/tx-02.bin",
            "formal/pon-nakamoto-v1/vectors/tx-03.bin",
            "formal/pon-nakamoto-v1/vectors/tx-04.bin",
            "formal/pon-nakamoto-v1/vectors/tx-05.bin",
            "formal/pon-nakamoto-v1/vectors/tx-06.bin",
            "formal/pon-nakamoto-v1/vectors/tx-07.bin",
            "formal/pon-nakamoto-v1/vectors/tx-08.bin",
            "formal/pon-nakamoto-v1/vectors/tx-09.bin",
            "formal/pon-nakamoto-v1/vectors/tx-10.bin",
            "formal/pon-nakamoto-v1/vectors/tx-11.bin",
            "formal/pon-nakamoto-v1/vectors/tx-12.bin",
            "formal/pon-nakamoto-v1/vectors/tx-bad-length.bin",
            "formal/pon-nakamoto-v1/vectors/tx-short.bin",
            "formal/pon-nakamoto-v1/vectors/tx-trailing.bin",
            "formal/pon-nakamoto-v1/vectors/tx-unknown.bin",
            "formal/pon-nakamoto-v1/vectors/tx-zero-nonce.bin",
            "formal/pon-nakamoto-v1/vectors/work.bin",
            "trillionnium/Cargo.lock",
            "trillionnium/crates/trnm-crypto-primitives/src/lib.rs",
            "trillionnium/crates/trnm-mvcc-fee/Cargo.toml",
            "trillionnium/crates/trnm-mvcc-fee/src/lib.rs",
            "trillionnium/crates/trnm-protocol/src/pon_wire.rs",
            "trillionnium/crates/trnm-transport/Cargo.toml",
            "trillionnium/crates/trnm-transport/src/lib.rs"
          ],
          "changed_subjects": [
            "config/pon/devnet-v1.json",
            "config/pon/ledger-v1.json"
          ],
          "complete_recorded_runtime_matches": false,
          "current_regression_support": false,
          "manifest": "evidence/pon-v1/manifest.json",
          "measured_commit": "8b87fee77ddee6a9778e8bebe880ba2627b05d5d",
          "measured_tree": null,
          "observed_selectors": [],
          "reexecuted_now": false,
          "runtime_inventory_added": [
            "formal/pon-nakamoto-v1/bounded_process.py",
            "formal/pon-nakamoto-v1/evaluation.py",
            "formal/pon-nakamoto-v1/evaluation_bundle.py",
            "formal/pon-nakamoto-v1/experiments/evaluation_host_parity.py",
            "formal/pon-nakamoto-v1/experiments/executor_comparison.py",
            "formal/pon-nakamoto-v1/experiments/learning_cycles.py",
            "formal/pon-nakamoto-v1/experiments/long_history.py",
            "formal/pon-nakamoto-v1/experiments/multihost_campaign.py",
            "formal/pon-nakamoto-v1/experiments/native_host_parity.py",
            "formal/pon-nakamoto-v1/experiments/parallel_cost.py",
            "formal/pon-nakamoto-v1/experiments/remote_peer.py",
            "formal/pon-nakamoto-v1/generate_accepted_block.py",
            "formal/pon-nakamoto-v1/inference_receipt.py",
            "formal/pon-nakamoto-v1/model_contract.py",
            "formal/pon-nakamoto-v1/native_execution.py",
            "formal/pon-nakamoto-v1/strict_signature.py",
            "formal/pon-nakamoto-v1/test_artifacts.py",
            "formal/pon-nakamoto-v1/test_bounded_process.py",
            "formal/pon-nakamoto-v1/test_evaluation.py",
            "formal/pon-nakamoto-v1/test_evaluation_bundle.py",
            "formal/pon-nakamoto-v1/test_inference_receipt.py",
            "formal/pon-nakamoto-v1/test_invariants.py",
            "formal/pon-nakamoto-v1/test_model_contract.py",
            "formal/pon-nakamoto-v1/test_native_execution.py",
            "formal/pon-nakamoto-v1/test_strict_signature.py",
            "formal/pon-nakamoto-v1/test_work_backend.py",
            "formal/pon-nakamoto-v1/vectors/accepted-block/expected.json",
            "formal/pon-nakamoto-v1/vectors/accepted-block/genesis-state.json",
            "formal/pon-nakamoto-v1/vectors/accepted-block/header.bin",
            "formal/pon-nakamoto-v1/vectors/accepted-block/post-state.json",
            "formal/pon-nakamoto-v1/vectors/accepted-block/transaction.bin",
            "formal/pon-nakamoto-v1/vectors/accepted-block/work.bin",
            "formal/pon-nakamoto-v1/work_backend.py",
            "trillionnium/crates/trnm-crypto-primitives/examples/pon_adversarial_cost.rs",
            "trillionnium/crates/trnm-crypto-primitives/examples/pon_work_io.rs",
            "trillionnium/crates/trnm-mvcc-fee/examples/pon_execute.rs",
            "trillionnium/crates/trnm-mvcc-fee/src/pon_executor.rs",
            "trillionnium/crates/trnm-transport/examples/pon_admission_load.rs",
            "trillionnium/crates/trnm-transport/src/proof_admission.rs"
          ],
          "runtime_inventory_removed": [],
          "scope": "Original revision1 work, ledger, model and loopback experiments; historical only.",
          "source_binding_commit": "5d59b9540268914794a62e8fa237caf999499314",
          "subject_bytes_match": false,
          "unobserved_selectors": [
            "formal/pon-nakamoto-v1/test_work_backend.py::NativeWorkBridgeTests.test_proof_bytes_and_verified_product_equal_oracle",
            "formal/pon-nakamoto-v1/test_work_backend.py::NativeWorkBridgeTests.test_wrong_statement_and_bad_trace_reject_without_fallback"
          ],
          "unrecorded_subjects": [
            "formal/pon-nakamoto-v1/work_backend.py"
          ]
        },
        "v3": {
          "artifact_integrity_verified": true,
          "changed_runtime_inputs": [
            "formal/pon-nakamoto-v1/evaluation.py",
            "formal/pon-nakamoto-v1/experiments/learning_cycles.py",
            "formal/pon-nakamoto-v1/experiments/model_loop.py",
            "formal/pon-nakamoto-v1/experiments/run_campaign.py",
            "formal/pon-nakamoto-v1/experiments/settle_model.py",
            "formal/pon-nakamoto-v1/inference_receipt.py",
            "formal/pon-nakamoto-v1/model_contract.py",
            "formal/pon-nakamoto-v1/test_evaluation.py",
            "formal/pon-nakamoto-v1/test_inference_receipt.py",
            "formal/pon-nakamoto-v1/test_native_execution.py",
            "trillionnium/crates/trnm-mvcc-fee/examples/pon_execute.rs",
            "trillionnium/crates/trnm-mvcc-fee/src/pon_executor.rs"
          ],
          "changed_subjects": [],
          "complete_recorded_runtime_matches": false,
          "current_regression_support": false,
          "manifest": "evidence/pon-v3/manifest.json",
          "measured_commit": "242906bae4f281c738c60adbd2c053d2ded1eae5",
          "measured_tree": "160cc493ab4cfb7f3f8c26b2d1621691a0c49502",
          "observed_selectors": [
            "formal/pon-nakamoto-v1/test_work_backend.py::NativeWorkBridgeTests.test_proof_bytes_and_verified_product_equal_oracle",
            "formal/pon-nakamoto-v1/test_work_backend.py::NativeWorkBridgeTests.test_wrong_statement_and_bad_trace_reject_without_fallback"
          ],
          "reexecuted_now": false,
          "runtime_inventory_added": [
            "formal/pon-nakamoto-v1/evaluation_bundle.py",
            "formal/pon-nakamoto-v1/experiments/evaluation_host_parity.py",
            "formal/pon-nakamoto-v1/experiments/executor_comparison.py",
            "formal/pon-nakamoto-v1/experiments/native_host_parity.py",
            "formal/pon-nakamoto-v1/test_evaluation_bundle.py"
          ],
          "runtime_inventory_removed": [],
          "scope": "Recorded native/reference invariants, long history, work costs and same-admin host campaigns.",
          "source_binding_commit": "242906bae4f281c738c60adbd2c053d2ded1eae5",
          "subject_bytes_match": true,
          "unobserved_selectors": [],
          "unrecorded_subjects": []
        },
        "v4": {
          "artifact_integrity_verified": true,
          "changed_runtime_inputs": [
            "formal/pon-nakamoto-v1/evaluation.py",
            "formal/pon-nakamoto-v1/experiments/learning_cycles.py",
            "formal/pon-nakamoto-v1/experiments/model_loop.py",
            "formal/pon-nakamoto-v1/experiments/run_campaign.py",
            "formal/pon-nakamoto-v1/experiments/settle_model.py",
            "formal/pon-nakamoto-v1/inference_receipt.py",
            "formal/pon-nakamoto-v1/model_contract.py",
            "formal/pon-nakamoto-v1/test_evaluation.py",
            "formal/pon-nakamoto-v1/test_inference_receipt.py"
          ],
          "changed_subjects": [],
          "complete_recorded_runtime_matches": false,
          "current_regression_support": false,
          "manifest": "evidence/pon-v4/manifest.json",
          "measured_commit": "30b85c34d1be404dcccd9f415286bb43b00f64ea",
          "measured_tree": "4ee1a9d265f09871b0f167d2a5be77ca4b9839c0",
          "observed_selectors": [
            "formal/pon-nakamoto-v1/test_work_backend.py::NativeWorkBridgeTests.test_proof_bytes_and_verified_product_equal_oracle",
            "formal/pon-nakamoto-v1/test_work_backend.py::NativeWorkBridgeTests.test_wrong_statement_and_bad_trace_reject_without_fallback"
          ],
          "reexecuted_now": false,
          "runtime_inventory_added": [
            "formal/pon-nakamoto-v1/evaluation_bundle.py",
            "formal/pon-nakamoto-v1/experiments/evaluation_host_parity.py",
            "formal/pon-nakamoto-v1/test_evaluation_bundle.py"
          ],
          "runtime_inventory_removed": [],
          "scope": "Block-scoped native comparison and same-admin binary parity; no public TPS.",
          "source_binding_commit": "30b85c34d1be404dcccd9f415286bb43b00f64ea",
          "subject_bytes_match": true,
          "unobserved_selectors": [],
          "unrecorded_subjects": []
        }
      },
      "persistence_owner": null,
      "remaining": "Fastest-adversary work cost, public ingress fairness and complete native host remain unqualified.",
      "runtime_symbols": [
        {
          "path": "trillionnium/crates/trnm-crypto-primitives/src/pon_work.rs",
          "symbol": "verify"
        },
        {
          "path": "formal/pon-nakamoto-v1/work_backend.py",
          "symbol": "verify"
        }
      ]
    },
    {
      "backend": "M06 strict native main-envelope and state-bound quota verification",
      "controlled_entrypoint": {
        "path": "formal/pon-nakamoto-v1/native_execution.py",
        "symbol": "execute_native"
      },
      "evidence_selectors": [
        "formal/pon-nakamoto-v1/test_native_execution.py::NativeExecutionTests.test_bad_signature_rejects_entire_block_without_parent_mutation",
        "formal/pon-nakamoto-v1/test_strict_signature.py::StrictSignatureTests.test_native_and_reference_reject_weak_sender_without_state_change"
      ],
      "implementation_kind": "native-component-with-reference-caller",
      "module": "M01",
      "operation": "M01.VerifyTransactionSignature",
      "ordinary_product_entrypoint": null,
      "packages": {
        "e3": {
          "artifact_integrity_verified": true,
          "changed_runtime_inputs": [],
          "changed_subjects": [],
          "complete_recorded_runtime_matches": true,
          "current_regression_support": true,
          "manifest": "evidence/pon-evaluation-bundle-v1/manifest.json",
          "measured_commit": "50e158640d8278ca94dbecb6539dab96c6a9fb84",
          "measured_tree": "d61a69d3433db127019924d269bf25ded3aecf60",
          "observed_selectors": [
            "formal/pon-nakamoto-v1/test_native_execution.py::NativeExecutionTests.test_bad_signature_rejects_entire_block_without_parent_mutation",
            "formal/pon-nakamoto-v1/test_strict_signature.py::StrictSignatureTests.test_native_and_reference_reject_weak_sender_without_state_change"
          ],
          "reexecuted_now": false,
          "runtime_inventory_added": [],
          "runtime_inventory_removed": [],
          "scope": "Sealed evaluation and full consent; actual zero adoption/reward and same-admin evaluator parity.",
          "source_binding_commit": "50e158640d8278ca94dbecb6539dab96c6a9fb84",
          "subject_bytes_match": true,
          "unobserved_selectors": [],
          "unrecorded_subjects": []
        },
        "v1": {
          "artifact_integrity_verified": true,
          "changed_runtime_inputs": [
            "config/pon/devnet-v1.json",
            "config/pon/ledger-v1.json",
            "formal/pon-nakamoto-v1/experiments/local_network.py",
            "formal/pon-nakamoto-v1/experiments/model_loop.py",
            "formal/pon-nakamoto-v1/experiments/run_campaign.py",
            "formal/pon-nakamoto-v1/experiments/settle_model.py",
            "formal/pon-nakamoto-v1/ledger.py",
            "formal/pon-nakamoto-v1/test_contracts.py",
            "formal/pon-nakamoto-v1/vectors/expected.json",
            "formal/pon-nakamoto-v1/vectors/header-short.bin",
            "formal/pon-nakamoto-v1/vectors/header-trailing.bin",
            "formal/pon-nakamoto-v1/vectors/header-version.bin",
            "formal/pon-nakamoto-v1/vectors/header.bin",
            "formal/pon-nakamoto-v1/vectors/tx-01.bin",
            "formal/pon-nakamoto-v1/vectors/tx-02.bin",
            "formal/pon-nakamoto-v1/vectors/tx-03.bin",
            "formal/pon-nakamoto-v1/vectors/tx-04.bin",
            "formal/pon-nakamoto-v1/vectors/tx-05.bin",
            "formal/pon-nakamoto-v1/vectors/tx-06.bin",
            "formal/pon-nakamoto-v1/vectors/tx-07.bin",
            "formal/pon-nakamoto-v1/vectors/tx-08.bin",
            "formal/pon-nakamoto-v1/vectors/tx-09.bin",
            "formal/pon-nakamoto-v1/vectors/tx-10.bin",
            "formal/pon-nakamoto-v1/vectors/tx-11.bin",
            "formal/pon-nakamoto-v1/vectors/tx-12.bin",
            "formal/pon-nakamoto-v1/vectors/tx-bad-length.bin",
            "formal/pon-nakamoto-v1/vectors/tx-short.bin",
            "formal/pon-nakamoto-v1/vectors/tx-trailing.bin",
            "formal/pon-nakamoto-v1/vectors/tx-unknown.bin",
            "formal/pon-nakamoto-v1/vectors/tx-zero-nonce.bin",
            "formal/pon-nakamoto-v1/vectors/work.bin",
            "trillionnium/Cargo.lock",
            "trillionnium/crates/trnm-crypto-primitives/src/lib.rs",
            "trillionnium/crates/trnm-mvcc-fee/Cargo.toml",
            "trillionnium/crates/trnm-mvcc-fee/src/lib.rs",
            "trillionnium/crates/trnm-protocol/src/pon_wire.rs",
            "trillionnium/crates/trnm-transport/Cargo.toml",
            "trillionnium/crates/trnm-transport/src/lib.rs"
          ],
          "changed_subjects": [
            "config/pon/devnet-v1.json",
            "config/pon/ledger-v1.json",
            "formal/pon-nakamoto-v1/ledger.py"
          ],
          "complete_recorded_runtime_matches": false,
          "current_regression_support": false,
          "manifest": "evidence/pon-v1/manifest.json",
          "measured_commit": "8b87fee77ddee6a9778e8bebe880ba2627b05d5d",
          "measured_tree": null,
          "observed_selectors": [],
          "reexecuted_now": false,
          "runtime_inventory_added": [
            "formal/pon-nakamoto-v1/bounded_process.py",
            "formal/pon-nakamoto-v1/evaluation.py",
            "formal/pon-nakamoto-v1/evaluation_bundle.py",
            "formal/pon-nakamoto-v1/experiments/evaluation_host_parity.py",
            "formal/pon-nakamoto-v1/experiments/executor_comparison.py",
            "formal/pon-nakamoto-v1/experiments/learning_cycles.py",
            "formal/pon-nakamoto-v1/experiments/long_history.py",
            "formal/pon-nakamoto-v1/experiments/multihost_campaign.py",
            "formal/pon-nakamoto-v1/experiments/native_host_parity.py",
            "formal/pon-nakamoto-v1/experiments/parallel_cost.py",
            "formal/pon-nakamoto-v1/experiments/remote_peer.py",
            "formal/pon-nakamoto-v1/generate_accepted_block.py",
            "formal/pon-nakamoto-v1/inference_receipt.py",
            "formal/pon-nakamoto-v1/model_contract.py",
            "formal/pon-nakamoto-v1/native_execution.py",
            "formal/pon-nakamoto-v1/strict_signature.py",
            "formal/pon-nakamoto-v1/test_artifacts.py",
            "formal/pon-nakamoto-v1/test_bounded_process.py",
            "formal/pon-nakamoto-v1/test_evaluation.py",
            "formal/pon-nakamoto-v1/test_evaluation_bundle.py",
            "formal/pon-nakamoto-v1/test_inference_receipt.py",
            "formal/pon-nakamoto-v1/test_invariants.py",
            "formal/pon-nakamoto-v1/test_model_contract.py",
            "formal/pon-nakamoto-v1/test_native_execution.py",
            "formal/pon-nakamoto-v1/test_strict_signature.py",
            "formal/pon-nakamoto-v1/test_work_backend.py",
            "formal/pon-nakamoto-v1/vectors/accepted-block/expected.json",
            "formal/pon-nakamoto-v1/vectors/accepted-block/genesis-state.json",
            "formal/pon-nakamoto-v1/vectors/accepted-block/header.bin",
            "formal/pon-nakamoto-v1/vectors/accepted-block/post-state.json",
            "formal/pon-nakamoto-v1/vectors/accepted-block/transaction.bin",
            "formal/pon-nakamoto-v1/vectors/accepted-block/work.bin",
            "formal/pon-nakamoto-v1/work_backend.py",
            "trillionnium/crates/trnm-crypto-primitives/examples/pon_adversarial_cost.rs",
            "trillionnium/crates/trnm-crypto-primitives/examples/pon_work_io.rs",
            "trillionnium/crates/trnm-mvcc-fee/examples/pon_execute.rs",
            "trillionnium/crates/trnm-mvcc-fee/src/pon_executor.rs",
            "trillionnium/crates/trnm-transport/examples/pon_admission_load.rs",
            "trillionnium/crates/trnm-transport/src/proof_admission.rs"
          ],
          "runtime_inventory_removed": [],
          "scope": "Original revision1 work, ledger, model and loopback experiments; historical only.",
          "source_binding_commit": "5d59b9540268914794a62e8fa237caf999499314",
          "subject_bytes_match": false,
          "unobserved_selectors": [
            "formal/pon-nakamoto-v1/test_native_execution.py::NativeExecutionTests.test_bad_signature_rejects_entire_block_without_parent_mutation",
            "formal/pon-nakamoto-v1/test_strict_signature.py::StrictSignatureTests.test_native_and_reference_reject_weak_sender_without_state_change"
          ],
          "unrecorded_subjects": [
            "formal/pon-nakamoto-v1/native_execution.py",
            "trillionnium/crates/trnm-mvcc-fee/src/pon_executor.rs"
          ]
        },
        "v3": {
          "artifact_integrity_verified": true,
          "changed_runtime_inputs": [
            "formal/pon-nakamoto-v1/evaluation.py",
            "formal/pon-nakamoto-v1/experiments/learning_cycles.py",
            "formal/pon-nakamoto-v1/experiments/model_loop.py",
            "formal/pon-nakamoto-v1/experiments/run_campaign.py",
            "formal/pon-nakamoto-v1/experiments/settle_model.py",
            "formal/pon-nakamoto-v1/inference_receipt.py",
            "formal/pon-nakamoto-v1/model_contract.py",
            "formal/pon-nakamoto-v1/test_evaluation.py",
            "formal/pon-nakamoto-v1/test_inference_receipt.py",
            "formal/pon-nakamoto-v1/test_native_execution.py",
            "trillionnium/crates/trnm-mvcc-fee/examples/pon_execute.rs",
            "trillionnium/crates/trnm-mvcc-fee/src/pon_executor.rs"
          ],
          "changed_subjects": [
            "trillionnium/crates/trnm-mvcc-fee/src/pon_executor.rs"
          ],
          "complete_recorded_runtime_matches": false,
          "current_regression_support": false,
          "manifest": "evidence/pon-v3/manifest.json",
          "measured_commit": "242906bae4f281c738c60adbd2c053d2ded1eae5",
          "measured_tree": "160cc493ab4cfb7f3f8c26b2d1621691a0c49502",
          "observed_selectors": [
            "formal/pon-nakamoto-v1/test_native_execution.py::NativeExecutionTests.test_bad_signature_rejects_entire_block_without_parent_mutation",
            "formal/pon-nakamoto-v1/test_strict_signature.py::StrictSignatureTests.test_native_and_reference_reject_weak_sender_without_state_change"
          ],
          "reexecuted_now": false,
          "runtime_inventory_added": [
            "formal/pon-nakamoto-v1/evaluation_bundle.py",
            "formal/pon-nakamoto-v1/experiments/evaluation_host_parity.py",
            "formal/pon-nakamoto-v1/experiments/executor_comparison.py",
            "formal/pon-nakamoto-v1/experiments/native_host_parity.py",
            "formal/pon-nakamoto-v1/test_evaluation_bundle.py"
          ],
          "runtime_inventory_removed": [],
          "scope": "Recorded native/reference invariants, long history, work costs and same-admin host campaigns.",
          "source_binding_commit": "242906bae4f281c738c60adbd2c053d2ded1eae5",
          "subject_bytes_match": false,
          "unobserved_selectors": [],
          "unrecorded_subjects": []
        },
        "v4": {
          "artifact_integrity_verified": true,
          "changed_runtime_inputs": [
            "formal/pon-nakamoto-v1/evaluation.py",
            "formal/pon-nakamoto-v1/experiments/learning_cycles.py",
            "formal/pon-nakamoto-v1/experiments/model_loop.py",
            "formal/pon-nakamoto-v1/experiments/run_campaign.py",
            "formal/pon-nakamoto-v1/experiments/settle_model.py",
            "formal/pon-nakamoto-v1/inference_receipt.py",
            "formal/pon-nakamoto-v1/model_contract.py",
            "formal/pon-nakamoto-v1/test_evaluation.py",
            "formal/pon-nakamoto-v1/test_inference_receipt.py"
          ],
          "changed_subjects": [],
          "complete_recorded_runtime_matches": false,
          "current_regression_support": false,
          "manifest": "evidence/pon-v4/manifest.json",
          "measured_commit": "30b85c34d1be404dcccd9f415286bb43b00f64ea",
          "measured_tree": "4ee1a9d265f09871b0f167d2a5be77ca4b9839c0",
          "observed_selectors": [
            "formal/pon-nakamoto-v1/test_native_execution.py::NativeExecutionTests.test_bad_signature_rejects_entire_block_without_parent_mutation",
            "formal/pon-nakamoto-v1/test_strict_signature.py::StrictSignatureTests.test_native_and_reference_reject_weak_sender_without_state_change"
          ],
          "reexecuted_now": false,
          "runtime_inventory_added": [
            "formal/pon-nakamoto-v1/evaluation_bundle.py",
            "formal/pon-nakamoto-v1/experiments/evaluation_host_parity.py",
            "formal/pon-nakamoto-v1/test_evaluation_bundle.py"
          ],
          "runtime_inventory_removed": [],
          "scope": "Block-scoped native comparison and same-admin binary parity; no public TPS.",
          "source_binding_commit": "30b85c34d1be404dcccd9f415286bb43b00f64ea",
          "subject_bytes_match": true,
          "unobserved_selectors": [],
          "unrecorded_subjects": []
        }
      },
      "persistence_owner": null,
      "remaining": "Component signature parity does not establish independent cryptographic acceptance.",
      "runtime_symbols": [
        {
          "path": "formal/pon-nakamoto-v1/ledger.py",
          "symbol": "execute_reference"
        },
        {
          "path": "trillionnium/crates/trnm-mvcc-fee/src/pon_executor.rs",
          "symbol": "execute"
        }
      ]
    },
    {
      "backend": "Python Ledger; explicit optional native work and application components",
      "controlled_entrypoint": {
        "path": "formal/pon-nakamoto-v1/experiments/local_network.py",
        "symbol": "serve"
      },
      "evidence_selectors": [
        "formal/pon-nakamoto-v1/test_contracts.py::DiskReorgTests.test_root_substitution_rejects_before_persistence",
        "formal/pon-nakamoto-v1/test_invariants.py::CheapAdmissionTests.test_transaction_count_rejects_before_root_or_work_replay"
      ],
      "implementation_kind": "reference-owner",
      "module": "M02",
      "operation": "M02.AdmitBlock",
      "ordinary_product_entrypoint": null,
      "packages": {
        "e3": {
          "artifact_integrity_verified": true,
          "changed_runtime_inputs": [],
          "changed_subjects": [],
          "complete_recorded_runtime_matches": true,
          "current_regression_support": true,
          "manifest": "evidence/pon-evaluation-bundle-v1/manifest.json",
          "measured_commit": "50e158640d8278ca94dbecb6539dab96c6a9fb84",
          "measured_tree": "d61a69d3433db127019924d269bf25ded3aecf60",
          "observed_selectors": [
            "formal/pon-nakamoto-v1/test_contracts.py::DiskReorgTests.test_root_substitution_rejects_before_persistence",
            "formal/pon-nakamoto-v1/test_invariants.py::CheapAdmissionTests.test_transaction_count_rejects_before_root_or_work_replay"
          ],
          "reexecuted_now": false,
          "runtime_inventory_added": [],
          "runtime_inventory_removed": [],
          "scope": "Sealed evaluation and full consent; actual zero adoption/reward and same-admin evaluator parity.",
          "source_binding_commit": "50e158640d8278ca94dbecb6539dab96c6a9fb84",
          "subject_bytes_match": true,
          "unobserved_selectors": [],
          "unrecorded_subjects": []
        },
        "v1": {
          "artifact_integrity_verified": true,
          "changed_runtime_inputs": [
            "config/pon/devnet-v1.json",
            "config/pon/ledger-v1.json",
            "formal/pon-nakamoto-v1/experiments/local_network.py",
            "formal/pon-nakamoto-v1/experiments/model_loop.py",
            "formal/pon-nakamoto-v1/experiments/run_campaign.py",
            "formal/pon-nakamoto-v1/experiments/settle_model.py",
            "formal/pon-nakamoto-v1/ledger.py",
            "formal/pon-nakamoto-v1/test_contracts.py",
            "formal/pon-nakamoto-v1/vectors/expected.json",
            "formal/pon-nakamoto-v1/vectors/header-short.bin",
            "formal/pon-nakamoto-v1/vectors/header-trailing.bin",
            "formal/pon-nakamoto-v1/vectors/header-version.bin",
            "formal/pon-nakamoto-v1/vectors/header.bin",
            "formal/pon-nakamoto-v1/vectors/tx-01.bin",
            "formal/pon-nakamoto-v1/vectors/tx-02.bin",
            "formal/pon-nakamoto-v1/vectors/tx-03.bin",
            "formal/pon-nakamoto-v1/vectors/tx-04.bin",
            "formal/pon-nakamoto-v1/vectors/tx-05.bin",
            "formal/pon-nakamoto-v1/vectors/tx-06.bin",
            "formal/pon-nakamoto-v1/vectors/tx-07.bin",
            "formal/pon-nakamoto-v1/vectors/tx-08.bin",
            "formal/pon-nakamoto-v1/vectors/tx-09.bin",
            "formal/pon-nakamoto-v1/vectors/tx-10.bin",
            "formal/pon-nakamoto-v1/vectors/tx-11.bin",
            "formal/pon-nakamoto-v1/vectors/tx-12.bin",
            "formal/pon-nakamoto-v1/vectors/tx-bad-length.bin",
            "formal/pon-nakamoto-v1/vectors/tx-short.bin",
            "formal/pon-nakamoto-v1/vectors/tx-trailing.bin",
            "formal/pon-nakamoto-v1/vectors/tx-unknown.bin",
            "formal/pon-nakamoto-v1/vectors/tx-zero-nonce.bin",
            "formal/pon-nakamoto-v1/vectors/work.bin",
            "trillionnium/Cargo.lock",
            "trillionnium/crates/trnm-crypto-primitives/src/lib.rs",
            "trillionnium/crates/trnm-mvcc-fee/Cargo.toml",
            "trillionnium/crates/trnm-mvcc-fee/src/lib.rs",
            "trillionnium/crates/trnm-protocol/src/pon_wire.rs",
            "trillionnium/crates/trnm-transport/Cargo.toml",
            "trillionnium/crates/trnm-transport/src/lib.rs"
          ],
          "changed_subjects": [
            "config/pon/devnet-v1.json",
            "config/pon/ledger-v1.json",
            "formal/pon-nakamoto-v1/experiments/local_network.py",
            "formal/pon-nakamoto-v1/ledger.py"
          ],
          "complete_recorded_runtime_matches": false,
          "current_regression_support": false,
          "manifest": "evidence/pon-v1/manifest.json",
          "measured_commit": "8b87fee77ddee6a9778e8bebe880ba2627b05d5d",
          "measured_tree": null,
          "observed_selectors": [],
          "reexecuted_now": false,
          "runtime_inventory_added": [
            "formal/pon-nakamoto-v1/bounded_process.py",
            "formal/pon-nakamoto-v1/evaluation.py",
            "formal/pon-nakamoto-v1/evaluation_bundle.py",
            "formal/pon-nakamoto-v1/experiments/evaluation_host_parity.py",
            "formal/pon-nakamoto-v1/experiments/executor_comparison.py",
            "formal/pon-nakamoto-v1/experiments/learning_cycles.py",
            "formal/pon-nakamoto-v1/experiments/long_history.py",
            "formal/pon-nakamoto-v1/experiments/multihost_campaign.py",
            "formal/pon-nakamoto-v1/experiments/native_host_parity.py",
            "formal/pon-nakamoto-v1/experiments/parallel_cost.py",
            "formal/pon-nakamoto-v1/experiments/remote_peer.py",
            "formal/pon-nakamoto-v1/generate_accepted_block.py",
            "formal/pon-nakamoto-v1/inference_receipt.py",
            "formal/pon-nakamoto-v1/model_contract.py",
            "formal/pon-nakamoto-v1/native_execution.py",
            "formal/pon-nakamoto-v1/strict_signature.py",
            "formal/pon-nakamoto-v1/test_artifacts.py",
            "formal/pon-nakamoto-v1/test_bounded_process.py",
            "formal/pon-nakamoto-v1/test_evaluation.py",
            "formal/pon-nakamoto-v1/test_evaluation_bundle.py",
            "formal/pon-nakamoto-v1/test_inference_receipt.py",
            "formal/pon-nakamoto-v1/test_invariants.py",
            "formal/pon-nakamoto-v1/test_model_contract.py",
            "formal/pon-nakamoto-v1/test_native_execution.py",
            "formal/pon-nakamoto-v1/test_strict_signature.py",
            "formal/pon-nakamoto-v1/test_work_backend.py",
            "formal/pon-nakamoto-v1/vectors/accepted-block/expected.json",
            "formal/pon-nakamoto-v1/vectors/accepted-block/genesis-state.json",
            "formal/pon-nakamoto-v1/vectors/accepted-block/header.bin",
            "formal/pon-nakamoto-v1/vectors/accepted-block/post-state.json",
            "formal/pon-nakamoto-v1/vectors/accepted-block/transaction.bin",
            "formal/pon-nakamoto-v1/vectors/accepted-block/work.bin",
            "formal/pon-nakamoto-v1/work_backend.py",
            "trillionnium/crates/trnm-crypto-primitives/examples/pon_adversarial_cost.rs",
            "trillionnium/crates/trnm-crypto-primitives/examples/pon_work_io.rs",
            "trillionnium/crates/trnm-mvcc-fee/examples/pon_execute.rs",
            "trillionnium/crates/trnm-mvcc-fee/src/pon_executor.rs",
            "trillionnium/crates/trnm-transport/examples/pon_admission_load.rs",
            "trillionnium/crates/trnm-transport/src/proof_admission.rs"
          ],
          "runtime_inventory_removed": [],
          "scope": "Original revision1 work, ledger, model and loopback experiments; historical only.",
          "source_binding_commit": "5d59b9540268914794a62e8fa237caf999499314",
          "subject_bytes_match": false,
          "unobserved_selectors": [
            "formal/pon-nakamoto-v1/test_contracts.py::DiskReorgTests.test_root_substitution_rejects_before_persistence",
            "formal/pon-nakamoto-v1/test_invariants.py::CheapAdmissionTests.test_transaction_count_rejects_before_root_or_work_replay"
          ],
          "unrecorded_subjects": []
        },
        "v3": {
          "artifact_integrity_verified": true,
          "changed_runtime_inputs": [
            "formal/pon-nakamoto-v1/evaluation.py",
            "formal/pon-nakamoto-v1/experiments/learning_cycles.py",
            "formal/pon-nakamoto-v1/experiments/model_loop.py",
            "formal/pon-nakamoto-v1/experiments/run_campaign.py",
            "formal/pon-nakamoto-v1/experiments/settle_model.py",
            "formal/pon-nakamoto-v1/inference_receipt.py",
            "formal/pon-nakamoto-v1/model_contract.py",
            "formal/pon-nakamoto-v1/test_evaluation.py",
            "formal/pon-nakamoto-v1/test_inference_receipt.py",
            "formal/pon-nakamoto-v1/test_native_execution.py",
            "trillionnium/crates/trnm-mvcc-fee/examples/pon_execute.rs",
            "trillionnium/crates/trnm-mvcc-fee/src/pon_executor.rs"
          ],
          "changed_subjects": [],
          "complete_recorded_runtime_matches": false,
          "current_regression_support": false,
          "manifest": "evidence/pon-v3/manifest.json",
          "measured_commit": "242906bae4f281c738c60adbd2c053d2ded1eae5",
          "measured_tree": "160cc493ab4cfb7f3f8c26b2d1621691a0c49502",
          "observed_selectors": [
            "formal/pon-nakamoto-v1/test_contracts.py::DiskReorgTests.test_root_substitution_rejects_before_persistence",
            "formal/pon-nakamoto-v1/test_invariants.py::CheapAdmissionTests.test_transaction_count_rejects_before_root_or_work_replay"
          ],
          "reexecuted_now": false,
          "runtime_inventory_added": [
            "formal/pon-nakamoto-v1/evaluation_bundle.py",
            "formal/pon-nakamoto-v1/experiments/evaluation_host_parity.py",
            "formal/pon-nakamoto-v1/experiments/executor_comparison.py",
            "formal/pon-nakamoto-v1/experiments/native_host_parity.py",
            "formal/pon-nakamoto-v1/test_evaluation_bundle.py"
          ],
          "runtime_inventory_removed": [],
          "scope": "Recorded native/reference invariants, long history, work costs and same-admin host campaigns.",
          "source_binding_commit": "242906bae4f281c738c60adbd2c053d2ded1eae5",
          "subject_bytes_match": true,
          "unobserved_selectors": [],
          "unrecorded_subjects": []
        },
        "v4": {
          "artifact_integrity_verified": true,
          "changed_runtime_inputs": [
            "formal/pon-nakamoto-v1/evaluation.py",
            "formal/pon-nakamoto-v1/experiments/learning_cycles.py",
            "formal/pon-nakamoto-v1/experiments/model_loop.py",
            "formal/pon-nakamoto-v1/experiments/run_campaign.py",
            "formal/pon-nakamoto-v1/experiments/settle_model.py",
            "formal/pon-nakamoto-v1/inference_receipt.py",
            "formal/pon-nakamoto-v1/model_contract.py",
            "formal/pon-nakamoto-v1/test_evaluation.py",
            "formal/pon-nakamoto-v1/test_inference_receipt.py"
          ],
          "changed_subjects": [],
          "complete_recorded_runtime_matches": false,
          "current_regression_support": false,
          "manifest": "evidence/pon-v4/manifest.json",
          "measured_commit": "30b85c34d1be404dcccd9f415286bb43b00f64ea",
          "measured_tree": "4ee1a9d265f09871b0f167d2a5be77ca4b9839c0",
          "observed_selectors": [
            "formal/pon-nakamoto-v1/test_contracts.py::DiskReorgTests.test_root_substitution_rejects_before_persistence",
            "formal/pon-nakamoto-v1/test_invariants.py::CheapAdmissionTests.test_transaction_count_rejects_before_root_or_work_replay"
          ],
          "reexecuted_now": false,
          "runtime_inventory_added": [
            "formal/pon-nakamoto-v1/evaluation_bundle.py",
            "formal/pon-nakamoto-v1/experiments/evaluation_host_parity.py",
            "formal/pon-nakamoto-v1/test_evaluation_bundle.py"
          ],
          "runtime_inventory_removed": [],
          "scope": "Block-scoped native comparison and same-admin binary parity; no public TPS.",
          "source_binding_commit": "30b85c34d1be404dcccd9f415286bb43b00f64ea",
          "subject_bytes_match": true,
          "unobserved_selectors": [],
          "unrecorded_subjects": []
        }
      },
      "persistence_owner": {
        "path": "formal/pon-nakamoto-v1/ledger.py",
        "symbol": "Ledger"
      },
      "remaining": "Native consensus actor and hostile public network are not implemented by the reference owner.",
      "runtime_symbols": [
        {
          "path": "formal/pon-nakamoto-v1/ledger.py",
          "symbol": "Ledger.admit"
        }
      ]
    },
    {
      "backend": "Indexed fully verified tips in the reference SQLite owner",
      "controlled_entrypoint": {
        "path": "formal/pon-nakamoto-v1/experiments/local_network.py",
        "symbol": "serve"
      },
      "evidence_selectors": [
        "formal/pon-nakamoto-v1/test_invariants.py::RestartForkTests.test_admitted_before_activation_is_selected_on_restart",
        "formal/pon-nakamoto-v1/test_contracts.py::DiskReorgTests.test_same_work_keeps_existing_tip"
      ],
      "implementation_kind": "reference-owner",
      "module": "M02",
      "operation": "M02.ChooseBranch",
      "ordinary_product_entrypoint": null,
      "packages": {
        "e3": {
          "artifact_integrity_verified": true,
          "changed_runtime_inputs": [],
          "changed_subjects": [],
          "complete_recorded_runtime_matches": true,
          "current_regression_support": true,
          "manifest": "evidence/pon-evaluation-bundle-v1/manifest.json",
          "measured_commit": "50e158640d8278ca94dbecb6539dab96c6a9fb84",
          "measured_tree": "d61a69d3433db127019924d269bf25ded3aecf60",
          "observed_selectors": [
            "formal/pon-nakamoto-v1/test_invariants.py::RestartForkTests.test_admitted_before_activation_is_selected_on_restart",
            "formal/pon-nakamoto-v1/test_contracts.py::DiskReorgTests.test_same_work_keeps_existing_tip"
          ],
          "reexecuted_now": false,
          "runtime_inventory_added": [],
          "runtime_inventory_removed": [],
          "scope": "Sealed evaluation and full consent; actual zero adoption/reward and same-admin evaluator parity.",
          "source_binding_commit": "50e158640d8278ca94dbecb6539dab96c6a9fb84",
          "subject_bytes_match": true,
          "unobserved_selectors": [],
          "unrecorded_subjects": []
        },
        "v1": {
          "artifact_integrity_verified": true,
          "changed_runtime_inputs": [
            "config/pon/devnet-v1.json",
            "config/pon/ledger-v1.json",
            "formal/pon-nakamoto-v1/experiments/local_network.py",
            "formal/pon-nakamoto-v1/experiments/model_loop.py",
            "formal/pon-nakamoto-v1/experiments/run_campaign.py",
            "formal/pon-nakamoto-v1/experiments/settle_model.py",
            "formal/pon-nakamoto-v1/ledger.py",
            "formal/pon-nakamoto-v1/test_contracts.py",
            "formal/pon-nakamoto-v1/vectors/expected.json",
            "formal/pon-nakamoto-v1/vectors/header-short.bin",
            "formal/pon-nakamoto-v1/vectors/header-trailing.bin",
            "formal/pon-nakamoto-v1/vectors/header-version.bin",
            "formal/pon-nakamoto-v1/vectors/header.bin",
            "formal/pon-nakamoto-v1/vectors/tx-01.bin",
            "formal/pon-nakamoto-v1/vectors/tx-02.bin",
            "formal/pon-nakamoto-v1/vectors/tx-03.bin",
            "formal/pon-nakamoto-v1/vectors/tx-04.bin",
            "formal/pon-nakamoto-v1/vectors/tx-05.bin",
            "formal/pon-nakamoto-v1/vectors/tx-06.bin",
            "formal/pon-nakamoto-v1/vectors/tx-07.bin",
            "formal/pon-nakamoto-v1/vectors/tx-08.bin",
            "formal/pon-nakamoto-v1/vectors/tx-09.bin",
            "formal/pon-nakamoto-v1/vectors/tx-10.bin",
            "formal/pon-nakamoto-v1/vectors/tx-11.bin",
            "formal/pon-nakamoto-v1/vectors/tx-12.bin",
            "formal/pon-nakamoto-v1/vectors/tx-bad-length.bin",
            "formal/pon-nakamoto-v1/vectors/tx-short.bin",
            "formal/pon-nakamoto-v1/vectors/tx-trailing.bin",
            "formal/pon-nakamoto-v1/vectors/tx-unknown.bin",
            "formal/pon-nakamoto-v1/vectors/tx-zero-nonce.bin",
            "formal/pon-nakamoto-v1/vectors/work.bin",
            "trillionnium/Cargo.lock",
            "trillionnium/crates/trnm-crypto-primitives/src/lib.rs",
            "trillionnium/crates/trnm-mvcc-fee/Cargo.toml",
            "trillionnium/crates/trnm-mvcc-fee/src/lib.rs",
            "trillionnium/crates/trnm-protocol/src/pon_wire.rs",
            "trillionnium/crates/trnm-transport/Cargo.toml",
            "trillionnium/crates/trnm-transport/src/lib.rs"
          ],
          "changed_subjects": [
            "config/pon/devnet-v1.json",
            "config/pon/ledger-v1.json",
            "formal/pon-nakamoto-v1/experiments/local_network.py",
            "formal/pon-nakamoto-v1/ledger.py"
          ],
          "complete_recorded_runtime_matches": false,
          "current_regression_support": false,
          "manifest": "evidence/pon-v1/manifest.json",
          "measured_commit": "8b87fee77ddee6a9778e8bebe880ba2627b05d5d",
          "measured_tree": null,
          "observed_selectors": [],
          "reexecuted_now": false,
          "runtime_inventory_added": [
            "formal/pon-nakamoto-v1/bounded_process.py",
            "formal/pon-nakamoto-v1/evaluation.py",
            "formal/pon-nakamoto-v1/evaluation_bundle.py",
            "formal/pon-nakamoto-v1/experiments/evaluation_host_parity.py",
            "formal/pon-nakamoto-v1/experiments/executor_comparison.py",
            "formal/pon-nakamoto-v1/experiments/learning_cycles.py",
            "formal/pon-nakamoto-v1/experiments/long_history.py",
            "formal/pon-nakamoto-v1/experiments/multihost_campaign.py",
            "formal/pon-nakamoto-v1/experiments/native_host_parity.py",
            "formal/pon-nakamoto-v1/experiments/parallel_cost.py",
            "formal/pon-nakamoto-v1/experiments/remote_peer.py",
            "formal/pon-nakamoto-v1/generate_accepted_block.py",
            "formal/pon-nakamoto-v1/inference_receipt.py",
            "formal/pon-nakamoto-v1/model_contract.py",
            "formal/pon-nakamoto-v1/native_execution.py",
            "formal/pon-nakamoto-v1/strict_signature.py",
            "formal/pon-nakamoto-v1/test_artifacts.py",
            "formal/pon-nakamoto-v1/test_bounded_process.py",
            "formal/pon-nakamoto-v1/test_evaluation.py",
            "formal/pon-nakamoto-v1/test_evaluation_bundle.py",
            "formal/pon-nakamoto-v1/test_inference_receipt.py",
            "formal/pon-nakamoto-v1/test_invariants.py",
            "formal/pon-nakamoto-v1/test_model_contract.py",
            "formal/pon-nakamoto-v1/test_native_execution.py",
            "formal/pon-nakamoto-v1/test_strict_signature.py",
            "formal/pon-nakamoto-v1/test_work_backend.py",
            "formal/pon-nakamoto-v1/vectors/accepted-block/expected.json",
            "formal/pon-nakamoto-v1/vectors/accepted-block/genesis-state.json",
            "formal/pon-nakamoto-v1/vectors/accepted-block/header.bin",
            "formal/pon-nakamoto-v1/vectors/accepted-block/post-state.json",
            "formal/pon-nakamoto-v1/vectors/accepted-block/transaction.bin",
            "formal/pon-nakamoto-v1/vectors/accepted-block/work.bin",
            "formal/pon-nakamoto-v1/work_backend.py",
            "trillionnium/crates/trnm-crypto-primitives/examples/pon_adversarial_cost.rs",
            "trillionnium/crates/trnm-crypto-primitives/examples/pon_work_io.rs",
            "trillionnium/crates/trnm-mvcc-fee/examples/pon_execute.rs",
            "trillionnium/crates/trnm-mvcc-fee/src/pon_executor.rs",
            "trillionnium/crates/trnm-transport/examples/pon_admission_load.rs",
            "trillionnium/crates/trnm-transport/src/proof_admission.rs"
          ],
          "runtime_inventory_removed": [],
          "scope": "Original revision1 work, ledger, model and loopback experiments; historical only.",
          "source_binding_commit": "5d59b9540268914794a62e8fa237caf999499314",
          "subject_bytes_match": false,
          "unobserved_selectors": [
            "formal/pon-nakamoto-v1/test_invariants.py::RestartForkTests.test_admitted_before_activation_is_selected_on_restart",
            "formal/pon-nakamoto-v1/test_contracts.py::DiskReorgTests.test_same_work_keeps_existing_tip"
          ],
          "unrecorded_subjects": []
        },
        "v3": {
          "artifact_integrity_verified": true,
          "changed_runtime_inputs": [
            "formal/pon-nakamoto-v1/evaluation.py",
            "formal/pon-nakamoto-v1/experiments/learning_cycles.py",
            "formal/pon-nakamoto-v1/experiments/model_loop.py",
            "formal/pon-nakamoto-v1/experiments/run_campaign.py",
            "formal/pon-nakamoto-v1/experiments/settle_model.py",
            "formal/pon-nakamoto-v1/inference_receipt.py",
            "formal/pon-nakamoto-v1/model_contract.py",
            "formal/pon-nakamoto-v1/test_evaluation.py",
            "formal/pon-nakamoto-v1/test_inference_receipt.py",
            "formal/pon-nakamoto-v1/test_native_execution.py",
            "trillionnium/crates/trnm-mvcc-fee/examples/pon_execute.rs",
            "trillionnium/crates/trnm-mvcc-fee/src/pon_executor.rs"
          ],
          "changed_subjects": [],
          "complete_recorded_runtime_matches": false,
          "current_regression_support": false,
          "manifest": "evidence/pon-v3/manifest.json",
          "measured_commit": "242906bae4f281c738c60adbd2c053d2ded1eae5",
          "measured_tree": "160cc493ab4cfb7f3f8c26b2d1621691a0c49502",
          "observed_selectors": [
            "formal/pon-nakamoto-v1/test_invariants.py::RestartForkTests.test_admitted_before_activation_is_selected_on_restart",
            "formal/pon-nakamoto-v1/test_contracts.py::DiskReorgTests.test_same_work_keeps_existing_tip"
          ],
          "reexecuted_now": false,
          "runtime_inventory_added": [
            "formal/pon-nakamoto-v1/evaluation_bundle.py",
            "formal/pon-nakamoto-v1/experiments/evaluation_host_parity.py",
            "formal/pon-nakamoto-v1/experiments/executor_comparison.py",
            "formal/pon-nakamoto-v1/experiments/native_host_parity.py",
            "formal/pon-nakamoto-v1/test_evaluation_bundle.py"
          ],
          "runtime_inventory_removed": [],
          "scope": "Recorded native/reference invariants, long history, work costs and same-admin host campaigns.",
          "source_binding_commit": "242906bae4f281c738c60adbd2c053d2ded1eae5",
          "subject_bytes_match": true,
          "unobserved_selectors": [],
          "unrecorded_subjects": []
        },
        "v4": {
          "artifact_integrity_verified": true,
          "changed_runtime_inputs": [
            "formal/pon-nakamoto-v1/evaluation.py",
            "formal/pon-nakamoto-v1/experiments/learning_cycles.py",
            "formal/pon-nakamoto-v1/experiments/model_loop.py",
            "formal/pon-nakamoto-v1/experiments/run_campaign.py",
            "formal/pon-nakamoto-v1/experiments/settle_model.py",
            "formal/pon-nakamoto-v1/inference_receipt.py",
            "formal/pon-nakamoto-v1/model_contract.py",
            "formal/pon-nakamoto-v1/test_evaluation.py",
            "formal/pon-nakamoto-v1/test_inference_receipt.py"
          ],
          "changed_subjects": [],
          "complete_recorded_runtime_matches": false,
          "current_regression_support": false,
          "manifest": "evidence/pon-v4/manifest.json",
          "measured_commit": "30b85c34d1be404dcccd9f415286bb43b00f64ea",
          "measured_tree": "4ee1a9d265f09871b0f167d2a5be77ca4b9839c0",
          "observed_selectors": [
            "formal/pon-nakamoto-v1/test_invariants.py::RestartForkTests.test_admitted_before_activation_is_selected_on_restart",
            "formal/pon-nakamoto-v1/test_contracts.py::DiskReorgTests.test_same_work_keeps_existing_tip"
          ],
          "reexecuted_now": false,
          "runtime_inventory_added": [
            "formal/pon-nakamoto-v1/evaluation_bundle.py",
            "formal/pon-nakamoto-v1/experiments/evaluation_host_parity.py",
            "formal/pon-nakamoto-v1/test_evaluation_bundle.py"
          ],
          "runtime_inventory_removed": [],
          "scope": "Block-scoped native comparison and same-admin binary parity; no public TPS.",
          "source_binding_commit": "30b85c34d1be404dcccd9f415286bb43b00f64ea",
          "subject_bytes_match": true,
          "unobserved_selectors": [],
          "unrecorded_subjects": []
        }
      },
      "persistence_owner": {
        "path": "formal/pon-nakamoto-v1/ledger.py",
        "symbol": "Ledger"
      },
      "remaining": "No independent network security or work-hardness acceptance.",
      "runtime_symbols": [
        {
          "path": "formal/pon-nakamoto-v1/ledger.py",
          "symbol": "Ledger.recover"
        },
        {
          "path": "formal/pon-nakamoto-v1/ledger.py",
          "symbol": "Ledger.activate"
        }
      ]
    },
    {
      "backend": "In-memory bounded attempt loop with explicitly selected work backend",
      "controlled_entrypoint": {
        "path": "formal/pon-nakamoto-v1/ledger.py",
        "symbol": "Ledger.make"
      },
      "evidence_selectors": [
        "formal/pon-nakamoto-v1/test_contracts.py::DiskReorgTests.test_every_reorg_process_crash_cut_recovers_exactly"
      ],
      "implementation_kind": "controlled-experiment",
      "module": "M03",
      "operation": "M03.RunWorkAttempt",
      "ordinary_product_entrypoint": null,
      "packages": {
        "e3": {
          "artifact_integrity_verified": true,
          "changed_runtime_inputs": [],
          "changed_subjects": [],
          "complete_recorded_runtime_matches": true,
          "current_regression_support": true,
          "manifest": "evidence/pon-evaluation-bundle-v1/manifest.json",
          "measured_commit": "50e158640d8278ca94dbecb6539dab96c6a9fb84",
          "measured_tree": "d61a69d3433db127019924d269bf25ded3aecf60",
          "observed_selectors": [
            "formal/pon-nakamoto-v1/test_contracts.py::DiskReorgTests.test_every_reorg_process_crash_cut_recovers_exactly"
          ],
          "reexecuted_now": false,
          "runtime_inventory_added": [],
          "runtime_inventory_removed": [],
          "scope": "Sealed evaluation and full consent; actual zero adoption/reward and same-admin evaluator parity.",
          "source_binding_commit": "50e158640d8278ca94dbecb6539dab96c6a9fb84",
          "subject_bytes_match": true,
          "unobserved_selectors": [],
          "unrecorded_subjects": []
        },
        "v1": {
          "artifact_integrity_verified": true,
          "changed_runtime_inputs": [
            "config/pon/devnet-v1.json",
            "config/pon/ledger-v1.json",
            "formal/pon-nakamoto-v1/experiments/local_network.py",
            "formal/pon-nakamoto-v1/experiments/model_loop.py",
            "formal/pon-nakamoto-v1/experiments/run_campaign.py",
            "formal/pon-nakamoto-v1/experiments/settle_model.py",
            "formal/pon-nakamoto-v1/ledger.py",
            "formal/pon-nakamoto-v1/test_contracts.py",
            "formal/pon-nakamoto-v1/vectors/expected.json",
            "formal/pon-nakamoto-v1/vectors/header-short.bin",
            "formal/pon-nakamoto-v1/vectors/header-trailing.bin",
            "formal/pon-nakamoto-v1/vectors/header-version.bin",
            "formal/pon-nakamoto-v1/vectors/header.bin",
            "formal/pon-nakamoto-v1/vectors/tx-01.bin",
            "formal/pon-nakamoto-v1/vectors/tx-02.bin",
            "formal/pon-nakamoto-v1/vectors/tx-03.bin",
            "formal/pon-nakamoto-v1/vectors/tx-04.bin",
            "formal/pon-nakamoto-v1/vectors/tx-05.bin",
            "formal/pon-nakamoto-v1/vectors/tx-06.bin",
            "formal/pon-nakamoto-v1/vectors/tx-07.bin",
            "formal/pon-nakamoto-v1/vectors/tx-08.bin",
            "formal/pon-nakamoto-v1/vectors/tx-09.bin",
            "formal/pon-nakamoto-v1/vectors/tx-10.bin",
            "formal/pon-nakamoto-v1/vectors/tx-11.bin",
            "formal/pon-nakamoto-v1/vectors/tx-12.bin",
            "formal/pon-nakamoto-v1/vectors/tx-bad-length.bin",
            "formal/pon-nakamoto-v1/vectors/tx-short.bin",
            "formal/pon-nakamoto-v1/vectors/tx-trailing.bin",
            "formal/pon-nakamoto-v1/vectors/tx-unknown.bin",
            "formal/pon-nakamoto-v1/vectors/tx-zero-nonce.bin",
            "formal/pon-nakamoto-v1/vectors/work.bin",
            "trillionnium/Cargo.lock",
            "trillionnium/crates/trnm-crypto-primitives/src/lib.rs",
            "trillionnium/crates/trnm-mvcc-fee/Cargo.toml",
            "trillionnium/crates/trnm-mvcc-fee/src/lib.rs",
            "trillionnium/crates/trnm-protocol/src/pon_wire.rs",
            "trillionnium/crates/trnm-transport/Cargo.toml",
            "trillionnium/crates/trnm-transport/src/lib.rs"
          ],
          "changed_subjects": [
            "config/pon/devnet-v1.json",
            "config/pon/ledger-v1.json",
            "formal/pon-nakamoto-v1/ledger.py"
          ],
          "complete_recorded_runtime_matches": false,
          "current_regression_support": false,
          "manifest": "evidence/pon-v1/manifest.json",
          "measured_commit": "8b87fee77ddee6a9778e8bebe880ba2627b05d5d",
          "measured_tree": null,
          "observed_selectors": [],
          "reexecuted_now": false,
          "runtime_inventory_added": [
            "formal/pon-nakamoto-v1/bounded_process.py",
            "formal/pon-nakamoto-v1/evaluation.py",
            "formal/pon-nakamoto-v1/evaluation_bundle.py",
            "formal/pon-nakamoto-v1/experiments/evaluation_host_parity.py",
            "formal/pon-nakamoto-v1/experiments/executor_comparison.py",
            "formal/pon-nakamoto-v1/experiments/learning_cycles.py",
            "formal/pon-nakamoto-v1/experiments/long_history.py",
            "formal/pon-nakamoto-v1/experiments/multihost_campaign.py",
            "formal/pon-nakamoto-v1/experiments/native_host_parity.py",
            "formal/pon-nakamoto-v1/experiments/parallel_cost.py",
            "formal/pon-nakamoto-v1/experiments/remote_peer.py",
            "formal/pon-nakamoto-v1/generate_accepted_block.py",
            "formal/pon-nakamoto-v1/inference_receipt.py",
            "formal/pon-nakamoto-v1/model_contract.py",
            "formal/pon-nakamoto-v1/native_execution.py",
            "formal/pon-nakamoto-v1/strict_signature.py",
            "formal/pon-nakamoto-v1/test_artifacts.py",
            "formal/pon-nakamoto-v1/test_bounded_process.py",
            "formal/pon-nakamoto-v1/test_evaluation.py",
            "formal/pon-nakamoto-v1/test_evaluation_bundle.py",
            "formal/pon-nakamoto-v1/test_inference_receipt.py",
            "formal/pon-nakamoto-v1/test_invariants.py",
            "formal/pon-nakamoto-v1/test_model_contract.py",
            "formal/pon-nakamoto-v1/test_native_execution.py",
            "formal/pon-nakamoto-v1/test_strict_signature.py",
            "formal/pon-nakamoto-v1/test_work_backend.py",
            "formal/pon-nakamoto-v1/vectors/accepted-block/expected.json",
            "formal/pon-nakamoto-v1/vectors/accepted-block/genesis-state.json",
            "formal/pon-nakamoto-v1/vectors/accepted-block/header.bin",
            "formal/pon-nakamoto-v1/vectors/accepted-block/post-state.json",
            "formal/pon-nakamoto-v1/vectors/accepted-block/transaction.bin",
            "formal/pon-nakamoto-v1/vectors/accepted-block/work.bin",
            "formal/pon-nakamoto-v1/work_backend.py",
            "trillionnium/crates/trnm-crypto-primitives/examples/pon_adversarial_cost.rs",
            "trillionnium/crates/trnm-crypto-primitives/examples/pon_work_io.rs",
            "trillionnium/crates/trnm-mvcc-fee/examples/pon_execute.rs",
            "trillionnium/crates/trnm-mvcc-fee/src/pon_executor.rs",
            "trillionnium/crates/trnm-transport/examples/pon_admission_load.rs",
            "trillionnium/crates/trnm-transport/src/proof_admission.rs"
          ],
          "runtime_inventory_removed": [],
          "scope": "Original revision1 work, ledger, model and loopback experiments; historical only.",
          "source_binding_commit": "5d59b9540268914794a62e8fa237caf999499314",
          "subject_bytes_match": false,
          "unobserved_selectors": [
            "formal/pon-nakamoto-v1/test_contracts.py::DiskReorgTests.test_every_reorg_process_crash_cut_recovers_exactly"
          ],
          "unrecorded_subjects": []
        },
        "v3": {
          "artifact_integrity_verified": true,
          "changed_runtime_inputs": [
            "formal/pon-nakamoto-v1/evaluation.py",
            "formal/pon-nakamoto-v1/experiments/learning_cycles.py",
            "formal/pon-nakamoto-v1/experiments/model_loop.py",
            "formal/pon-nakamoto-v1/experiments/run_campaign.py",
            "formal/pon-nakamoto-v1/experiments/settle_model.py",
            "formal/pon-nakamoto-v1/inference_receipt.py",
            "formal/pon-nakamoto-v1/model_contract.py",
            "formal/pon-nakamoto-v1/test_evaluation.py",
            "formal/pon-nakamoto-v1/test_inference_receipt.py",
            "formal/pon-nakamoto-v1/test_native_execution.py",
            "trillionnium/crates/trnm-mvcc-fee/examples/pon_execute.rs",
            "trillionnium/crates/trnm-mvcc-fee/src/pon_executor.rs"
          ],
          "changed_subjects": [],
          "complete_recorded_runtime_matches": false,
          "current_regression_support": false,
          "manifest": "evidence/pon-v3/manifest.json",
          "measured_commit": "242906bae4f281c738c60adbd2c053d2ded1eae5",
          "measured_tree": "160cc493ab4cfb7f3f8c26b2d1621691a0c49502",
          "observed_selectors": [
            "formal/pon-nakamoto-v1/test_contracts.py::DiskReorgTests.test_every_reorg_process_crash_cut_recovers_exactly"
          ],
          "reexecuted_now": false,
          "runtime_inventory_added": [
            "formal/pon-nakamoto-v1/evaluation_bundle.py",
            "formal/pon-nakamoto-v1/experiments/evaluation_host_parity.py",
            "formal/pon-nakamoto-v1/experiments/executor_comparison.py",
            "formal/pon-nakamoto-v1/experiments/native_host_parity.py",
            "formal/pon-nakamoto-v1/test_evaluation_bundle.py"
          ],
          "runtime_inventory_removed": [],
          "scope": "Recorded native/reference invariants, long history, work costs and same-admin host campaigns.",
          "source_binding_commit": "242906bae4f281c738c60adbd2c053d2ded1eae5",
          "subject_bytes_match": true,
          "unobserved_selectors": [],
          "unrecorded_subjects": []
        },
        "v4": {
          "artifact_integrity_verified": true,
          "changed_runtime_inputs": [
            "formal/pon-nakamoto-v1/evaluation.py",
            "formal/pon-nakamoto-v1/experiments/learning_cycles.py",
            "formal/pon-nakamoto-v1/experiments/model_loop.py",
            "formal/pon-nakamoto-v1/experiments/run_campaign.py",
            "formal/pon-nakamoto-v1/experiments/settle_model.py",
            "formal/pon-nakamoto-v1/inference_receipt.py",
            "formal/pon-nakamoto-v1/model_contract.py",
            "formal/pon-nakamoto-v1/test_evaluation.py",
            "formal/pon-nakamoto-v1/test_inference_receipt.py"
          ],
          "changed_subjects": [],
          "complete_recorded_runtime_matches": false,
          "current_regression_support": false,
          "manifest": "evidence/pon-v4/manifest.json",
          "measured_commit": "30b85c34d1be404dcccd9f415286bb43b00f64ea",
          "measured_tree": "4ee1a9d265f09871b0f167d2a5be77ca4b9839c0",
          "observed_selectors": [
            "formal/pon-nakamoto-v1/test_contracts.py::DiskReorgTests.test_every_reorg_process_crash_cut_recovers_exactly"
          ],
          "reexecuted_now": false,
          "runtime_inventory_added": [
            "formal/pon-nakamoto-v1/evaluation_bundle.py",
            "formal/pon-nakamoto-v1/experiments/evaluation_host_parity.py",
            "formal/pon-nakamoto-v1/test_evaluation_bundle.py"
          ],
          "runtime_inventory_removed": [],
          "scope": "Block-scoped native comparison and same-admin binary parity; no public TPS.",
          "source_binding_commit": "30b85c34d1be404dcccd9f415286bb43b00f64ea",
          "subject_bytes_match": true,
          "unobserved_selectors": [],
          "unrecorded_subjects": []
        }
      },
      "persistence_owner": null,
      "remaining": "Selector uses real mining to construct reorg inputs only; durable miner, stale-job cancellation and publication reconciliation remain unimplemented.",
      "runtime_symbols": [
        {
          "path": "formal/pon-nakamoto-v1/ledger.py",
          "symbol": "Ledger.make"
        }
      ]
    },
    {
      "backend": "Independent SQLite WAL/FULL effect journal",
      "controlled_entrypoint": {
        "path": "formal/pon-nakamoto-v1/ledger.py",
        "symbol": "EffectJournal.enter"
      },
      "evidence_selectors": [
        "formal/pon-nakamoto-v1/test_invariants.py::EffectLinearizationTests.test_revoke_committed_first_prevents_entry",
        "formal/pon-nakamoto-v1/test_invariants.py::EffectLinearizationTests.test_crash_after_entry_commit_rejects_replay"
      ],
      "implementation_kind": "reference-owner",
      "module": "M03",
      "operation": "M03.EnterExternalEffect",
      "ordinary_product_entrypoint": null,
      "packages": {
        "e3": {
          "artifact_integrity_verified": true,
          "changed_runtime_inputs": [],
          "changed_subjects": [],
          "complete_recorded_runtime_matches": true,
          "current_regression_support": true,
          "manifest": "evidence/pon-evaluation-bundle-v1/manifest.json",
          "measured_commit": "50e158640d8278ca94dbecb6539dab96c6a9fb84",
          "measured_tree": "d61a69d3433db127019924d269bf25ded3aecf60",
          "observed_selectors": [
            "formal/pon-nakamoto-v1/test_invariants.py::EffectLinearizationTests.test_revoke_committed_first_prevents_entry",
            "formal/pon-nakamoto-v1/test_invariants.py::EffectLinearizationTests.test_crash_after_entry_commit_rejects_replay"
          ],
          "reexecuted_now": false,
          "runtime_inventory_added": [],
          "runtime_inventory_removed": [],
          "scope": "Sealed evaluation and full consent; actual zero adoption/reward and same-admin evaluator parity.",
          "source_binding_commit": "50e158640d8278ca94dbecb6539dab96c6a9fb84",
          "subject_bytes_match": true,
          "unobserved_selectors": [],
          "unrecorded_subjects": []
        },
        "v1": {
          "artifact_integrity_verified": true,
          "changed_runtime_inputs": [
            "config/pon/devnet-v1.json",
            "config/pon/ledger-v1.json",
            "formal/pon-nakamoto-v1/experiments/local_network.py",
            "formal/pon-nakamoto-v1/experiments/model_loop.py",
            "formal/pon-nakamoto-v1/experiments/run_campaign.py",
            "formal/pon-nakamoto-v1/experiments/settle_model.py",
            "formal/pon-nakamoto-v1/ledger.py",
            "formal/pon-nakamoto-v1/test_contracts.py",
            "formal/pon-nakamoto-v1/vectors/expected.json",
            "formal/pon-nakamoto-v1/vectors/header-short.bin",
            "formal/pon-nakamoto-v1/vectors/header-trailing.bin",
            "formal/pon-nakamoto-v1/vectors/header-version.bin",
            "formal/pon-nakamoto-v1/vectors/header.bin",
            "formal/pon-nakamoto-v1/vectors/tx-01.bin",
            "formal/pon-nakamoto-v1/vectors/tx-02.bin",
            "formal/pon-nakamoto-v1/vectors/tx-03.bin",
            "formal/pon-nakamoto-v1/vectors/tx-04.bin",
            "formal/pon-nakamoto-v1/vectors/tx-05.bin",
            "formal/pon-nakamoto-v1/vectors/tx-06.bin",
            "formal/pon-nakamoto-v1/vectors/tx-07.bin",
            "formal/pon-nakamoto-v1/vectors/tx-08.bin",
            "formal/pon-nakamoto-v1/vectors/tx-09.bin",
            "formal/pon-nakamoto-v1/vectors/tx-10.bin",
            "formal/pon-nakamoto-v1/vectors/tx-11.bin",
            "formal/pon-nakamoto-v1/vectors/tx-12.bin",
            "formal/pon-nakamoto-v1/vectors/tx-bad-length.bin",
            "formal/pon-nakamoto-v1/vectors/tx-short.bin",
            "formal/pon-nakamoto-v1/vectors/tx-trailing.bin",
            "formal/pon-nakamoto-v1/vectors/tx-unknown.bin",
            "formal/pon-nakamoto-v1/vectors/tx-zero-nonce.bin",
            "formal/pon-nakamoto-v1/vectors/work.bin",
            "trillionnium/Cargo.lock",
            "trillionnium/crates/trnm-crypto-primitives/src/lib.rs",
            "trillionnium/crates/trnm-mvcc-fee/Cargo.toml",
            "trillionnium/crates/trnm-mvcc-fee/src/lib.rs",
            "trillionnium/crates/trnm-protocol/src/pon_wire.rs",
            "trillionnium/crates/trnm-transport/Cargo.toml",
            "trillionnium/crates/trnm-transport/src/lib.rs"
          ],
          "changed_subjects": [
            "config/pon/devnet-v1.json",
            "config/pon/ledger-v1.json",
            "formal/pon-nakamoto-v1/ledger.py"
          ],
          "complete_recorded_runtime_matches": false,
          "current_regression_support": false,
          "manifest": "evidence/pon-v1/manifest.json",
          "measured_commit": "8b87fee77ddee6a9778e8bebe880ba2627b05d5d",
          "measured_tree": null,
          "observed_selectors": [],
          "reexecuted_now": false,
          "runtime_inventory_added": [
            "formal/pon-nakamoto-v1/bounded_process.py",
            "formal/pon-nakamoto-v1/evaluation.py",
            "formal/pon-nakamoto-v1/evaluation_bundle.py",
            "formal/pon-nakamoto-v1/experiments/evaluation_host_parity.py",
            "formal/pon-nakamoto-v1/experiments/executor_comparison.py",
            "formal/pon-nakamoto-v1/experiments/learning_cycles.py",
            "formal/pon-nakamoto-v1/experiments/long_history.py",
            "formal/pon-nakamoto-v1/experiments/multihost_campaign.py",
            "formal/pon-nakamoto-v1/experiments/native_host_parity.py",
            "formal/pon-nakamoto-v1/experiments/parallel_cost.py",
            "formal/pon-nakamoto-v1/experiments/remote_peer.py",
            "formal/pon-nakamoto-v1/generate_accepted_block.py",
            "formal/pon-nakamoto-v1/inference_receipt.py",
            "formal/pon-nakamoto-v1/model_contract.py",
            "formal/pon-nakamoto-v1/native_execution.py",
            "formal/pon-nakamoto-v1/strict_signature.py",
            "formal/pon-nakamoto-v1/test_artifacts.py",
            "formal/pon-nakamoto-v1/test_bounded_process.py",
            "formal/pon-nakamoto-v1/test_evaluation.py",
            "formal/pon-nakamoto-v1/test_evaluation_bundle.py",
            "formal/pon-nakamoto-v1/test_inference_receipt.py",
            "formal/pon-nakamoto-v1/test_invariants.py",
            "formal/pon-nakamoto-v1/test_model_contract.py",
            "formal/pon-nakamoto-v1/test_native_execution.py",
            "formal/pon-nakamoto-v1/test_strict_signature.py",
            "formal/pon-nakamoto-v1/test_work_backend.py",
            "formal/pon-nakamoto-v1/vectors/accepted-block/expected.json",
            "formal/pon-nakamoto-v1/vectors/accepted-block/genesis-state.json",
            "formal/pon-nakamoto-v1/vectors/accepted-block/header.bin",
            "formal/pon-nakamoto-v1/vectors/accepted-block/post-state.json",
            "formal/pon-nakamoto-v1/vectors/accepted-block/transaction.bin",
            "formal/pon-nakamoto-v1/vectors/accepted-block/work.bin",
            "formal/pon-nakamoto-v1/work_backend.py",
            "trillionnium/crates/trnm-crypto-primitives/examples/pon_adversarial_cost.rs",
            "trillionnium/crates/trnm-crypto-primitives/examples/pon_work_io.rs",
            "trillionnium/crates/trnm-mvcc-fee/examples/pon_execute.rs",
            "trillionnium/crates/trnm-mvcc-fee/src/pon_executor.rs",
            "trillionnium/crates/trnm-transport/examples/pon_admission_load.rs",
            "trillionnium/crates/trnm-transport/src/proof_admission.rs"
          ],
          "runtime_inventory_removed": [],
          "scope": "Original revision1 work, ledger, model and loopback experiments; historical only.",
          "source_binding_commit": "5d59b9540268914794a62e8fa237caf999499314",
          "subject_bytes_match": false,
          "unobserved_selectors": [
            "formal/pon-nakamoto-v1/test_invariants.py::EffectLinearizationTests.test_revoke_committed_first_prevents_entry",
            "formal/pon-nakamoto-v1/test_invariants.py::EffectLinearizationTests.test_crash_after_entry_commit_rejects_replay"
          ],
          "unrecorded_subjects": []
        },
        "v3": {
          "artifact_integrity_verified": true,
          "changed_runtime_inputs": [
            "formal/pon-nakamoto-v1/evaluation.py",
            "formal/pon-nakamoto-v1/experiments/learning_cycles.py",
            "formal/pon-nakamoto-v1/experiments/model_loop.py",
            "formal/pon-nakamoto-v1/experiments/run_campaign.py",
            "formal/pon-nakamoto-v1/experiments/settle_model.py",
            "formal/pon-nakamoto-v1/inference_receipt.py",
            "formal/pon-nakamoto-v1/model_contract.py",
            "formal/pon-nakamoto-v1/test_evaluation.py",
            "formal/pon-nakamoto-v1/test_inference_receipt.py",
            "formal/pon-nakamoto-v1/test_native_execution.py",
            "trillionnium/crates/trnm-mvcc-fee/examples/pon_execute.rs",
            "trillionnium/crates/trnm-mvcc-fee/src/pon_executor.rs"
          ],
          "changed_subjects": [],
          "complete_recorded_runtime_matches": false,
          "current_regression_support": false,
          "manifest": "evidence/pon-v3/manifest.json",
          "measured_commit": "242906bae4f281c738c60adbd2c053d2ded1eae5",
          "measured_tree": "160cc493ab4cfb7f3f8c26b2d1621691a0c49502",
          "observed_selectors": [
            "formal/pon-nakamoto-v1/test_invariants.py::EffectLinearizationTests.test_revoke_committed_first_prevents_entry",
            "formal/pon-nakamoto-v1/test_invariants.py::EffectLinearizationTests.test_crash_after_entry_commit_rejects_replay"
          ],
          "reexecuted_now": false,
          "runtime_inventory_added": [
            "formal/pon-nakamoto-v1/evaluation_bundle.py",
            "formal/pon-nakamoto-v1/experiments/evaluation_host_parity.py",
            "formal/pon-nakamoto-v1/experiments/executor_comparison.py",
            "formal/pon-nakamoto-v1/experiments/native_host_parity.py",
            "formal/pon-nakamoto-v1/test_evaluation_bundle.py"
          ],
          "runtime_inventory_removed": [],
          "scope": "Recorded native/reference invariants, long history, work costs and same-admin host campaigns.",
          "source_binding_commit": "242906bae4f281c738c60adbd2c053d2ded1eae5",
          "subject_bytes_match": true,
          "unobserved_selectors": [],
          "unrecorded_subjects": []
        },
        "v4": {
          "artifact_integrity_verified": true,
          "changed_runtime_inputs": [
            "formal/pon-nakamoto-v1/evaluation.py",
            "formal/pon-nakamoto-v1/experiments/learning_cycles.py",
            "formal/pon-nakamoto-v1/experiments/model_loop.py",
            "formal/pon-nakamoto-v1/experiments/run_campaign.py",
            "formal/pon-nakamoto-v1/experiments/settle_model.py",
            "formal/pon-nakamoto-v1/inference_receipt.py",
            "formal/pon-nakamoto-v1/model_contract.py",
            "formal/pon-nakamoto-v1/test_evaluation.py",
            "formal/pon-nakamoto-v1/test_inference_receipt.py"
          ],
          "changed_subjects": [],
          "complete_recorded_runtime_matches": false,
          "current_regression_support": false,
          "manifest": "evidence/pon-v4/manifest.json",
          "measured_commit": "30b85c34d1be404dcccd9f415286bb43b00f64ea",
          "measured_tree": "4ee1a9d265f09871b0f167d2a5be77ca4b9839c0",
          "observed_selectors": [
            "formal/pon-nakamoto-v1/test_invariants.py::EffectLinearizationTests.test_revoke_committed_first_prevents_entry",
            "formal/pon-nakamoto-v1/test_invariants.py::EffectLinearizationTests.test_crash_after_entry_commit_rejects_replay"
          ],
          "reexecuted_now": false,
          "runtime_inventory_added": [
            "formal/pon-nakamoto-v1/evaluation_bundle.py",
            "formal/pon-nakamoto-v1/experiments/evaluation_host_parity.py",
            "formal/pon-nakamoto-v1/test_evaluation_bundle.py"
          ],
          "runtime_inventory_removed": [],
          "scope": "Block-scoped native comparison and same-admin binary parity; no public TPS.",
          "source_binding_commit": "30b85c34d1be404dcccd9f415286bb43b00f64ea",
          "subject_bytes_match": true,
          "unobserved_selectors": [],
          "unrecorded_subjects": []
        }
      },
      "persistence_owner": {
        "path": "formal/pon-nakamoto-v1/ledger.py",
        "symbol": "EffectJournal"
      },
      "remaining": "Entry is not actual dispatch, target-side exactly-once, final-use authority or coherent rollback protection.",
      "runtime_symbols": [
        {
          "path": "formal/pon-nakamoto-v1/ledger.py",
          "symbol": "EffectJournal.enter"
        },
        {
          "path": "formal/pon-nakamoto-v1/ledger.py",
          "symbol": "EffectJournal.revoke"
        }
      ]
    },
    {
      "backend": "Bounded loopback JSON/TCP harness, not native authenticated public P2P",
      "controlled_entrypoint": {
        "path": "formal/pon-nakamoto-v1/experiments/local_network.py",
        "symbol": "serve"
      },
      "evidence_selectors": [],
      "implementation_kind": "controlled-experiment",
      "module": "M04",
      "operation": "M04.ReadFrame",
      "ordinary_product_entrypoint": null,
      "packages": {
        "e3": {
          "artifact_integrity_verified": true,
          "changed_runtime_inputs": [],
          "changed_subjects": [],
          "complete_recorded_runtime_matches": true,
          "current_regression_support": false,
          "manifest": "evidence/pon-evaluation-bundle-v1/manifest.json",
          "measured_commit": "50e158640d8278ca94dbecb6539dab96c6a9fb84",
          "measured_tree": "d61a69d3433db127019924d269bf25ded3aecf60",
          "observed_selectors": [],
          "reexecuted_now": false,
          "runtime_inventory_added": [],
          "runtime_inventory_removed": [],
          "scope": "Sealed evaluation and full consent; actual zero adoption/reward and same-admin evaluator parity.",
          "source_binding_commit": "50e158640d8278ca94dbecb6539dab96c6a9fb84",
          "subject_bytes_match": true,
          "unobserved_selectors": [],
          "unrecorded_subjects": []
        },
        "v1": {
          "artifact_integrity_verified": true,
          "changed_runtime_inputs": [
            "config/pon/devnet-v1.json",
            "config/pon/ledger-v1.json",
            "formal/pon-nakamoto-v1/experiments/local_network.py",
            "formal/pon-nakamoto-v1/experiments/model_loop.py",
            "formal/pon-nakamoto-v1/experiments/run_campaign.py",
            "formal/pon-nakamoto-v1/experiments/settle_model.py",
            "formal/pon-nakamoto-v1/ledger.py",
            "formal/pon-nakamoto-v1/test_contracts.py",
            "formal/pon-nakamoto-v1/vectors/expected.json",
            "formal/pon-nakamoto-v1/vectors/header-short.bin",
            "formal/pon-nakamoto-v1/vectors/header-trailing.bin",
            "formal/pon-nakamoto-v1/vectors/header-version.bin",
            "formal/pon-nakamoto-v1/vectors/header.bin",
            "formal/pon-nakamoto-v1/vectors/tx-01.bin",
            "formal/pon-nakamoto-v1/vectors/tx-02.bin",
            "formal/pon-nakamoto-v1/vectors/tx-03.bin",
            "formal/pon-nakamoto-v1/vectors/tx-04.bin",
            "formal/pon-nakamoto-v1/vectors/tx-05.bin",
            "formal/pon-nakamoto-v1/vectors/tx-06.bin",
            "formal/pon-nakamoto-v1/vectors/tx-07.bin",
            "formal/pon-nakamoto-v1/vectors/tx-08.bin",
            "formal/pon-nakamoto-v1/vectors/tx-09.bin",
            "formal/pon-nakamoto-v1/vectors/tx-10.bin",
            "formal/pon-nakamoto-v1/vectors/tx-11.bin",
            "formal/pon-nakamoto-v1/vectors/tx-12.bin",
            "formal/pon-nakamoto-v1/vectors/tx-bad-length.bin",
            "formal/pon-nakamoto-v1/vectors/tx-short.bin",
            "formal/pon-nakamoto-v1/vectors/tx-trailing.bin",
            "formal/pon-nakamoto-v1/vectors/tx-unknown.bin",
            "formal/pon-nakamoto-v1/vectors/tx-zero-nonce.bin",
            "formal/pon-nakamoto-v1/vectors/work.bin",
            "trillionnium/Cargo.lock",
            "trillionnium/crates/trnm-crypto-primitives/src/lib.rs",
            "trillionnium/crates/trnm-mvcc-fee/Cargo.toml",
            "trillionnium/crates/trnm-mvcc-fee/src/lib.rs",
            "trillionnium/crates/trnm-protocol/src/pon_wire.rs",
            "trillionnium/crates/trnm-transport/Cargo.toml",
            "trillionnium/crates/trnm-transport/src/lib.rs"
          ],
          "changed_subjects": [
            "config/pon/devnet-v1.json",
            "config/pon/ledger-v1.json",
            "formal/pon-nakamoto-v1/experiments/local_network.py"
          ],
          "complete_recorded_runtime_matches": false,
          "current_regression_support": false,
          "manifest": "evidence/pon-v1/manifest.json",
          "measured_commit": "8b87fee77ddee6a9778e8bebe880ba2627b05d5d",
          "measured_tree": null,
          "observed_selectors": [],
          "reexecuted_now": false,
          "runtime_inventory_added": [
            "formal/pon-nakamoto-v1/bounded_process.py",
            "formal/pon-nakamoto-v1/evaluation.py",
            "formal/pon-nakamoto-v1/evaluation_bundle.py",
            "formal/pon-nakamoto-v1/experiments/evaluation_host_parity.py",
            "formal/pon-nakamoto-v1/experiments/executor_comparison.py",
            "formal/pon-nakamoto-v1/experiments/learning_cycles.py",
            "formal/pon-nakamoto-v1/experiments/long_history.py",
            "formal/pon-nakamoto-v1/experiments/multihost_campaign.py",
            "formal/pon-nakamoto-v1/experiments/native_host_parity.py",
            "formal/pon-nakamoto-v1/experiments/parallel_cost.py",
            "formal/pon-nakamoto-v1/experiments/remote_peer.py",
            "formal/pon-nakamoto-v1/generate_accepted_block.py",
            "formal/pon-nakamoto-v1/inference_receipt.py",
            "formal/pon-nakamoto-v1/model_contract.py",
            "formal/pon-nakamoto-v1/native_execution.py",
            "formal/pon-nakamoto-v1/strict_signature.py",
            "formal/pon-nakamoto-v1/test_artifacts.py",
            "formal/pon-nakamoto-v1/test_bounded_process.py",
            "formal/pon-nakamoto-v1/test_evaluation.py",
            "formal/pon-nakamoto-v1/test_evaluation_bundle.py",
            "formal/pon-nakamoto-v1/test_inference_receipt.py",
            "formal/pon-nakamoto-v1/test_invariants.py",
            "formal/pon-nakamoto-v1/test_model_contract.py",
            "formal/pon-nakamoto-v1/test_native_execution.py",
            "formal/pon-nakamoto-v1/test_strict_signature.py",
            "formal/pon-nakamoto-v1/test_work_backend.py",
            "formal/pon-nakamoto-v1/vectors/accepted-block/expected.json",
            "formal/pon-nakamoto-v1/vectors/accepted-block/genesis-state.json",
            "formal/pon-nakamoto-v1/vectors/accepted-block/header.bin",
            "formal/pon-nakamoto-v1/vectors/accepted-block/post-state.json",
            "formal/pon-nakamoto-v1/vectors/accepted-block/transaction.bin",
            "formal/pon-nakamoto-v1/vectors/accepted-block/work.bin",
            "formal/pon-nakamoto-v1/work_backend.py",
            "trillionnium/crates/trnm-crypto-primitives/examples/pon_adversarial_cost.rs",
            "trillionnium/crates/trnm-crypto-primitives/examples/pon_work_io.rs",
            "trillionnium/crates/trnm-mvcc-fee/examples/pon_execute.rs",
            "trillionnium/crates/trnm-mvcc-fee/src/pon_executor.rs",
            "trillionnium/crates/trnm-transport/examples/pon_admission_load.rs",
            "trillionnium/crates/trnm-transport/src/proof_admission.rs"
          ],
          "runtime_inventory_removed": [],
          "scope": "Original revision1 work, ledger, model and loopback experiments; historical only.",
          "source_binding_commit": "5d59b9540268914794a62e8fa237caf999499314",
          "subject_bytes_match": false,
          "unobserved_selectors": [],
          "unrecorded_subjects": []
        },
        "v3": {
          "artifact_integrity_verified": true,
          "changed_runtime_inputs": [
            "formal/pon-nakamoto-v1/evaluation.py",
            "formal/pon-nakamoto-v1/experiments/learning_cycles.py",
            "formal/pon-nakamoto-v1/experiments/model_loop.py",
            "formal/pon-nakamoto-v1/experiments/run_campaign.py",
            "formal/pon-nakamoto-v1/experiments/settle_model.py",
            "formal/pon-nakamoto-v1/inference_receipt.py",
            "formal/pon-nakamoto-v1/model_contract.py",
            "formal/pon-nakamoto-v1/test_evaluation.py",
            "formal/pon-nakamoto-v1/test_inference_receipt.py",
            "formal/pon-nakamoto-v1/test_native_execution.py",
            "trillionnium/crates/trnm-mvcc-fee/examples/pon_execute.rs",
            "trillionnium/crates/trnm-mvcc-fee/src/pon_executor.rs"
          ],
          "changed_subjects": [],
          "complete_recorded_runtime_matches": false,
          "current_regression_support": false,
          "manifest": "evidence/pon-v3/manifest.json",
          "measured_commit": "242906bae4f281c738c60adbd2c053d2ded1eae5",
          "measured_tree": "160cc493ab4cfb7f3f8c26b2d1621691a0c49502",
          "observed_selectors": [],
          "reexecuted_now": false,
          "runtime_inventory_added": [
            "formal/pon-nakamoto-v1/evaluation_bundle.py",
            "formal/pon-nakamoto-v1/experiments/evaluation_host_parity.py",
            "formal/pon-nakamoto-v1/experiments/executor_comparison.py",
            "formal/pon-nakamoto-v1/experiments/native_host_parity.py",
            "formal/pon-nakamoto-v1/test_evaluation_bundle.py"
          ],
          "runtime_inventory_removed": [],
          "scope": "Recorded native/reference invariants, long history, work costs and same-admin host campaigns.",
          "source_binding_commit": "242906bae4f281c738c60adbd2c053d2ded1eae5",
          "subject_bytes_match": true,
          "unobserved_selectors": [],
          "unrecorded_subjects": []
        },
        "v4": {
          "artifact_integrity_verified": true,
          "changed_runtime_inputs": [
            "formal/pon-nakamoto-v1/evaluation.py",
            "formal/pon-nakamoto-v1/experiments/learning_cycles.py",
            "formal/pon-nakamoto-v1/experiments/model_loop.py",
            "formal/pon-nakamoto-v1/experiments/run_campaign.py",
            "formal/pon-nakamoto-v1/experiments/settle_model.py",
            "formal/pon-nakamoto-v1/inference_receipt.py",
            "formal/pon-nakamoto-v1/model_contract.py",
            "formal/pon-nakamoto-v1/test_evaluation.py",
            "formal/pon-nakamoto-v1/test_inference_receipt.py"
          ],
          "changed_subjects": [],
          "complete_recorded_runtime_matches": false,
          "current_regression_support": false,
          "manifest": "evidence/pon-v4/manifest.json",
          "measured_commit": "30b85c34d1be404dcccd9f415286bb43b00f64ea",
          "measured_tree": "4ee1a9d265f09871b0f167d2a5be77ca4b9839c0",
          "observed_selectors": [],
          "reexecuted_now": false,
          "runtime_inventory_added": [
            "formal/pon-nakamoto-v1/evaluation_bundle.py",
            "formal/pon-nakamoto-v1/experiments/evaluation_host_parity.py",
            "formal/pon-nakamoto-v1/test_evaluation_bundle.py"
          ],
          "runtime_inventory_removed": [],
          "scope": "Block-scoped native comparison and same-admin binary parity; no public TPS.",
          "source_binding_commit": "30b85c34d1be404dcccd9f415286bb43b00f64ea",
          "subject_bytes_match": true,
          "unobserved_selectors": [],
          "unrecorded_subjects": []
        }
      },
      "persistence_owner": null,
      "remaining": "Exact retained native transport and proof-admission components are not the ordinary peer service; no current registered per-procedure network test.",
      "runtime_symbols": [
        {
          "path": "formal/pon-nakamoto-v1/experiments/local_network.py",
          "symbol": "recv"
        }
      ]
    },
    {
      "backend": "Controller-dispatched loopback requests to separate reference Ledgers",
      "controlled_entrypoint": {
        "path": "formal/pon-nakamoto-v1/experiments/local_network.py",
        "symbol": "run"
      },
      "evidence_selectors": [],
      "implementation_kind": "controlled-experiment",
      "module": "M04",
      "operation": "M04.PropagateVerifiedBlock",
      "ordinary_product_entrypoint": null,
      "packages": {
        "e3": {
          "artifact_integrity_verified": true,
          "changed_runtime_inputs": [],
          "changed_subjects": [],
          "complete_recorded_runtime_matches": true,
          "current_regression_support": false,
          "manifest": "evidence/pon-evaluation-bundle-v1/manifest.json",
          "measured_commit": "50e158640d8278ca94dbecb6539dab96c6a9fb84",
          "measured_tree": "d61a69d3433db127019924d269bf25ded3aecf60",
          "observed_selectors": [],
          "reexecuted_now": false,
          "runtime_inventory_added": [],
          "runtime_inventory_removed": [],
          "scope": "Sealed evaluation and full consent; actual zero adoption/reward and same-admin evaluator parity.",
          "source_binding_commit": "50e158640d8278ca94dbecb6539dab96c6a9fb84",
          "subject_bytes_match": true,
          "unobserved_selectors": [],
          "unrecorded_subjects": []
        },
        "v1": {
          "artifact_integrity_verified": true,
          "changed_runtime_inputs": [
            "config/pon/devnet-v1.json",
            "config/pon/ledger-v1.json",
            "formal/pon-nakamoto-v1/experiments/local_network.py",
            "formal/pon-nakamoto-v1/experiments/model_loop.py",
            "formal/pon-nakamoto-v1/experiments/run_campaign.py",
            "formal/pon-nakamoto-v1/experiments/settle_model.py",
            "formal/pon-nakamoto-v1/ledger.py",
            "formal/pon-nakamoto-v1/test_contracts.py",
            "formal/pon-nakamoto-v1/vectors/expected.json",
            "formal/pon-nakamoto-v1/vectors/header-short.bin",
            "formal/pon-nakamoto-v1/vectors/header-trailing.bin",
            "formal/pon-nakamoto-v1/vectors/header-version.bin",
            "formal/pon-nakamoto-v1/vectors/header.bin",
            "formal/pon-nakamoto-v1/vectors/tx-01.bin",
            "formal/pon-nakamoto-v1/vectors/tx-02.bin",
            "formal/pon-nakamoto-v1/vectors/tx-03.bin",
            "formal/pon-nakamoto-v1/vectors/tx-04.bin",
            "formal/pon-nakamoto-v1/vectors/tx-05.bin",
            "formal/pon-nakamoto-v1/vectors/tx-06.bin",
            "formal/pon-nakamoto-v1/vectors/tx-07.bin",
            "formal/pon-nakamoto-v1/vectors/tx-08.bin",
            "formal/pon-nakamoto-v1/vectors/tx-09.bin",
            "formal/pon-nakamoto-v1/vectors/tx-10.bin",
            "formal/pon-nakamoto-v1/vectors/tx-11.bin",
            "formal/pon-nakamoto-v1/vectors/tx-12.bin",
            "formal/pon-nakamoto-v1/vectors/tx-bad-length.bin",
            "formal/pon-nakamoto-v1/vectors/tx-short.bin",
            "formal/pon-nakamoto-v1/vectors/tx-trailing.bin",
            "formal/pon-nakamoto-v1/vectors/tx-unknown.bin",
            "formal/pon-nakamoto-v1/vectors/tx-zero-nonce.bin",
            "formal/pon-nakamoto-v1/vectors/work.bin",
            "trillionnium/Cargo.lock",
            "trillionnium/crates/trnm-crypto-primitives/src/lib.rs",
            "trillionnium/crates/trnm-mvcc-fee/Cargo.toml",
            "trillionnium/crates/trnm-mvcc-fee/src/lib.rs",
            "trillionnium/crates/trnm-protocol/src/pon_wire.rs",
            "trillionnium/crates/trnm-transport/Cargo.toml",
            "trillionnium/crates/trnm-transport/src/lib.rs"
          ],
          "changed_subjects": [
            "config/pon/devnet-v1.json",
            "config/pon/ledger-v1.json",
            "formal/pon-nakamoto-v1/experiments/local_network.py",
            "formal/pon-nakamoto-v1/ledger.py"
          ],
          "complete_recorded_runtime_matches": false,
          "current_regression_support": false,
          "manifest": "evidence/pon-v1/manifest.json",
          "measured_commit": "8b87fee77ddee6a9778e8bebe880ba2627b05d5d",
          "measured_tree": null,
          "observed_selectors": [],
          "reexecuted_now": false,
          "runtime_inventory_added": [
            "formal/pon-nakamoto-v1/bounded_process.py",
            "formal/pon-nakamoto-v1/evaluation.py",
            "formal/pon-nakamoto-v1/evaluation_bundle.py",
            "formal/pon-nakamoto-v1/experiments/evaluation_host_parity.py",
            "formal/pon-nakamoto-v1/experiments/executor_comparison.py",
            "formal/pon-nakamoto-v1/experiments/learning_cycles.py",
            "formal/pon-nakamoto-v1/experiments/long_history.py",
            "formal/pon-nakamoto-v1/experiments/multihost_campaign.py",
            "formal/pon-nakamoto-v1/experiments/native_host_parity.py",
            "formal/pon-nakamoto-v1/experiments/parallel_cost.py",
            "formal/pon-nakamoto-v1/experiments/remote_peer.py",
            "formal/pon-nakamoto-v1/generate_accepted_block.py",
            "formal/pon-nakamoto-v1/inference_receipt.py",
            "formal/pon-nakamoto-v1/model_contract.py",
            "formal/pon-nakamoto-v1/native_execution.py",
            "formal/pon-nakamoto-v1/strict_signature.py",
            "formal/pon-nakamoto-v1/test_artifacts.py",
            "formal/pon-nakamoto-v1/test_bounded_process.py",
            "formal/pon-nakamoto-v1/test_evaluation.py",
            "formal/pon-nakamoto-v1/test_evaluation_bundle.py",
            "formal/pon-nakamoto-v1/test_inference_receipt.py",
            "formal/pon-nakamoto-v1/test_invariants.py",
            "formal/pon-nakamoto-v1/test_model_contract.py",
            "formal/pon-nakamoto-v1/test_native_execution.py",
            "formal/pon-nakamoto-v1/test_strict_signature.py",
            "formal/pon-nakamoto-v1/test_work_backend.py",
            "formal/pon-nakamoto-v1/vectors/accepted-block/expected.json",
            "formal/pon-nakamoto-v1/vectors/accepted-block/genesis-state.json",
            "formal/pon-nakamoto-v1/vectors/accepted-block/header.bin",
            "formal/pon-nakamoto-v1/vectors/accepted-block/post-state.json",
            "formal/pon-nakamoto-v1/vectors/accepted-block/transaction.bin",
            "formal/pon-nakamoto-v1/vectors/accepted-block/work.bin",
            "formal/pon-nakamoto-v1/work_backend.py",
            "trillionnium/crates/trnm-crypto-primitives/examples/pon_adversarial_cost.rs",
            "trillionnium/crates/trnm-crypto-primitives/examples/pon_work_io.rs",
            "trillionnium/crates/trnm-mvcc-fee/examples/pon_execute.rs",
            "trillionnium/crates/trnm-mvcc-fee/src/pon_executor.rs",
            "trillionnium/crates/trnm-transport/examples/pon_admission_load.rs",
            "trillionnium/crates/trnm-transport/src/proof_admission.rs"
          ],
          "runtime_inventory_removed": [],
          "scope": "Original revision1 work, ledger, model and loopback experiments; historical only.",
          "source_binding_commit": "5d59b9540268914794a62e8fa237caf999499314",
          "subject_bytes_match": false,
          "unobserved_selectors": [],
          "unrecorded_subjects": []
        },
        "v3": {
          "artifact_integrity_verified": true,
          "changed_runtime_inputs": [
            "formal/pon-nakamoto-v1/evaluation.py",
            "formal/pon-nakamoto-v1/experiments/learning_cycles.py",
            "formal/pon-nakamoto-v1/experiments/model_loop.py",
            "formal/pon-nakamoto-v1/experiments/run_campaign.py",
            "formal/pon-nakamoto-v1/experiments/settle_model.py",
            "formal/pon-nakamoto-v1/inference_receipt.py",
            "formal/pon-nakamoto-v1/model_contract.py",
            "formal/pon-nakamoto-v1/test_evaluation.py",
            "formal/pon-nakamoto-v1/test_inference_receipt.py",
            "formal/pon-nakamoto-v1/test_native_execution.py",
            "trillionnium/crates/trnm-mvcc-fee/examples/pon_execute.rs",
            "trillionnium/crates/trnm-mvcc-fee/src/pon_executor.rs"
          ],
          "changed_subjects": [],
          "complete_recorded_runtime_matches": false,
          "current_regression_support": false,
          "manifest": "evidence/pon-v3/manifest.json",
          "measured_commit": "242906bae4f281c738c60adbd2c053d2ded1eae5",
          "measured_tree": "160cc493ab4cfb7f3f8c26b2d1621691a0c49502",
          "observed_selectors": [],
          "reexecuted_now": false,
          "runtime_inventory_added": [
            "formal/pon-nakamoto-v1/evaluation_bundle.py",
            "formal/pon-nakamoto-v1/experiments/evaluation_host_parity.py",
            "formal/pon-nakamoto-v1/experiments/executor_comparison.py",
            "formal/pon-nakamoto-v1/experiments/native_host_parity.py",
            "formal/pon-nakamoto-v1/test_evaluation_bundle.py"
          ],
          "runtime_inventory_removed": [],
          "scope": "Recorded native/reference invariants, long history, work costs and same-admin host campaigns.",
          "source_binding_commit": "242906bae4f281c738c60adbd2c053d2ded1eae5",
          "subject_bytes_match": true,
          "unobserved_selectors": [],
          "unrecorded_subjects": []
        },
        "v4": {
          "artifact_integrity_verified": true,
          "changed_runtime_inputs": [
            "formal/pon-nakamoto-v1/evaluation.py",
            "formal/pon-nakamoto-v1/experiments/learning_cycles.py",
            "formal/pon-nakamoto-v1/experiments/model_loop.py",
            "formal/pon-nakamoto-v1/experiments/run_campaign.py",
            "formal/pon-nakamoto-v1/experiments/settle_model.py",
            "formal/pon-nakamoto-v1/inference_receipt.py",
            "formal/pon-nakamoto-v1/model_contract.py",
            "formal/pon-nakamoto-v1/test_evaluation.py",
            "formal/pon-nakamoto-v1/test_inference_receipt.py"
          ],
          "changed_subjects": [],
          "complete_recorded_runtime_matches": false,
          "current_regression_support": false,
          "manifest": "evidence/pon-v4/manifest.json",
          "measured_commit": "30b85c34d1be404dcccd9f415286bb43b00f64ea",
          "measured_tree": "4ee1a9d265f09871b0f167d2a5be77ca4b9839c0",
          "observed_selectors": [],
          "reexecuted_now": false,
          "runtime_inventory_added": [
            "formal/pon-nakamoto-v1/evaluation_bundle.py",
            "formal/pon-nakamoto-v1/experiments/evaluation_host_parity.py",
            "formal/pon-nakamoto-v1/test_evaluation_bundle.py"
          ],
          "runtime_inventory_removed": [],
          "scope": "Block-scoped native comparison and same-admin binary parity; no public TPS.",
          "source_binding_commit": "30b85c34d1be404dcccd9f415286bb43b00f64ea",
          "subject_bytes_match": true,
          "unobserved_selectors": [],
          "unrecorded_subjects": []
        }
      },
      "persistence_owner": {
        "path": "formal/pon-nakamoto-v1/ledger.py",
        "symbol": "Ledger"
      },
      "remaining": "Historical network/host reports are separate observations; no source-equal byte check makes a new WAN or independent-operator run.",
      "runtime_symbols": [
        {
          "path": "formal/pon-nakamoto-v1/experiments/local_network.py",
          "symbol": "run"
        },
        {
          "path": "formal/pon-nakamoto-v1/experiments/local_network.py",
          "symbol": "request"
        }
      ]
    },
    {
      "backend": "Native canonical command validation plus independent Python reference",
      "controlled_entrypoint": {
        "path": "formal/pon-nakamoto-v1/native_execution.py",
        "symbol": "execute_native"
      },
      "evidence_selectors": [
        "formal/pon-nakamoto-v1/test_contracts.py::ExecutionTests.test_signature_nonce_and_no_write_on_reject",
        "formal/pon-nakamoto-v1/test_native_execution.py::NativeExecutionTests.test_later_invalid_signature_does_not_change_canonical_error"
      ],
      "implementation_kind": "native-component-with-reference-caller",
      "module": "M05",
      "operation": "M05.ValidateTransaction",
      "ordinary_product_entrypoint": null,
      "packages": {
        "e3": {
          "artifact_integrity_verified": true,
          "changed_runtime_inputs": [],
          "changed_subjects": [],
          "complete_recorded_runtime_matches": true,
          "current_regression_support": true,
          "manifest": "evidence/pon-evaluation-bundle-v1/manifest.json",
          "measured_commit": "50e158640d8278ca94dbecb6539dab96c6a9fb84",
          "measured_tree": "d61a69d3433db127019924d269bf25ded3aecf60",
          "observed_selectors": [
            "formal/pon-nakamoto-v1/test_contracts.py::ExecutionTests.test_signature_nonce_and_no_write_on_reject",
            "formal/pon-nakamoto-v1/test_native_execution.py::NativeExecutionTests.test_later_invalid_signature_does_not_change_canonical_error"
          ],
          "reexecuted_now": false,
          "runtime_inventory_added": [],
          "runtime_inventory_removed": [],
          "scope": "Sealed evaluation and full consent; actual zero adoption/reward and same-admin evaluator parity.",
          "source_binding_commit": "50e158640d8278ca94dbecb6539dab96c6a9fb84",
          "subject_bytes_match": true,
          "unobserved_selectors": [],
          "unrecorded_subjects": []
        },
        "v1": {
          "artifact_integrity_verified": true,
          "changed_runtime_inputs": [
            "config/pon/devnet-v1.json",
            "config/pon/ledger-v1.json",
            "formal/pon-nakamoto-v1/experiments/local_network.py",
            "formal/pon-nakamoto-v1/experiments/model_loop.py",
            "formal/pon-nakamoto-v1/experiments/run_campaign.py",
            "formal/pon-nakamoto-v1/experiments/settle_model.py",
            "formal/pon-nakamoto-v1/ledger.py",
            "formal/pon-nakamoto-v1/test_contracts.py",
            "formal/pon-nakamoto-v1/vectors/expected.json",
            "formal/pon-nakamoto-v1/vectors/header-short.bin",
            "formal/pon-nakamoto-v1/vectors/header-trailing.bin",
            "formal/pon-nakamoto-v1/vectors/header-version.bin",
            "formal/pon-nakamoto-v1/vectors/header.bin",
            "formal/pon-nakamoto-v1/vectors/tx-01.bin",
            "formal/pon-nakamoto-v1/vectors/tx-02.bin",
            "formal/pon-nakamoto-v1/vectors/tx-03.bin",
            "formal/pon-nakamoto-v1/vectors/tx-04.bin",
            "formal/pon-nakamoto-v1/vectors/tx-05.bin",
            "formal/pon-nakamoto-v1/vectors/tx-06.bin",
            "formal/pon-nakamoto-v1/vectors/tx-07.bin",
            "formal/pon-nakamoto-v1/vectors/tx-08.bin",
            "formal/pon-nakamoto-v1/vectors/tx-09.bin",
            "formal/pon-nakamoto-v1/vectors/tx-10.bin",
            "formal/pon-nakamoto-v1/vectors/tx-11.bin",
            "formal/pon-nakamoto-v1/vectors/tx-12.bin",
            "formal/pon-nakamoto-v1/vectors/tx-bad-length.bin",
            "formal/pon-nakamoto-v1/vectors/tx-short.bin",
            "formal/pon-nakamoto-v1/vectors/tx-trailing.bin",
            "formal/pon-nakamoto-v1/vectors/tx-unknown.bin",
            "formal/pon-nakamoto-v1/vectors/tx-zero-nonce.bin",
            "formal/pon-nakamoto-v1/vectors/work.bin",
            "trillionnium/Cargo.lock",
            "trillionnium/crates/trnm-crypto-primitives/src/lib.rs",
            "trillionnium/crates/trnm-mvcc-fee/Cargo.toml",
            "trillionnium/crates/trnm-mvcc-fee/src/lib.rs",
            "trillionnium/crates/trnm-protocol/src/pon_wire.rs",
            "trillionnium/crates/trnm-transport/Cargo.toml",
            "trillionnium/crates/trnm-transport/src/lib.rs"
          ],
          "changed_subjects": [
            "config/pon/devnet-v1.json",
            "config/pon/ledger-v1.json",
            "formal/pon-nakamoto-v1/ledger.py"
          ],
          "complete_recorded_runtime_matches": false,
          "current_regression_support": false,
          "manifest": "evidence/pon-v1/manifest.json",
          "measured_commit": "8b87fee77ddee6a9778e8bebe880ba2627b05d5d",
          "measured_tree": null,
          "observed_selectors": [],
          "reexecuted_now": false,
          "runtime_inventory_added": [
            "formal/pon-nakamoto-v1/bounded_process.py",
            "formal/pon-nakamoto-v1/evaluation.py",
            "formal/pon-nakamoto-v1/evaluation_bundle.py",
            "formal/pon-nakamoto-v1/experiments/evaluation_host_parity.py",
            "formal/pon-nakamoto-v1/experiments/executor_comparison.py",
            "formal/pon-nakamoto-v1/experiments/learning_cycles.py",
            "formal/pon-nakamoto-v1/experiments/long_history.py",
            "formal/pon-nakamoto-v1/experiments/multihost_campaign.py",
            "formal/pon-nakamoto-v1/experiments/native_host_parity.py",
            "formal/pon-nakamoto-v1/experiments/parallel_cost.py",
            "formal/pon-nakamoto-v1/experiments/remote_peer.py",
            "formal/pon-nakamoto-v1/generate_accepted_block.py",
            "formal/pon-nakamoto-v1/inference_receipt.py",
            "formal/pon-nakamoto-v1/model_contract.py",
            "formal/pon-nakamoto-v1/native_execution.py",
            "formal/pon-nakamoto-v1/strict_signature.py",
            "formal/pon-nakamoto-v1/test_artifacts.py",
            "formal/pon-nakamoto-v1/test_bounded_process.py",
            "formal/pon-nakamoto-v1/test_evaluation.py",
            "formal/pon-nakamoto-v1/test_evaluation_bundle.py",
            "formal/pon-nakamoto-v1/test_inference_receipt.py",
            "formal/pon-nakamoto-v1/test_invariants.py",
            "formal/pon-nakamoto-v1/test_model_contract.py",
            "formal/pon-nakamoto-v1/test_native_execution.py",
            "formal/pon-nakamoto-v1/test_strict_signature.py",
            "formal/pon-nakamoto-v1/test_work_backend.py",
            "formal/pon-nakamoto-v1/vectors/accepted-block/expected.json",
            "formal/pon-nakamoto-v1/vectors/accepted-block/genesis-state.json",
            "formal/pon-nakamoto-v1/vectors/accepted-block/header.bin",
            "formal/pon-nakamoto-v1/vectors/accepted-block/post-state.json",
            "formal/pon-nakamoto-v1/vectors/accepted-block/transaction.bin",
            "formal/pon-nakamoto-v1/vectors/accepted-block/work.bin",
            "formal/pon-nakamoto-v1/work_backend.py",
            "trillionnium/crates/trnm-crypto-primitives/examples/pon_adversarial_cost.rs",
            "trillionnium/crates/trnm-crypto-primitives/examples/pon_work_io.rs",
            "trillionnium/crates/trnm-mvcc-fee/examples/pon_execute.rs",
            "trillionnium/crates/trnm-mvcc-fee/src/pon_executor.rs",
            "trillionnium/crates/trnm-transport/examples/pon_admission_load.rs",
            "trillionnium/crates/trnm-transport/src/proof_admission.rs"
          ],
          "runtime_inventory_removed": [],
          "scope": "Original revision1 work, ledger, model and loopback experiments; historical only.",
          "source_binding_commit": "5d59b9540268914794a62e8fa237caf999499314",
          "subject_bytes_match": false,
          "unobserved_selectors": [
            "formal/pon-nakamoto-v1/test_contracts.py::ExecutionTests.test_signature_nonce_and_no_write_on_reject",
            "formal/pon-nakamoto-v1/test_native_execution.py::NativeExecutionTests.test_later_invalid_signature_does_not_change_canonical_error"
          ],
          "unrecorded_subjects": [
            "formal/pon-nakamoto-v1/native_execution.py",
            "trillionnium/crates/trnm-mvcc-fee/src/pon_executor.rs"
          ]
        },
        "v3": {
          "artifact_integrity_verified": true,
          "changed_runtime_inputs": [
            "formal/pon-nakamoto-v1/evaluation.py",
            "formal/pon-nakamoto-v1/experiments/learning_cycles.py",
            "formal/pon-nakamoto-v1/experiments/model_loop.py",
            "formal/pon-nakamoto-v1/experiments/run_campaign.py",
            "formal/pon-nakamoto-v1/experiments/settle_model.py",
            "formal/pon-nakamoto-v1/inference_receipt.py",
            "formal/pon-nakamoto-v1/model_contract.py",
            "formal/pon-nakamoto-v1/test_evaluation.py",
            "formal/pon-nakamoto-v1/test_inference_receipt.py",
            "formal/pon-nakamoto-v1/test_native_execution.py",
            "trillionnium/crates/trnm-mvcc-fee/examples/pon_execute.rs",
            "trillionnium/crates/trnm-mvcc-fee/src/pon_executor.rs"
          ],
          "changed_subjects": [
            "trillionnium/crates/trnm-mvcc-fee/src/pon_executor.rs"
          ],
          "complete_recorded_runtime_matches": false,
          "current_regression_support": false,
          "manifest": "evidence/pon-v3/manifest.json",
          "measured_commit": "242906bae4f281c738c60adbd2c053d2ded1eae5",
          "measured_tree": "160cc493ab4cfb7f3f8c26b2d1621691a0c49502",
          "observed_selectors": [
            "formal/pon-nakamoto-v1/test_contracts.py::ExecutionTests.test_signature_nonce_and_no_write_on_reject"
          ],
          "reexecuted_now": false,
          "runtime_inventory_added": [
            "formal/pon-nakamoto-v1/evaluation_bundle.py",
            "formal/pon-nakamoto-v1/experiments/evaluation_host_parity.py",
            "formal/pon-nakamoto-v1/experiments/executor_comparison.py",
            "formal/pon-nakamoto-v1/experiments/native_host_parity.py",
            "formal/pon-nakamoto-v1/test_evaluation_bundle.py"
          ],
          "runtime_inventory_removed": [],
          "scope": "Recorded native/reference invariants, long history, work costs and same-admin host campaigns.",
          "source_binding_commit": "242906bae4f281c738c60adbd2c053d2ded1eae5",
          "subject_bytes_match": false,
          "unobserved_selectors": [
            "formal/pon-nakamoto-v1/test_native_execution.py::NativeExecutionTests.test_later_invalid_signature_does_not_change_canonical_error"
          ],
          "unrecorded_subjects": []
        },
        "v4": {
          "artifact_integrity_verified": true,
          "changed_runtime_inputs": [
            "formal/pon-nakamoto-v1/evaluation.py",
            "formal/pon-nakamoto-v1/experiments/learning_cycles.py",
            "formal/pon-nakamoto-v1/experiments/model_loop.py",
            "formal/pon-nakamoto-v1/experiments/run_campaign.py",
            "formal/pon-nakamoto-v1/experiments/settle_model.py",
            "formal/pon-nakamoto-v1/inference_receipt.py",
            "formal/pon-nakamoto-v1/model_contract.py",
            "formal/pon-nakamoto-v1/test_evaluation.py",
            "formal/pon-nakamoto-v1/test_inference_receipt.py"
          ],
          "changed_subjects": [],
          "complete_recorded_runtime_matches": false,
          "current_regression_support": false,
          "manifest": "evidence/pon-v4/manifest.json",
          "measured_commit": "30b85c34d1be404dcccd9f415286bb43b00f64ea",
          "measured_tree": "4ee1a9d265f09871b0f167d2a5be77ca4b9839c0",
          "observed_selectors": [
            "formal/pon-nakamoto-v1/test_contracts.py::ExecutionTests.test_signature_nonce_and_no_write_on_reject",
            "formal/pon-nakamoto-v1/test_native_execution.py::NativeExecutionTests.test_later_invalid_signature_does_not_change_canonical_error"
          ],
          "reexecuted_now": false,
          "runtime_inventory_added": [
            "formal/pon-nakamoto-v1/evaluation_bundle.py",
            "formal/pon-nakamoto-v1/experiments/evaluation_host_parity.py",
            "formal/pon-nakamoto-v1/test_evaluation_bundle.py"
          ],
          "runtime_inventory_removed": [],
          "scope": "Block-scoped native comparison and same-admin binary parity; no public TPS.",
          "source_binding_commit": "30b85c34d1be404dcccd9f415286bb43b00f64ea",
          "subject_bytes_match": true,
          "unobserved_selectors": [],
          "unrecorded_subjects": []
        }
      },
      "persistence_owner": null,
      "remaining": "Native mempool reservation and ordinary peer event wiring remain separate.",
      "runtime_symbols": [
        {
          "path": "formal/pon-nakamoto-v1/ledger.py",
          "symbol": "execute_reference"
        },
        {
          "path": "trillionnium/crates/trnm-mvcc-fee/src/pon_executor.rs",
          "symbol": "execute"
        }
      ]
    },
    {
      "backend": "Not implemented as a native mempool reorg event consumer",
      "controlled_entrypoint": null,
      "evidence_selectors": [],
      "implementation_kind": "specified-not-integrated",
      "module": "M05",
      "operation": "M05.ReconsiderAfterReorg",
      "ordinary_product_entrypoint": null,
      "packages": {
        "e3": {
          "artifact_integrity_verified": true,
          "changed_runtime_inputs": [],
          "changed_subjects": [],
          "complete_recorded_runtime_matches": true,
          "current_regression_support": false,
          "manifest": "evidence/pon-evaluation-bundle-v1/manifest.json",
          "measured_commit": "50e158640d8278ca94dbecb6539dab96c6a9fb84",
          "measured_tree": "d61a69d3433db127019924d269bf25ded3aecf60",
          "observed_selectors": [],
          "reexecuted_now": false,
          "runtime_inventory_added": [],
          "runtime_inventory_removed": [],
          "scope": "Sealed evaluation and full consent; actual zero adoption/reward and same-admin evaluator parity.",
          "source_binding_commit": "50e158640d8278ca94dbecb6539dab96c6a9fb84",
          "subject_bytes_match": true,
          "unobserved_selectors": [],
          "unrecorded_subjects": []
        },
        "v1": {
          "artifact_integrity_verified": true,
          "changed_runtime_inputs": [
            "config/pon/devnet-v1.json",
            "config/pon/ledger-v1.json",
            "formal/pon-nakamoto-v1/experiments/local_network.py",
            "formal/pon-nakamoto-v1/experiments/model_loop.py",
            "formal/pon-nakamoto-v1/experiments/run_campaign.py",
            "formal/pon-nakamoto-v1/experiments/settle_model.py",
            "formal/pon-nakamoto-v1/ledger.py",
            "formal/pon-nakamoto-v1/test_contracts.py",
            "formal/pon-nakamoto-v1/vectors/expected.json",
            "formal/pon-nakamoto-v1/vectors/header-short.bin",
            "formal/pon-nakamoto-v1/vectors/header-trailing.bin",
            "formal/pon-nakamoto-v1/vectors/header-version.bin",
            "formal/pon-nakamoto-v1/vectors/header.bin",
            "formal/pon-nakamoto-v1/vectors/tx-01.bin",
            "formal/pon-nakamoto-v1/vectors/tx-02.bin",
            "formal/pon-nakamoto-v1/vectors/tx-03.bin",
            "formal/pon-nakamoto-v1/vectors/tx-04.bin",
            "formal/pon-nakamoto-v1/vectors/tx-05.bin",
            "formal/pon-nakamoto-v1/vectors/tx-06.bin",
            "formal/pon-nakamoto-v1/vectors/tx-07.bin",
            "formal/pon-nakamoto-v1/vectors/tx-08.bin",
            "formal/pon-nakamoto-v1/vectors/tx-09.bin",
            "formal/pon-nakamoto-v1/vectors/tx-10.bin",
            "formal/pon-nakamoto-v1/vectors/tx-11.bin",
            "formal/pon-nakamoto-v1/vectors/tx-12.bin",
            "formal/pon-nakamoto-v1/vectors/tx-bad-length.bin",
            "formal/pon-nakamoto-v1/vectors/tx-short.bin",
            "formal/pon-nakamoto-v1/vectors/tx-trailing.bin",
            "formal/pon-nakamoto-v1/vectors/tx-unknown.bin",
            "formal/pon-nakamoto-v1/vectors/tx-zero-nonce.bin",
            "formal/pon-nakamoto-v1/vectors/work.bin",
            "trillionnium/Cargo.lock",
            "trillionnium/crates/trnm-crypto-primitives/src/lib.rs",
            "trillionnium/crates/trnm-mvcc-fee/Cargo.toml",
            "trillionnium/crates/trnm-mvcc-fee/src/lib.rs",
            "trillionnium/crates/trnm-protocol/src/pon_wire.rs",
            "trillionnium/crates/trnm-transport/Cargo.toml",
            "trillionnium/crates/trnm-transport/src/lib.rs"
          ],
          "changed_subjects": [
            "config/pon/devnet-v1.json",
            "config/pon/ledger-v1.json"
          ],
          "complete_recorded_runtime_matches": false,
          "current_regression_support": false,
          "manifest": "evidence/pon-v1/manifest.json",
          "measured_commit": "8b87fee77ddee6a9778e8bebe880ba2627b05d5d",
          "measured_tree": null,
          "observed_selectors": [],
          "reexecuted_now": false,
          "runtime_inventory_added": [
            "formal/pon-nakamoto-v1/bounded_process.py",
            "formal/pon-nakamoto-v1/evaluation.py",
            "formal/pon-nakamoto-v1/evaluation_bundle.py",
            "formal/pon-nakamoto-v1/experiments/evaluation_host_parity.py",
            "formal/pon-nakamoto-v1/experiments/executor_comparison.py",
            "formal/pon-nakamoto-v1/experiments/learning_cycles.py",
            "formal/pon-nakamoto-v1/experiments/long_history.py",
            "formal/pon-nakamoto-v1/experiments/multihost_campaign.py",
            "formal/pon-nakamoto-v1/experiments/native_host_parity.py",
            "formal/pon-nakamoto-v1/experiments/parallel_cost.py",
            "formal/pon-nakamoto-v1/experiments/remote_peer.py",
            "formal/pon-nakamoto-v1/generate_accepted_block.py",
            "formal/pon-nakamoto-v1/inference_receipt.py",
            "formal/pon-nakamoto-v1/model_contract.py",
            "formal/pon-nakamoto-v1/native_execution.py",
            "formal/pon-nakamoto-v1/strict_signature.py",
            "formal/pon-nakamoto-v1/test_artifacts.py",
            "formal/pon-nakamoto-v1/test_bounded_process.py",
            "formal/pon-nakamoto-v1/test_evaluation.py",
            "formal/pon-nakamoto-v1/test_evaluation_bundle.py",
            "formal/pon-nakamoto-v1/test_inference_receipt.py",
            "formal/pon-nakamoto-v1/test_invariants.py",
            "formal/pon-nakamoto-v1/test_model_contract.py",
            "formal/pon-nakamoto-v1/test_native_execution.py",
            "formal/pon-nakamoto-v1/test_strict_signature.py",
            "formal/pon-nakamoto-v1/test_work_backend.py",
            "formal/pon-nakamoto-v1/vectors/accepted-block/expected.json",
            "formal/pon-nakamoto-v1/vectors/accepted-block/genesis-state.json",
            "formal/pon-nakamoto-v1/vectors/accepted-block/header.bin",
            "formal/pon-nakamoto-v1/vectors/accepted-block/post-state.json",
            "formal/pon-nakamoto-v1/vectors/accepted-block/transaction.bin",
            "formal/pon-nakamoto-v1/vectors/accepted-block/work.bin",
            "formal/pon-nakamoto-v1/work_backend.py",
            "trillionnium/crates/trnm-crypto-primitives/examples/pon_adversarial_cost.rs",
            "trillionnium/crates/trnm-crypto-primitives/examples/pon_work_io.rs",
            "trillionnium/crates/trnm-mvcc-fee/examples/pon_execute.rs",
            "trillionnium/crates/trnm-mvcc-fee/src/pon_executor.rs",
            "trillionnium/crates/trnm-transport/examples/pon_admission_load.rs",
            "trillionnium/crates/trnm-transport/src/proof_admission.rs"
          ],
          "runtime_inventory_removed": [],
          "scope": "Original revision1 work, ledger, model and loopback experiments; historical only.",
          "source_binding_commit": "5d59b9540268914794a62e8fa237caf999499314",
          "subject_bytes_match": false,
          "unobserved_selectors": [],
          "unrecorded_subjects": []
        },
        "v3": {
          "artifact_integrity_verified": true,
          "changed_runtime_inputs": [
            "formal/pon-nakamoto-v1/evaluation.py",
            "formal/pon-nakamoto-v1/experiments/learning_cycles.py",
            "formal/pon-nakamoto-v1/experiments/model_loop.py",
            "formal/pon-nakamoto-v1/experiments/run_campaign.py",
            "formal/pon-nakamoto-v1/experiments/settle_model.py",
            "formal/pon-nakamoto-v1/inference_receipt.py",
            "formal/pon-nakamoto-v1/model_contract.py",
            "formal/pon-nakamoto-v1/test_evaluation.py",
            "formal/pon-nakamoto-v1/test_inference_receipt.py",
            "formal/pon-nakamoto-v1/test_native_execution.py",
            "trillionnium/crates/trnm-mvcc-fee/examples/pon_execute.rs",
            "trillionnium/crates/trnm-mvcc-fee/src/pon_executor.rs"
          ],
          "changed_subjects": [],
          "complete_recorded_runtime_matches": false,
          "current_regression_support": false,
          "manifest": "evidence/pon-v3/manifest.json",
          "measured_commit": "242906bae4f281c738c60adbd2c053d2ded1eae5",
          "measured_tree": "160cc493ab4cfb7f3f8c26b2d1621691a0c49502",
          "observed_selectors": [],
          "reexecuted_now": false,
          "runtime_inventory_added": [
            "formal/pon-nakamoto-v1/evaluation_bundle.py",
            "formal/pon-nakamoto-v1/experiments/evaluation_host_parity.py",
            "formal/pon-nakamoto-v1/experiments/executor_comparison.py",
            "formal/pon-nakamoto-v1/experiments/native_host_parity.py",
            "formal/pon-nakamoto-v1/test_evaluation_bundle.py"
          ],
          "runtime_inventory_removed": [],
          "scope": "Recorded native/reference invariants, long history, work costs and same-admin host campaigns.",
          "source_binding_commit": "242906bae4f281c738c60adbd2c053d2ded1eae5",
          "subject_bytes_match": true,
          "unobserved_selectors": [],
          "unrecorded_subjects": []
        },
        "v4": {
          "artifact_integrity_verified": true,
          "changed_runtime_inputs": [
            "formal/pon-nakamoto-v1/evaluation.py",
            "formal/pon-nakamoto-v1/experiments/learning_cycles.py",
            "formal/pon-nakamoto-v1/experiments/model_loop.py",
            "formal/pon-nakamoto-v1/experiments/run_campaign.py",
            "formal/pon-nakamoto-v1/experiments/settle_model.py",
            "formal/pon-nakamoto-v1/inference_receipt.py",
            "formal/pon-nakamoto-v1/model_contract.py",
            "formal/pon-nakamoto-v1/test_evaluation.py",
            "formal/pon-nakamoto-v1/test_inference_receipt.py"
          ],
          "changed_subjects": [],
          "complete_recorded_runtime_matches": false,
          "current_regression_support": false,
          "manifest": "evidence/pon-v4/manifest.json",
          "measured_commit": "30b85c34d1be404dcccd9f415286bb43b00f64ea",
          "measured_tree": "4ee1a9d265f09871b0f167d2a5be77ca4b9839c0",
          "observed_selectors": [],
          "reexecuted_now": false,
          "runtime_inventory_added": [
            "formal/pon-nakamoto-v1/evaluation_bundle.py",
            "formal/pon-nakamoto-v1/experiments/evaluation_host_parity.py",
            "formal/pon-nakamoto-v1/test_evaluation_bundle.py"
          ],
          "runtime_inventory_removed": [],
          "scope": "Block-scoped native comparison and same-admin binary parity; no public TPS.",
          "source_binding_commit": "30b85c34d1be404dcccd9f415286bb43b00f64ea",
          "subject_bytes_match": true,
          "unobserved_selectors": [],
          "unrecorded_subjects": []
        }
      },
      "persistence_owner": null,
      "remaining": "New-generation nonce/funds rechecking must connect to mempool events; existing execution tests do not demonstrate resubmission or physical-effect reconciliation.",
      "runtime_symbols": []
    },
    {
      "backend": "Explicit bounded native pon_execute process or independent Python reference",
      "controlled_entrypoint": {
        "path": "formal/pon-nakamoto-v1/native_execution.py",
        "symbol": "execute_native"
      },
      "evidence_selectors": [
        "formal/pon-nakamoto-v1/test_native_execution.py::NativeExecutionTests.test_all_twelve_tags_match_for_1_2_4_8_workers",
        "formal/pon-nakamoto-v1/test_native_execution.py::NativeExecutionTests.test_block_scoped_workers_and_no_duplicate_main_signature_on_conflict"
      ],
      "implementation_kind": "native-component-with-reference-caller",
      "module": "M06",
      "operation": "M06.ExecuteCandidate",
      "ordinary_product_entrypoint": null,
      "packages": {
        "e3": {
          "artifact_integrity_verified": true,
          "changed_runtime_inputs": [],
          "changed_subjects": [],
          "complete_recorded_runtime_matches": true,
          "current_regression_support": true,
          "manifest": "evidence/pon-evaluation-bundle-v1/manifest.json",
          "measured_commit": "50e158640d8278ca94dbecb6539dab96c6a9fb84",
          "measured_tree": "d61a69d3433db127019924d269bf25ded3aecf60",
          "observed_selectors": [
            "formal/pon-nakamoto-v1/test_native_execution.py::NativeExecutionTests.test_all_twelve_tags_match_for_1_2_4_8_workers",
            "formal/pon-nakamoto-v1/test_native_execution.py::NativeExecutionTests.test_block_scoped_workers_and_no_duplicate_main_signature_on_conflict"
          ],
          "reexecuted_now": false,
          "runtime_inventory_added": [],
          "runtime_inventory_removed": [],
          "scope": "Sealed evaluation and full consent; actual zero adoption/reward and same-admin evaluator parity.",
          "source_binding_commit": "50e158640d8278ca94dbecb6539dab96c6a9fb84",
          "subject_bytes_match": true,
          "unobserved_selectors": [],
          "unrecorded_subjects": []
        },
        "v1": {
          "artifact_integrity_verified": true,
          "changed_runtime_inputs": [
            "config/pon/devnet-v1.json",
            "config/pon/ledger-v1.json",
            "formal/pon-nakamoto-v1/experiments/local_network.py",
            "formal/pon-nakamoto-v1/experiments/model_loop.py",
            "formal/pon-nakamoto-v1/experiments/run_campaign.py",
            "formal/pon-nakamoto-v1/experiments/settle_model.py",
            "formal/pon-nakamoto-v1/ledger.py",
            "formal/pon-nakamoto-v1/test_contracts.py",
            "formal/pon-nakamoto-v1/vectors/expected.json",
            "formal/pon-nakamoto-v1/vectors/header-short.bin",
            "formal/pon-nakamoto-v1/vectors/header-trailing.bin",
            "formal/pon-nakamoto-v1/vectors/header-version.bin",
            "formal/pon-nakamoto-v1/vectors/header.bin",
            "formal/pon-nakamoto-v1/vectors/tx-01.bin",
            "formal/pon-nakamoto-v1/vectors/tx-02.bin",
            "formal/pon-nakamoto-v1/vectors/tx-03.bin",
            "formal/pon-nakamoto-v1/vectors/tx-04.bin",
            "formal/pon-nakamoto-v1/vectors/tx-05.bin",
            "formal/pon-nakamoto-v1/vectors/tx-06.bin",
            "formal/pon-nakamoto-v1/vectors/tx-07.bin",
            "formal/pon-nakamoto-v1/vectors/tx-08.bin",
            "formal/pon-nakamoto-v1/vectors/tx-09.bin",
            "formal/pon-nakamoto-v1/vectors/tx-10.bin",
            "formal/pon-nakamoto-v1/vectors/tx-11.bin",
            "formal/pon-nakamoto-v1/vectors/tx-12.bin",
            "formal/pon-nakamoto-v1/vectors/tx-bad-length.bin",
            "formal/pon-nakamoto-v1/vectors/tx-short.bin",
            "formal/pon-nakamoto-v1/vectors/tx-trailing.bin",
            "formal/pon-nakamoto-v1/vectors/tx-unknown.bin",
            "formal/pon-nakamoto-v1/vectors/tx-zero-nonce.bin",
            "formal/pon-nakamoto-v1/vectors/work.bin",
            "trillionnium/Cargo.lock",
            "trillionnium/crates/trnm-crypto-primitives/src/lib.rs",
            "trillionnium/crates/trnm-mvcc-fee/Cargo.toml",
            "trillionnium/crates/trnm-mvcc-fee/src/lib.rs",
            "trillionnium/crates/trnm-protocol/src/pon_wire.rs",
            "trillionnium/crates/trnm-transport/Cargo.toml",
            "trillionnium/crates/trnm-transport/src/lib.rs"
          ],
          "changed_subjects": [
            "config/pon/devnet-v1.json",
            "config/pon/ledger-v1.json",
            "formal/pon-nakamoto-v1/ledger.py"
          ],
          "complete_recorded_runtime_matches": false,
          "current_regression_support": false,
          "manifest": "evidence/pon-v1/manifest.json",
          "measured_commit": "8b87fee77ddee6a9778e8bebe880ba2627b05d5d",
          "measured_tree": null,
          "observed_selectors": [],
          "reexecuted_now": false,
          "runtime_inventory_added": [
            "formal/pon-nakamoto-v1/bounded_process.py",
            "formal/pon-nakamoto-v1/evaluation.py",
            "formal/pon-nakamoto-v1/evaluation_bundle.py",
            "formal/pon-nakamoto-v1/experiments/evaluation_host_parity.py",
            "formal/pon-nakamoto-v1/experiments/executor_comparison.py",
            "formal/pon-nakamoto-v1/experiments/learning_cycles.py",
            "formal/pon-nakamoto-v1/experiments/long_history.py",
            "formal/pon-nakamoto-v1/experiments/multihost_campaign.py",
            "formal/pon-nakamoto-v1/experiments/native_host_parity.py",
            "formal/pon-nakamoto-v1/experiments/parallel_cost.py",
            "formal/pon-nakamoto-v1/experiments/remote_peer.py",
            "formal/pon-nakamoto-v1/generate_accepted_block.py",
            "formal/pon-nakamoto-v1/inference_receipt.py",
            "formal/pon-nakamoto-v1/model_contract.py",
            "formal/pon-nakamoto-v1/native_execution.py",
            "formal/pon-nakamoto-v1/strict_signature.py",
            "formal/pon-nakamoto-v1/test_artifacts.py",
            "formal/pon-nakamoto-v1/test_bounded_process.py",
            "formal/pon-nakamoto-v1/test_evaluation.py",
            "formal/pon-nakamoto-v1/test_evaluation_bundle.py",
            "formal/pon-nakamoto-v1/test_inference_receipt.py",
            "formal/pon-nakamoto-v1/test_invariants.py",
            "formal/pon-nakamoto-v1/test_model_contract.py",
            "formal/pon-nakamoto-v1/test_native_execution.py",
            "formal/pon-nakamoto-v1/test_strict_signature.py",
            "formal/pon-nakamoto-v1/test_work_backend.py",
            "formal/pon-nakamoto-v1/vectors/accepted-block/expected.json",
            "formal/pon-nakamoto-v1/vectors/accepted-block/genesis-state.json",
            "formal/pon-nakamoto-v1/vectors/accepted-block/header.bin",
            "formal/pon-nakamoto-v1/vectors/accepted-block/post-state.json",
            "formal/pon-nakamoto-v1/vectors/accepted-block/transaction.bin",
            "formal/pon-nakamoto-v1/vectors/accepted-block/work.bin",
            "formal/pon-nakamoto-v1/work_backend.py",
            "trillionnium/crates/trnm-crypto-primitives/examples/pon_adversarial_cost.rs",
            "trillionnium/crates/trnm-crypto-primitives/examples/pon_work_io.rs",
            "trillionnium/crates/trnm-mvcc-fee/examples/pon_execute.rs",
            "trillionnium/crates/trnm-mvcc-fee/src/pon_executor.rs",
            "trillionnium/crates/trnm-transport/examples/pon_admission_load.rs",
            "trillionnium/crates/trnm-transport/src/proof_admission.rs"
          ],
          "runtime_inventory_removed": [],
          "scope": "Original revision1 work, ledger, model and loopback experiments; historical only.",
          "source_binding_commit": "5d59b9540268914794a62e8fa237caf999499314",
          "subject_bytes_match": false,
          "unobserved_selectors": [
            "formal/pon-nakamoto-v1/test_native_execution.py::NativeExecutionTests.test_all_twelve_tags_match_for_1_2_4_8_workers",
            "formal/pon-nakamoto-v1/test_native_execution.py::NativeExecutionTests.test_block_scoped_workers_and_no_duplicate_main_signature_on_conflict"
          ],
          "unrecorded_subjects": [
            "formal/pon-nakamoto-v1/native_execution.py",
            "trillionnium/crates/trnm-mvcc-fee/src/pon_executor.rs"
          ]
        },
        "v3": {
          "artifact_integrity_verified": true,
          "changed_runtime_inputs": [
            "formal/pon-nakamoto-v1/evaluation.py",
            "formal/pon-nakamoto-v1/experiments/learning_cycles.py",
            "formal/pon-nakamoto-v1/experiments/model_loop.py",
            "formal/pon-nakamoto-v1/experiments/run_campaign.py",
            "formal/pon-nakamoto-v1/experiments/settle_model.py",
            "formal/pon-nakamoto-v1/inference_receipt.py",
            "formal/pon-nakamoto-v1/model_contract.py",
            "formal/pon-nakamoto-v1/test_evaluation.py",
            "formal/pon-nakamoto-v1/test_inference_receipt.py",
            "formal/pon-nakamoto-v1/test_native_execution.py",
            "trillionnium/crates/trnm-mvcc-fee/examples/pon_execute.rs",
            "trillionnium/crates/trnm-mvcc-fee/src/pon_executor.rs"
          ],
          "changed_subjects": [
            "trillionnium/crates/trnm-mvcc-fee/src/pon_executor.rs"
          ],
          "complete_recorded_runtime_matches": false,
          "current_regression_support": false,
          "manifest": "evidence/pon-v3/manifest.json",
          "measured_commit": "242906bae4f281c738c60adbd2c053d2ded1eae5",
          "measured_tree": "160cc493ab4cfb7f3f8c26b2d1621691a0c49502",
          "observed_selectors": [
            "formal/pon-nakamoto-v1/test_native_execution.py::NativeExecutionTests.test_all_twelve_tags_match_for_1_2_4_8_workers"
          ],
          "reexecuted_now": false,
          "runtime_inventory_added": [
            "formal/pon-nakamoto-v1/evaluation_bundle.py",
            "formal/pon-nakamoto-v1/experiments/evaluation_host_parity.py",
            "formal/pon-nakamoto-v1/experiments/executor_comparison.py",
            "formal/pon-nakamoto-v1/experiments/native_host_parity.py",
            "formal/pon-nakamoto-v1/test_evaluation_bundle.py"
          ],
          "runtime_inventory_removed": [],
          "scope": "Recorded native/reference invariants, long history, work costs and same-admin host campaigns.",
          "source_binding_commit": "242906bae4f281c738c60adbd2c053d2ded1eae5",
          "subject_bytes_match": false,
          "unobserved_selectors": [
            "formal/pon-nakamoto-v1/test_native_execution.py::NativeExecutionTests.test_block_scoped_workers_and_no_duplicate_main_signature_on_conflict"
          ],
          "unrecorded_subjects": []
        },
        "v4": {
          "artifact_integrity_verified": true,
          "changed_runtime_inputs": [
            "formal/pon-nakamoto-v1/evaluation.py",
            "formal/pon-nakamoto-v1/experiments/learning_cycles.py",
            "formal/pon-nakamoto-v1/experiments/model_loop.py",
            "formal/pon-nakamoto-v1/experiments/run_campaign.py",
            "formal/pon-nakamoto-v1/experiments/settle_model.py",
            "formal/pon-nakamoto-v1/inference_receipt.py",
            "formal/pon-nakamoto-v1/model_contract.py",
            "formal/pon-nakamoto-v1/test_evaluation.py",
            "formal/pon-nakamoto-v1/test_inference_receipt.py"
          ],
          "changed_subjects": [],
          "complete_recorded_runtime_matches": false,
          "current_regression_support": false,
          "manifest": "evidence/pon-v4/manifest.json",
          "measured_commit": "30b85c34d1be404dcccd9f415286bb43b00f64ea",
          "measured_tree": "4ee1a9d265f09871b0f167d2a5be77ca4b9839c0",
          "observed_selectors": [
            "formal/pon-nakamoto-v1/test_native_execution.py::NativeExecutionTests.test_all_twelve_tags_match_for_1_2_4_8_workers",
            "formal/pon-nakamoto-v1/test_native_execution.py::NativeExecutionTests.test_block_scoped_workers_and_no_duplicate_main_signature_on_conflict"
          ],
          "reexecuted_now": false,
          "runtime_inventory_added": [
            "formal/pon-nakamoto-v1/evaluation_bundle.py",
            "formal/pon-nakamoto-v1/experiments/evaluation_host_parity.py",
            "formal/pon-nakamoto-v1/test_evaluation_bundle.py"
          ],
          "runtime_inventory_removed": [],
          "scope": "Block-scoped native comparison and same-admin binary parity; no public TPS.",
          "source_binding_commit": "30b85c34d1be404dcccd9f415286bb43b00f64ea",
          "subject_bytes_match": true,
          "unobserved_selectors": [],
          "unrecorded_subjects": []
        }
      },
      "persistence_owner": null,
      "remaining": "Complete native persistence/consensus host and end-to-end capacity remain unaccepted.",
      "runtime_symbols": [
        {
          "path": "formal/pon-nakamoto-v1/ledger.py",
          "symbol": "execute_reference"
        },
        {
          "path": "trillionnium/crates/trnm-mvcc-fee/src/pon_executor.rs",
          "symbol": "execute"
        }
      ]
    },
    {
      "backend": "Reference ordered before/after key deltas",
      "controlled_entrypoint": {
        "path": "formal/pon-nakamoto-v1/ledger.py",
        "symbol": "Ledger.admit"
      },
      "evidence_selectors": [
        "formal/pon-nakamoto-v1/test_contracts.py::DiskReorgTests.test_every_reorg_process_crash_cut_recovers_exactly"
      ],
      "implementation_kind": "reference-owner",
      "module": "M06",
      "operation": "M06.DeriveBranchDelta",
      "ordinary_product_entrypoint": null,
      "packages": {
        "e3": {
          "artifact_integrity_verified": true,
          "changed_runtime_inputs": [],
          "changed_subjects": [],
          "complete_recorded_runtime_matches": true,
          "current_regression_support": true,
          "manifest": "evidence/pon-evaluation-bundle-v1/manifest.json",
          "measured_commit": "50e158640d8278ca94dbecb6539dab96c6a9fb84",
          "measured_tree": "d61a69d3433db127019924d269bf25ded3aecf60",
          "observed_selectors": [
            "formal/pon-nakamoto-v1/test_contracts.py::DiskReorgTests.test_every_reorg_process_crash_cut_recovers_exactly"
          ],
          "reexecuted_now": false,
          "runtime_inventory_added": [],
          "runtime_inventory_removed": [],
          "scope": "Sealed evaluation and full consent; actual zero adoption/reward and same-admin evaluator parity.",
          "source_binding_commit": "50e158640d8278ca94dbecb6539dab96c6a9fb84",
          "subject_bytes_match": true,
          "unobserved_selectors": [],
          "unrecorded_subjects": []
        },
        "v1": {
          "artifact_integrity_verified": true,
          "changed_runtime_inputs": [
            "config/pon/devnet-v1.json",
            "config/pon/ledger-v1.json",
            "formal/pon-nakamoto-v1/experiments/local_network.py",
            "formal/pon-nakamoto-v1/experiments/model_loop.py",
            "formal/pon-nakamoto-v1/experiments/run_campaign.py",
            "formal/pon-nakamoto-v1/experiments/settle_model.py",
            "formal/pon-nakamoto-v1/ledger.py",
            "formal/pon-nakamoto-v1/test_contracts.py",
            "formal/pon-nakamoto-v1/vectors/expected.json",
            "formal/pon-nakamoto-v1/vectors/header-short.bin",
            "formal/pon-nakamoto-v1/vectors/header-trailing.bin",
            "formal/pon-nakamoto-v1/vectors/header-version.bin",
            "formal/pon-nakamoto-v1/vectors/header.bin",
            "formal/pon-nakamoto-v1/vectors/tx-01.bin",
            "formal/pon-nakamoto-v1/vectors/tx-02.bin",
            "formal/pon-nakamoto-v1/vectors/tx-03.bin",
            "formal/pon-nakamoto-v1/vectors/tx-04.bin",
            "formal/pon-nakamoto-v1/vectors/tx-05.bin",
            "formal/pon-nakamoto-v1/vectors/tx-06.bin",
            "formal/pon-nakamoto-v1/vectors/tx-07.bin",
            "formal/pon-nakamoto-v1/vectors/tx-08.bin",
            "formal/pon-nakamoto-v1/vectors/tx-09.bin",
            "formal/pon-nakamoto-v1/vectors/tx-10.bin",
            "formal/pon-nakamoto-v1/vectors/tx-11.bin",
            "formal/pon-nakamoto-v1/vectors/tx-12.bin",
            "formal/pon-nakamoto-v1/vectors/tx-bad-length.bin",
            "formal/pon-nakamoto-v1/vectors/tx-short.bin",
            "formal/pon-nakamoto-v1/vectors/tx-trailing.bin",
            "formal/pon-nakamoto-v1/vectors/tx-unknown.bin",
            "formal/pon-nakamoto-v1/vectors/tx-zero-nonce.bin",
            "formal/pon-nakamoto-v1/vectors/work.bin",
            "trillionnium/Cargo.lock",
            "trillionnium/crates/trnm-crypto-primitives/src/lib.rs",
            "trillionnium/crates/trnm-mvcc-fee/Cargo.toml",
            "trillionnium/crates/trnm-mvcc-fee/src/lib.rs",
            "trillionnium/crates/trnm-protocol/src/pon_wire.rs",
            "trillionnium/crates/trnm-transport/Cargo.toml",
            "trillionnium/crates/trnm-transport/src/lib.rs"
          ],
          "changed_subjects": [
            "config/pon/devnet-v1.json",
            "config/pon/ledger-v1.json",
            "formal/pon-nakamoto-v1/ledger.py"
          ],
          "complete_recorded_runtime_matches": false,
          "current_regression_support": false,
          "manifest": "evidence/pon-v1/manifest.json",
          "measured_commit": "8b87fee77ddee6a9778e8bebe880ba2627b05d5d",
          "measured_tree": null,
          "observed_selectors": [],
          "reexecuted_now": false,
          "runtime_inventory_added": [
            "formal/pon-nakamoto-v1/bounded_process.py",
            "formal/pon-nakamoto-v1/evaluation.py",
            "formal/pon-nakamoto-v1/evaluation_bundle.py",
            "formal/pon-nakamoto-v1/experiments/evaluation_host_parity.py",
            "formal/pon-nakamoto-v1/experiments/executor_comparison.py",
            "formal/pon-nakamoto-v1/experiments/learning_cycles.py",
            "formal/pon-nakamoto-v1/experiments/long_history.py",
            "formal/pon-nakamoto-v1/experiments/multihost_campaign.py",
            "formal/pon-nakamoto-v1/experiments/native_host_parity.py",
            "formal/pon-nakamoto-v1/experiments/parallel_cost.py",
            "formal/pon-nakamoto-v1/experiments/remote_peer.py",
            "formal/pon-nakamoto-v1/generate_accepted_block.py",
            "formal/pon-nakamoto-v1/inference_receipt.py",
            "formal/pon-nakamoto-v1/model_contract.py",
            "formal/pon-nakamoto-v1/native_execution.py",
            "formal/pon-nakamoto-v1/strict_signature.py",
            "formal/pon-nakamoto-v1/test_artifacts.py",
            "formal/pon-nakamoto-v1/test_bounded_process.py",
            "formal/pon-nakamoto-v1/test_evaluation.py",
            "formal/pon-nakamoto-v1/test_evaluation_bundle.py",
            "formal/pon-nakamoto-v1/test_inference_receipt.py",
            "formal/pon-nakamoto-v1/test_invariants.py",
            "formal/pon-nakamoto-v1/test_model_contract.py",
            "formal/pon-nakamoto-v1/test_native_execution.py",
            "formal/pon-nakamoto-v1/test_strict_signature.py",
            "formal/pon-nakamoto-v1/test_work_backend.py",
            "formal/pon-nakamoto-v1/vectors/accepted-block/expected.json",
            "formal/pon-nakamoto-v1/vectors/accepted-block/genesis-state.json",
            "formal/pon-nakamoto-v1/vectors/accepted-block/header.bin",
            "formal/pon-nakamoto-v1/vectors/accepted-block/post-state.json",
            "formal/pon-nakamoto-v1/vectors/accepted-block/transaction.bin",
            "formal/pon-nakamoto-v1/vectors/accepted-block/work.bin",
            "formal/pon-nakamoto-v1/work_backend.py",
            "trillionnium/crates/trnm-crypto-primitives/examples/pon_adversarial_cost.rs",
            "trillionnium/crates/trnm-crypto-primitives/examples/pon_work_io.rs",
            "trillionnium/crates/trnm-mvcc-fee/examples/pon_execute.rs",
            "trillionnium/crates/trnm-mvcc-fee/src/pon_executor.rs",
            "trillionnium/crates/trnm-transport/examples/pon_admission_load.rs",
            "trillionnium/crates/trnm-transport/src/proof_admission.rs"
          ],
          "runtime_inventory_removed": [],
          "scope": "Original revision1 work, ledger, model and loopback experiments; historical only.",
          "source_binding_commit": "5d59b9540268914794a62e8fa237caf999499314",
          "subject_bytes_match": false,
          "unobserved_selectors": [
            "formal/pon-nakamoto-v1/test_contracts.py::DiskReorgTests.test_every_reorg_process_crash_cut_recovers_exactly"
          ],
          "unrecorded_subjects": []
        },
        "v3": {
          "artifact_integrity_verified": true,
          "changed_runtime_inputs": [
            "formal/pon-nakamoto-v1/evaluation.py",
            "formal/pon-nakamoto-v1/experiments/learning_cycles.py",
            "formal/pon-nakamoto-v1/experiments/model_loop.py",
            "formal/pon-nakamoto-v1/experiments/run_campaign.py",
            "formal/pon-nakamoto-v1/experiments/settle_model.py",
            "formal/pon-nakamoto-v1/inference_receipt.py",
            "formal/pon-nakamoto-v1/model_contract.py",
            "formal/pon-nakamoto-v1/test_evaluation.py",
            "formal/pon-nakamoto-v1/test_inference_receipt.py",
            "formal/pon-nakamoto-v1/test_native_execution.py",
            "trillionnium/crates/trnm-mvcc-fee/examples/pon_execute.rs",
            "trillionnium/crates/trnm-mvcc-fee/src/pon_executor.rs"
          ],
          "changed_subjects": [],
          "complete_recorded_runtime_matches": false,
          "current_regression_support": false,
          "manifest": "evidence/pon-v3/manifest.json",
          "measured_commit": "242906bae4f281c738c60adbd2c053d2ded1eae5",
          "measured_tree": "160cc493ab4cfb7f3f8c26b2d1621691a0c49502",
          "observed_selectors": [
            "formal/pon-nakamoto-v1/test_contracts.py::DiskReorgTests.test_every_reorg_process_crash_cut_recovers_exactly"
          ],
          "reexecuted_now": false,
          "runtime_inventory_added": [
            "formal/pon-nakamoto-v1/evaluation_bundle.py",
            "formal/pon-nakamoto-v1/experiments/evaluation_host_parity.py",
            "formal/pon-nakamoto-v1/experiments/executor_comparison.py",
            "formal/pon-nakamoto-v1/experiments/native_host_parity.py",
            "formal/pon-nakamoto-v1/test_evaluation_bundle.py"
          ],
          "runtime_inventory_removed": [],
          "scope": "Recorded native/reference invariants, long history, work costs and same-admin host campaigns.",
          "source_binding_commit": "242906bae4f281c738c60adbd2c053d2ded1eae5",
          "subject_bytes_match": true,
          "unobserved_selectors": [],
          "unrecorded_subjects": []
        },
        "v4": {
          "artifact_integrity_verified": true,
          "changed_runtime_inputs": [
            "formal/pon-nakamoto-v1/evaluation.py",
            "formal/pon-nakamoto-v1/experiments/learning_cycles.py",
            "formal/pon-nakamoto-v1/experiments/model_loop.py",
            "formal/pon-nakamoto-v1/experiments/run_campaign.py",
            "formal/pon-nakamoto-v1/experiments/settle_model.py",
            "formal/pon-nakamoto-v1/inference_receipt.py",
            "formal/pon-nakamoto-v1/model_contract.py",
            "formal/pon-nakamoto-v1/test_evaluation.py",
            "formal/pon-nakamoto-v1/test_inference_receipt.py"
          ],
          "changed_subjects": [],
          "complete_recorded_runtime_matches": false,
          "current_regression_support": false,
          "manifest": "evidence/pon-v4/manifest.json",
          "measured_commit": "30b85c34d1be404dcccd9f415286bb43b00f64ea",
          "measured_tree": "4ee1a9d265f09871b0f167d2a5be77ca4b9839c0",
          "observed_selectors": [
            "formal/pon-nakamoto-v1/test_contracts.py::DiskReorgTests.test_every_reorg_process_crash_cut_recovers_exactly"
          ],
          "reexecuted_now": false,
          "runtime_inventory_added": [
            "formal/pon-nakamoto-v1/evaluation_bundle.py",
            "formal/pon-nakamoto-v1/experiments/evaluation_host_parity.py",
            "formal/pon-nakamoto-v1/test_evaluation_bundle.py"
          ],
          "runtime_inventory_removed": [],
          "scope": "Block-scoped native comparison and same-admin binary parity; no public TPS.",
          "source_binding_commit": "30b85c34d1be404dcccd9f415286bb43b00f64ea",
          "subject_bytes_match": true,
          "unobserved_selectors": [],
          "unrecorded_subjects": []
        }
      },
      "persistence_owner": {
        "path": "formal/pon-nakamoto-v1/ledger.py",
        "symbol": "Ledger"
      },
      "remaining": "No separate native branch store is implied by reusable local MVCC persistence.",
      "runtime_symbols": [
        {
          "path": "formal/pon-nakamoto-v1/ledger.py",
          "symbol": "Ledger.admit"
        },
        {
          "path": "formal/pon-nakamoto-v1/ledger.py",
          "symbol": "Ledger._apply_delta"
        }
      ]
    },
    {
      "backend": "Reference SQLite namespace and exclusive file owner",
      "controlled_entrypoint": {
        "path": "formal/pon-nakamoto-v1/experiments/local_network.py",
        "symbol": "serve"
      },
      "evidence_selectors": [
        "formal/pon-nakamoto-v1/test_invariants.py::InitializationTests.test_every_initialization_cut_recovers_only_our_exact_intent",
        "formal/pon-nakamoto-v1/test_invariants.py::InitializationTests.test_injected_trigger_rejects_before_writable_open"
      ],
      "implementation_kind": "reference-owner",
      "module": "M07",
      "operation": "M07.OpenNamespace",
      "ordinary_product_entrypoint": null,
      "packages": {
        "e3": {
          "artifact_integrity_verified": true,
          "changed_runtime_inputs": [],
          "changed_subjects": [],
          "complete_recorded_runtime_matches": true,
          "current_regression_support": true,
          "manifest": "evidence/pon-evaluation-bundle-v1/manifest.json",
          "measured_commit": "50e158640d8278ca94dbecb6539dab96c6a9fb84",
          "measured_tree": "d61a69d3433db127019924d269bf25ded3aecf60",
          "observed_selectors": [
            "formal/pon-nakamoto-v1/test_invariants.py::InitializationTests.test_every_initialization_cut_recovers_only_our_exact_intent",
            "formal/pon-nakamoto-v1/test_invariants.py::InitializationTests.test_injected_trigger_rejects_before_writable_open"
          ],
          "reexecuted_now": false,
          "runtime_inventory_added": [],
          "runtime_inventory_removed": [],
          "scope": "Sealed evaluation and full consent; actual zero adoption/reward and same-admin evaluator parity.",
          "source_binding_commit": "50e158640d8278ca94dbecb6539dab96c6a9fb84",
          "subject_bytes_match": true,
          "unobserved_selectors": [],
          "unrecorded_subjects": []
        },
        "v1": {
          "artifact_integrity_verified": true,
          "changed_runtime_inputs": [
            "config/pon/devnet-v1.json",
            "config/pon/ledger-v1.json",
            "formal/pon-nakamoto-v1/experiments/local_network.py",
            "formal/pon-nakamoto-v1/experiments/model_loop.py",
            "formal/pon-nakamoto-v1/experiments/run_campaign.py",
            "formal/pon-nakamoto-v1/experiments/settle_model.py",
            "formal/pon-nakamoto-v1/ledger.py",
            "formal/pon-nakamoto-v1/test_contracts.py",
            "formal/pon-nakamoto-v1/vectors/expected.json",
            "formal/pon-nakamoto-v1/vectors/header-short.bin",
            "formal/pon-nakamoto-v1/vectors/header-trailing.bin",
            "formal/pon-nakamoto-v1/vectors/header-version.bin",
            "formal/pon-nakamoto-v1/vectors/header.bin",
            "formal/pon-nakamoto-v1/vectors/tx-01.bin",
            "formal/pon-nakamoto-v1/vectors/tx-02.bin",
            "formal/pon-nakamoto-v1/vectors/tx-03.bin",
            "formal/pon-nakamoto-v1/vectors/tx-04.bin",
            "formal/pon-nakamoto-v1/vectors/tx-05.bin",
            "formal/pon-nakamoto-v1/vectors/tx-06.bin",
            "formal/pon-nakamoto-v1/vectors/tx-07.bin",
            "formal/pon-nakamoto-v1/vectors/tx-08.bin",
            "formal/pon-nakamoto-v1/vectors/tx-09.bin",
            "formal/pon-nakamoto-v1/vectors/tx-10.bin",
            "formal/pon-nakamoto-v1/vectors/tx-11.bin",
            "formal/pon-nakamoto-v1/vectors/tx-12.bin",
            "formal/pon-nakamoto-v1/vectors/tx-bad-length.bin",
            "formal/pon-nakamoto-v1/vectors/tx-short.bin",
            "formal/pon-nakamoto-v1/vectors/tx-trailing.bin",
            "formal/pon-nakamoto-v1/vectors/tx-unknown.bin",
            "formal/pon-nakamoto-v1/vectors/tx-zero-nonce.bin",
            "formal/pon-nakamoto-v1/vectors/work.bin",
            "trillionnium/Cargo.lock",
            "trillionnium/crates/trnm-crypto-primitives/src/lib.rs",
            "trillionnium/crates/trnm-mvcc-fee/Cargo.toml",
            "trillionnium/crates/trnm-mvcc-fee/src/lib.rs",
            "trillionnium/crates/trnm-protocol/src/pon_wire.rs",
            "trillionnium/crates/trnm-transport/Cargo.toml",
            "trillionnium/crates/trnm-transport/src/lib.rs"
          ],
          "changed_subjects": [
            "config/pon/devnet-v1.json",
            "config/pon/ledger-v1.json",
            "formal/pon-nakamoto-v1/experiments/local_network.py",
            "formal/pon-nakamoto-v1/ledger.py"
          ],
          "complete_recorded_runtime_matches": false,
          "current_regression_support": false,
          "manifest": "evidence/pon-v1/manifest.json",
          "measured_commit": "8b87fee77ddee6a9778e8bebe880ba2627b05d5d",
          "measured_tree": null,
          "observed_selectors": [],
          "reexecuted_now": false,
          "runtime_inventory_added": [
            "formal/pon-nakamoto-v1/bounded_process.py",
            "formal/pon-nakamoto-v1/evaluation.py",
            "formal/pon-nakamoto-v1/evaluation_bundle.py",
            "formal/pon-nakamoto-v1/experiments/evaluation_host_parity.py",
            "formal/pon-nakamoto-v1/experiments/executor_comparison.py",
            "formal/pon-nakamoto-v1/experiments/learning_cycles.py",
            "formal/pon-nakamoto-v1/experiments/long_history.py",
            "formal/pon-nakamoto-v1/experiments/multihost_campaign.py",
            "formal/pon-nakamoto-v1/experiments/native_host_parity.py",
            "formal/pon-nakamoto-v1/experiments/parallel_cost.py",
            "formal/pon-nakamoto-v1/experiments/remote_peer.py",
            "formal/pon-nakamoto-v1/generate_accepted_block.py",
            "formal/pon-nakamoto-v1/inference_receipt.py",
            "formal/pon-nakamoto-v1/model_contract.py",
            "formal/pon-nakamoto-v1/native_execution.py",
            "formal/pon-nakamoto-v1/strict_signature.py",
            "formal/pon-nakamoto-v1/test_artifacts.py",
            "formal/pon-nakamoto-v1/test_bounded_process.py",
            "formal/pon-nakamoto-v1/test_evaluation.py",
            "formal/pon-nakamoto-v1/test_evaluation_bundle.py",
            "formal/pon-nakamoto-v1/test_inference_receipt.py",
            "formal/pon-nakamoto-v1/test_invariants.py",
            "formal/pon-nakamoto-v1/test_model_contract.py",
            "formal/pon-nakamoto-v1/test_native_execution.py",
            "formal/pon-nakamoto-v1/test_strict_signature.py",
            "formal/pon-nakamoto-v1/test_work_backend.py",
            "formal/pon-nakamoto-v1/vectors/accepted-block/expected.json",
            "formal/pon-nakamoto-v1/vectors/accepted-block/genesis-state.json",
            "formal/pon-nakamoto-v1/vectors/accepted-block/header.bin",
            "formal/pon-nakamoto-v1/vectors/accepted-block/post-state.json",
            "formal/pon-nakamoto-v1/vectors/accepted-block/transaction.bin",
            "formal/pon-nakamoto-v1/vectors/accepted-block/work.bin",
            "formal/pon-nakamoto-v1/work_backend.py",
            "trillionnium/crates/trnm-crypto-primitives/examples/pon_adversarial_cost.rs",
            "trillionnium/crates/trnm-crypto-primitives/examples/pon_work_io.rs",
            "trillionnium/crates/trnm-mvcc-fee/examples/pon_execute.rs",
            "trillionnium/crates/trnm-mvcc-fee/src/pon_executor.rs",
            "trillionnium/crates/trnm-transport/examples/pon_admission_load.rs",
            "trillionnium/crates/trnm-transport/src/proof_admission.rs"
          ],
          "runtime_inventory_removed": [],
          "scope": "Original revision1 work, ledger, model and loopback experiments; historical only.",
          "source_binding_commit": "5d59b9540268914794a62e8fa237caf999499314",
          "subject_bytes_match": false,
          "unobserved_selectors": [
            "formal/pon-nakamoto-v1/test_invariants.py::InitializationTests.test_every_initialization_cut_recovers_only_our_exact_intent",
            "formal/pon-nakamoto-v1/test_invariants.py::InitializationTests.test_injected_trigger_rejects_before_writable_open"
          ],
          "unrecorded_subjects": []
        },
        "v3": {
          "artifact_integrity_verified": true,
          "changed_runtime_inputs": [
            "formal/pon-nakamoto-v1/evaluation.py",
            "formal/pon-nakamoto-v1/experiments/learning_cycles.py",
            "formal/pon-nakamoto-v1/experiments/model_loop.py",
            "formal/pon-nakamoto-v1/experiments/run_campaign.py",
            "formal/pon-nakamoto-v1/experiments/settle_model.py",
            "formal/pon-nakamoto-v1/inference_receipt.py",
            "formal/pon-nakamoto-v1/model_contract.py",
            "formal/pon-nakamoto-v1/test_evaluation.py",
            "formal/pon-nakamoto-v1/test_inference_receipt.py",
            "formal/pon-nakamoto-v1/test_native_execution.py",
            "trillionnium/crates/trnm-mvcc-fee/examples/pon_execute.rs",
            "trillionnium/crates/trnm-mvcc-fee/src/pon_executor.rs"
          ],
          "changed_subjects": [],
          "complete_recorded_runtime_matches": false,
          "current_regression_support": false,
          "manifest": "evidence/pon-v3/manifest.json",
          "measured_commit": "242906bae4f281c738c60adbd2c053d2ded1eae5",
          "measured_tree": "160cc493ab4cfb7f3f8c26b2d1621691a0c49502",
          "observed_selectors": [
            "formal/pon-nakamoto-v1/test_invariants.py::InitializationTests.test_every_initialization_cut_recovers_only_our_exact_intent",
            "formal/pon-nakamoto-v1/test_invariants.py::InitializationTests.test_injected_trigger_rejects_before_writable_open"
          ],
          "reexecuted_now": false,
          "runtime_inventory_added": [
            "formal/pon-nakamoto-v1/evaluation_bundle.py",
            "formal/pon-nakamoto-v1/experiments/evaluation_host_parity.py",
            "formal/pon-nakamoto-v1/experiments/executor_comparison.py",
            "formal/pon-nakamoto-v1/experiments/native_host_parity.py",
            "formal/pon-nakamoto-v1/test_evaluation_bundle.py"
          ],
          "runtime_inventory_removed": [],
          "scope": "Recorded native/reference invariants, long history, work costs and same-admin host campaigns.",
          "source_binding_commit": "242906bae4f281c738c60adbd2c053d2ded1eae5",
          "subject_bytes_match": true,
          "unobserved_selectors": [],
          "unrecorded_subjects": []
        },
        "v4": {
          "artifact_integrity_verified": true,
          "changed_runtime_inputs": [
            "formal/pon-nakamoto-v1/evaluation.py",
            "formal/pon-nakamoto-v1/experiments/learning_cycles.py",
            "formal/pon-nakamoto-v1/experiments/model_loop.py",
            "formal/pon-nakamoto-v1/experiments/run_campaign.py",
            "formal/pon-nakamoto-v1/experiments/settle_model.py",
            "formal/pon-nakamoto-v1/inference_receipt.py",
            "formal/pon-nakamoto-v1/model_contract.py",
            "formal/pon-nakamoto-v1/test_evaluation.py",
            "formal/pon-nakamoto-v1/test_inference_receipt.py"
          ],
          "changed_subjects": [],
          "complete_recorded_runtime_matches": false,
          "current_regression_support": false,
          "manifest": "evidence/pon-v4/manifest.json",
          "measured_commit": "30b85c34d1be404dcccd9f415286bb43b00f64ea",
          "measured_tree": "4ee1a9d265f09871b0f167d2a5be77ca4b9839c0",
          "observed_selectors": [
            "formal/pon-nakamoto-v1/test_invariants.py::InitializationTests.test_every_initialization_cut_recovers_only_our_exact_intent",
            "formal/pon-nakamoto-v1/test_invariants.py::InitializationTests.test_injected_trigger_rejects_before_writable_open"
          ],
          "reexecuted_now": false,
          "runtime_inventory_added": [
            "formal/pon-nakamoto-v1/evaluation_bundle.py",
            "formal/pon-nakamoto-v1/experiments/evaluation_host_parity.py",
            "formal/pon-nakamoto-v1/test_evaluation_bundle.py"
          ],
          "runtime_inventory_removed": [],
          "scope": "Block-scoped native comparison and same-admin binary parity; no public TPS.",
          "source_binding_commit": "30b85c34d1be404dcccd9f415286bb43b00f64ea",
          "subject_bytes_match": true,
          "unobserved_selectors": [],
          "unrecorded_subjects": []
        }
      },
      "persistence_owner": {
        "path": "formal/pon-nakamoto-v1/ledger.py",
        "symbol": "Ledger"
      },
      "remaining": "Native paged state owner, full descriptor/sidecar fencing and physical power loss remain open.",
      "runtime_symbols": [
        {
          "path": "formal/pon-nakamoto-v1/ledger.py",
          "symbol": "Ledger.__init__"
        }
      ]
    },
    {
      "backend": "Reference block/delta SQLite transaction",
      "controlled_entrypoint": {
        "path": "formal/pon-nakamoto-v1/ledger.py",
        "symbol": "Ledger.admit"
      },
      "evidence_selectors": [
        "formal/pon-nakamoto-v1/test_contracts.py::DiskReorgTests.test_root_substitution_rejects_before_persistence",
        "formal/pon-nakamoto-v1/test_invariants.py::RestartForkTests.test_admitted_before_activation_is_selected_on_restart"
      ],
      "implementation_kind": "reference-owner",
      "module": "M07",
      "operation": "M07.StageBranch",
      "ordinary_product_entrypoint": null,
      "packages": {
        "e3": {
          "artifact_integrity_verified": true,
          "changed_runtime_inputs": [],
          "changed_subjects": [],
          "complete_recorded_runtime_matches": true,
          "current_regression_support": true,
          "manifest": "evidence/pon-evaluation-bundle-v1/manifest.json",
          "measured_commit": "50e158640d8278ca94dbecb6539dab96c6a9fb84",
          "measured_tree": "d61a69d3433db127019924d269bf25ded3aecf60",
          "observed_selectors": [
            "formal/pon-nakamoto-v1/test_contracts.py::DiskReorgTests.test_root_substitution_rejects_before_persistence",
            "formal/pon-nakamoto-v1/test_invariants.py::RestartForkTests.test_admitted_before_activation_is_selected_on_restart"
          ],
          "reexecuted_now": false,
          "runtime_inventory_added": [],
          "runtime_inventory_removed": [],
          "scope": "Sealed evaluation and full consent; actual zero adoption/reward and same-admin evaluator parity.",
          "source_binding_commit": "50e158640d8278ca94dbecb6539dab96c6a9fb84",
          "subject_bytes_match": true,
          "unobserved_selectors": [],
          "unrecorded_subjects": []
        },
        "v1": {
          "artifact_integrity_verified": true,
          "changed_runtime_inputs": [
            "config/pon/devnet-v1.json",
            "config/pon/ledger-v1.json",
            "formal/pon-nakamoto-v1/experiments/local_network.py",
            "formal/pon-nakamoto-v1/experiments/model_loop.py",
            "formal/pon-nakamoto-v1/experiments/run_campaign.py",
            "formal/pon-nakamoto-v1/experiments/settle_model.py",
            "formal/pon-nakamoto-v1/ledger.py",
            "formal/pon-nakamoto-v1/test_contracts.py",
            "formal/pon-nakamoto-v1/vectors/expected.json",
            "formal/pon-nakamoto-v1/vectors/header-short.bin",
            "formal/pon-nakamoto-v1/vectors/header-trailing.bin",
            "formal/pon-nakamoto-v1/vectors/header-version.bin",
            "formal/pon-nakamoto-v1/vectors/header.bin",
            "formal/pon-nakamoto-v1/vectors/tx-01.bin",
            "formal/pon-nakamoto-v1/vectors/tx-02.bin",
            "formal/pon-nakamoto-v1/vectors/tx-03.bin",
            "formal/pon-nakamoto-v1/vectors/tx-04.bin",
            "formal/pon-nakamoto-v1/vectors/tx-05.bin",
            "formal/pon-nakamoto-v1/vectors/tx-06.bin",
            "formal/pon-nakamoto-v1/vectors/tx-07.bin",
            "formal/pon-nakamoto-v1/vectors/tx-08.bin",
            "formal/pon-nakamoto-v1/vectors/tx-09.bin",
            "formal/pon-nakamoto-v1/vectors/tx-10.bin",
            "formal/pon-nakamoto-v1/vectors/tx-11.bin",
            "formal/pon-nakamoto-v1/vectors/tx-12.bin",
            "formal/pon-nakamoto-v1/vectors/tx-bad-length.bin",
            "formal/pon-nakamoto-v1/vectors/tx-short.bin",
            "formal/pon-nakamoto-v1/vectors/tx-trailing.bin",
            "formal/pon-nakamoto-v1/vectors/tx-unknown.bin",
            "formal/pon-nakamoto-v1/vectors/tx-zero-nonce.bin",
            "formal/pon-nakamoto-v1/vectors/work.bin",
            "trillionnium/Cargo.lock",
            "trillionnium/crates/trnm-crypto-primitives/src/lib.rs",
            "trillionnium/crates/trnm-mvcc-fee/Cargo.toml",
            "trillionnium/crates/trnm-mvcc-fee/src/lib.rs",
            "trillionnium/crates/trnm-protocol/src/pon_wire.rs",
            "trillionnium/crates/trnm-transport/Cargo.toml",
            "trillionnium/crates/trnm-transport/src/lib.rs"
          ],
          "changed_subjects": [
            "config/pon/devnet-v1.json",
            "config/pon/ledger-v1.json",
            "formal/pon-nakamoto-v1/ledger.py"
          ],
          "complete_recorded_runtime_matches": false,
          "current_regression_support": false,
          "manifest": "evidence/pon-v1/manifest.json",
          "measured_commit": "8b87fee77ddee6a9778e8bebe880ba2627b05d5d",
          "measured_tree": null,
          "observed_selectors": [],
          "reexecuted_now": false,
          "runtime_inventory_added": [
            "formal/pon-nakamoto-v1/bounded_process.py",
            "formal/pon-nakamoto-v1/evaluation.py",
            "formal/pon-nakamoto-v1/evaluation_bundle.py",
            "formal/pon-nakamoto-v1/experiments/evaluation_host_parity.py",
            "formal/pon-nakamoto-v1/experiments/executor_comparison.py",
            "formal/pon-nakamoto-v1/experiments/learning_cycles.py",
            "formal/pon-nakamoto-v1/experiments/long_history.py",
            "formal/pon-nakamoto-v1/experiments/multihost_campaign.py",
            "formal/pon-nakamoto-v1/experiments/native_host_parity.py",
            "formal/pon-nakamoto-v1/experiments/parallel_cost.py",
            "formal/pon-nakamoto-v1/experiments/remote_peer.py",
            "formal/pon-nakamoto-v1/generate_accepted_block.py",
            "formal/pon-nakamoto-v1/inference_receipt.py",
            "formal/pon-nakamoto-v1/model_contract.py",
            "formal/pon-nakamoto-v1/native_execution.py",
            "formal/pon-nakamoto-v1/strict_signature.py",
            "formal/pon-nakamoto-v1/test_artifacts.py",
            "formal/pon-nakamoto-v1/test_bounded_process.py",
            "formal/pon-nakamoto-v1/test_evaluation.py",
            "formal/pon-nakamoto-v1/test_evaluation_bundle.py",
            "formal/pon-nakamoto-v1/test_inference_receipt.py",
            "formal/pon-nakamoto-v1/test_invariants.py",
            "formal/pon-nakamoto-v1/test_model_contract.py",
            "formal/pon-nakamoto-v1/test_native_execution.py",
            "formal/pon-nakamoto-v1/test_strict_signature.py",
            "formal/pon-nakamoto-v1/test_work_backend.py",
            "formal/pon-nakamoto-v1/vectors/accepted-block/expected.json",
            "formal/pon-nakamoto-v1/vectors/accepted-block/genesis-state.json",
            "formal/pon-nakamoto-v1/vectors/accepted-block/header.bin",
            "formal/pon-nakamoto-v1/vectors/accepted-block/post-state.json",
            "formal/pon-nakamoto-v1/vectors/accepted-block/transaction.bin",
            "formal/pon-nakamoto-v1/vectors/accepted-block/work.bin",
            "formal/pon-nakamoto-v1/work_backend.py",
            "trillionnium/crates/trnm-crypto-primitives/examples/pon_adversarial_cost.rs",
            "trillionnium/crates/trnm-crypto-primitives/examples/pon_work_io.rs",
            "trillionnium/crates/trnm-mvcc-fee/examples/pon_execute.rs",
            "trillionnium/crates/trnm-mvcc-fee/src/pon_executor.rs",
            "trillionnium/crates/trnm-transport/examples/pon_admission_load.rs",
            "trillionnium/crates/trnm-transport/src/proof_admission.rs"
          ],
          "runtime_inventory_removed": [],
          "scope": "Original revision1 work, ledger, model and loopback experiments; historical only.",
          "source_binding_commit": "5d59b9540268914794a62e8fa237caf999499314",
          "subject_bytes_match": false,
          "unobserved_selectors": [
            "formal/pon-nakamoto-v1/test_contracts.py::DiskReorgTests.test_root_substitution_rejects_before_persistence",
            "formal/pon-nakamoto-v1/test_invariants.py::RestartForkTests.test_admitted_before_activation_is_selected_on_restart"
          ],
          "unrecorded_subjects": []
        },
        "v3": {
          "artifact_integrity_verified": true,
          "changed_runtime_inputs": [
            "formal/pon-nakamoto-v1/evaluation.py",
            "formal/pon-nakamoto-v1/experiments/learning_cycles.py",
            "formal/pon-nakamoto-v1/experiments/model_loop.py",
            "formal/pon-nakamoto-v1/experiments/run_campaign.py",
            "formal/pon-nakamoto-v1/experiments/settle_model.py",
            "formal/pon-nakamoto-v1/inference_receipt.py",
            "formal/pon-nakamoto-v1/model_contract.py",
            "formal/pon-nakamoto-v1/test_evaluation.py",
            "formal/pon-nakamoto-v1/test_inference_receipt.py",
            "formal/pon-nakamoto-v1/test_native_execution.py",
            "trillionnium/crates/trnm-mvcc-fee/examples/pon_execute.rs",
            "trillionnium/crates/trnm-mvcc-fee/src/pon_executor.rs"
          ],
          "changed_subjects": [],
          "complete_recorded_runtime_matches": false,
          "current_regression_support": false,
          "manifest": "evidence/pon-v3/manifest.json",
          "measured_commit": "242906bae4f281c738c60adbd2c053d2ded1eae5",
          "measured_tree": "160cc493ab4cfb7f3f8c26b2d1621691a0c49502",
          "observed_selectors": [
            "formal/pon-nakamoto-v1/test_contracts.py::DiskReorgTests.test_root_substitution_rejects_before_persistence",
            "formal/pon-nakamoto-v1/test_invariants.py::RestartForkTests.test_admitted_before_activation_is_selected_on_restart"
          ],
          "reexecuted_now": false,
          "runtime_inventory_added": [
            "formal/pon-nakamoto-v1/evaluation_bundle.py",
            "formal/pon-nakamoto-v1/experiments/evaluation_host_parity.py",
            "formal/pon-nakamoto-v1/experiments/executor_comparison.py",
            "formal/pon-nakamoto-v1/experiments/native_host_parity.py",
            "formal/pon-nakamoto-v1/test_evaluation_bundle.py"
          ],
          "runtime_inventory_removed": [],
          "scope": "Recorded native/reference invariants, long history, work costs and same-admin host campaigns.",
          "source_binding_commit": "242906bae4f281c738c60adbd2c053d2ded1eae5",
          "subject_bytes_match": true,
          "unobserved_selectors": [],
          "unrecorded_subjects": []
        },
        "v4": {
          "artifact_integrity_verified": true,
          "changed_runtime_inputs": [
            "formal/pon-nakamoto-v1/evaluation.py",
            "formal/pon-nakamoto-v1/experiments/learning_cycles.py",
            "formal/pon-nakamoto-v1/experiments/model_loop.py",
            "formal/pon-nakamoto-v1/experiments/run_campaign.py",
            "formal/pon-nakamoto-v1/experiments/settle_model.py",
            "formal/pon-nakamoto-v1/inference_receipt.py",
            "formal/pon-nakamoto-v1/model_contract.py",
            "formal/pon-nakamoto-v1/test_evaluation.py",
            "formal/pon-nakamoto-v1/test_inference_receipt.py"
          ],
          "changed_subjects": [],
          "complete_recorded_runtime_matches": false,
          "current_regression_support": false,
          "manifest": "evidence/pon-v4/manifest.json",
          "measured_commit": "30b85c34d1be404dcccd9f415286bb43b00f64ea",
          "measured_tree": "4ee1a9d265f09871b0f167d2a5be77ca4b9839c0",
          "observed_selectors": [
            "formal/pon-nakamoto-v1/test_contracts.py::DiskReorgTests.test_root_substitution_rejects_before_persistence",
            "formal/pon-nakamoto-v1/test_invariants.py::RestartForkTests.test_admitted_before_activation_is_selected_on_restart"
          ],
          "reexecuted_now": false,
          "runtime_inventory_added": [
            "formal/pon-nakamoto-v1/evaluation_bundle.py",
            "formal/pon-nakamoto-v1/experiments/evaluation_host_parity.py",
            "formal/pon-nakamoto-v1/test_evaluation_bundle.py"
          ],
          "runtime_inventory_removed": [],
          "scope": "Block-scoped native comparison and same-admin binary parity; no public TPS.",
          "source_binding_commit": "30b85c34d1be404dcccd9f415286bb43b00f64ea",
          "subject_bytes_match": true,
          "unobserved_selectors": [],
          "unrecorded_subjects": []
        }
      },
      "persistence_owner": {
        "path": "formal/pon-nakamoto-v1/ledger.py",
        "symbol": "Ledger"
      },
      "remaining": "Root rejection and admission/restart tests are not independent disk durability acceptance.",
      "runtime_symbols": [
        {
          "path": "formal/pon-nakamoto-v1/ledger.py",
          "symbol": "Ledger.admit"
        }
      ]
    },
    {
      "backend": "Planning phase inside existing reference owner; not a new callable API",
      "controlled_entrypoint": {
        "path": "formal/pon-nakamoto-v1/ledger.py",
        "symbol": "Ledger.activate"
      },
      "evidence_selectors": [
        "formal/pon-nakamoto-v1/test_contracts.py::DiskReorgTests.test_every_reorg_process_crash_cut_recovers_exactly",
        "formal/pon-nakamoto-v1/test_invariants.py::RestartForkTests.test_append_retains_one_physical_state_slot"
      ],
      "implementation_kind": "reference-owner",
      "module": "M08",
      "operation": "M08.PlanReorg",
      "ordinary_product_entrypoint": null,
      "packages": {
        "e3": {
          "artifact_integrity_verified": true,
          "changed_runtime_inputs": [],
          "changed_subjects": [],
          "complete_recorded_runtime_matches": true,
          "current_regression_support": true,
          "manifest": "evidence/pon-evaluation-bundle-v1/manifest.json",
          "measured_commit": "50e158640d8278ca94dbecb6539dab96c6a9fb84",
          "measured_tree": "d61a69d3433db127019924d269bf25ded3aecf60",
          "observed_selectors": [
            "formal/pon-nakamoto-v1/test_contracts.py::DiskReorgTests.test_every_reorg_process_crash_cut_recovers_exactly",
            "formal/pon-nakamoto-v1/test_invariants.py::RestartForkTests.test_append_retains_one_physical_state_slot"
          ],
          "reexecuted_now": false,
          "runtime_inventory_added": [],
          "runtime_inventory_removed": [],
          "scope": "Sealed evaluation and full consent; actual zero adoption/reward and same-admin evaluator parity.",
          "source_binding_commit": "50e158640d8278ca94dbecb6539dab96c6a9fb84",
          "subject_bytes_match": true,
          "unobserved_selectors": [],
          "unrecorded_subjects": []
        },
        "v1": {
          "artifact_integrity_verified": true,
          "changed_runtime_inputs": [
            "config/pon/devnet-v1.json",
            "config/pon/ledger-v1.json",
            "formal/pon-nakamoto-v1/experiments/local_network.py",
            "formal/pon-nakamoto-v1/experiments/model_loop.py",
            "formal/pon-nakamoto-v1/experiments/run_campaign.py",
            "formal/pon-nakamoto-v1/experiments/settle_model.py",
            "formal/pon-nakamoto-v1/ledger.py",
            "formal/pon-nakamoto-v1/test_contracts.py",
            "formal/pon-nakamoto-v1/vectors/expected.json",
            "formal/pon-nakamoto-v1/vectors/header-short.bin",
            "formal/pon-nakamoto-v1/vectors/header-trailing.bin",
            "formal/pon-nakamoto-v1/vectors/header-version.bin",
            "formal/pon-nakamoto-v1/vectors/header.bin",
            "formal/pon-nakamoto-v1/vectors/tx-01.bin",
            "formal/pon-nakamoto-v1/vectors/tx-02.bin",
            "formal/pon-nakamoto-v1/vectors/tx-03.bin",
            "formal/pon-nakamoto-v1/vectors/tx-04.bin",
            "formal/pon-nakamoto-v1/vectors/tx-05.bin",
            "formal/pon-nakamoto-v1/vectors/tx-06.bin",
            "formal/pon-nakamoto-v1/vectors/tx-07.bin",
            "formal/pon-nakamoto-v1/vectors/tx-08.bin",
            "formal/pon-nakamoto-v1/vectors/tx-09.bin",
            "formal/pon-nakamoto-v1/vectors/tx-10.bin",
            "formal/pon-nakamoto-v1/vectors/tx-11.bin",
            "formal/pon-nakamoto-v1/vectors/tx-12.bin",
            "formal/pon-nakamoto-v1/vectors/tx-bad-length.bin",
            "formal/pon-nakamoto-v1/vectors/tx-short.bin",
            "formal/pon-nakamoto-v1/vectors/tx-trailing.bin",
            "formal/pon-nakamoto-v1/vectors/tx-unknown.bin",
            "formal/pon-nakamoto-v1/vectors/tx-zero-nonce.bin",
            "formal/pon-nakamoto-v1/vectors/work.bin",
            "trillionnium/Cargo.lock",
            "trillionnium/crates/trnm-crypto-primitives/src/lib.rs",
            "trillionnium/crates/trnm-mvcc-fee/Cargo.toml",
            "trillionnium/crates/trnm-mvcc-fee/src/lib.rs",
            "trillionnium/crates/trnm-protocol/src/pon_wire.rs",
            "trillionnium/crates/trnm-transport/Cargo.toml",
            "trillionnium/crates/trnm-transport/src/lib.rs"
          ],
          "changed_subjects": [
            "config/pon/devnet-v1.json",
            "config/pon/ledger-v1.json",
            "formal/pon-nakamoto-v1/ledger.py"
          ],
          "complete_recorded_runtime_matches": false,
          "current_regression_support": false,
          "manifest": "evidence/pon-v1/manifest.json",
          "measured_commit": "8b87fee77ddee6a9778e8bebe880ba2627b05d5d",
          "measured_tree": null,
          "observed_selectors": [],
          "reexecuted_now": false,
          "runtime_inventory_added": [
            "formal/pon-nakamoto-v1/bounded_process.py",
            "formal/pon-nakamoto-v1/evaluation.py",
            "formal/pon-nakamoto-v1/evaluation_bundle.py",
            "formal/pon-nakamoto-v1/experiments/evaluation_host_parity.py",
            "formal/pon-nakamoto-v1/experiments/executor_comparison.py",
            "formal/pon-nakamoto-v1/experiments/learning_cycles.py",
            "formal/pon-nakamoto-v1/experiments/long_history.py",
            "formal/pon-nakamoto-v1/experiments/multihost_campaign.py",
            "formal/pon-nakamoto-v1/experiments/native_host_parity.py",
            "formal/pon-nakamoto-v1/experiments/parallel_cost.py",
            "formal/pon-nakamoto-v1/experiments/remote_peer.py",
            "formal/pon-nakamoto-v1/generate_accepted_block.py",
            "formal/pon-nakamoto-v1/inference_receipt.py",
            "formal/pon-nakamoto-v1/model_contract.py",
            "formal/pon-nakamoto-v1/native_execution.py",
            "formal/pon-nakamoto-v1/strict_signature.py",
            "formal/pon-nakamoto-v1/test_artifacts.py",
            "formal/pon-nakamoto-v1/test_bounded_process.py",
            "formal/pon-nakamoto-v1/test_evaluation.py",
            "formal/pon-nakamoto-v1/test_evaluation_bundle.py",
            "formal/pon-nakamoto-v1/test_inference_receipt.py",
            "formal/pon-nakamoto-v1/test_invariants.py",
            "formal/pon-nakamoto-v1/test_model_contract.py",
            "formal/pon-nakamoto-v1/test_native_execution.py",
            "formal/pon-nakamoto-v1/test_strict_signature.py",
            "formal/pon-nakamoto-v1/test_work_backend.py",
            "formal/pon-nakamoto-v1/vectors/accepted-block/expected.json",
            "formal/pon-nakamoto-v1/vectors/accepted-block/genesis-state.json",
            "formal/pon-nakamoto-v1/vectors/accepted-block/header.bin",
            "formal/pon-nakamoto-v1/vectors/accepted-block/post-state.json",
            "formal/pon-nakamoto-v1/vectors/accepted-block/transaction.bin",
            "formal/pon-nakamoto-v1/vectors/accepted-block/work.bin",
            "formal/pon-nakamoto-v1/work_backend.py",
            "trillionnium/crates/trnm-crypto-primitives/examples/pon_adversarial_cost.rs",
            "trillionnium/crates/trnm-crypto-primitives/examples/pon_work_io.rs",
            "trillionnium/crates/trnm-mvcc-fee/examples/pon_execute.rs",
            "trillionnium/crates/trnm-mvcc-fee/src/pon_executor.rs",
            "trillionnium/crates/trnm-transport/examples/pon_admission_load.rs",
            "trillionnium/crates/trnm-transport/src/proof_admission.rs"
          ],
          "runtime_inventory_removed": [],
          "scope": "Original revision1 work, ledger, model and loopback experiments; historical only.",
          "source_binding_commit": "5d59b9540268914794a62e8fa237caf999499314",
          "subject_bytes_match": false,
          "unobserved_selectors": [
            "formal/pon-nakamoto-v1/test_contracts.py::DiskReorgTests.test_every_reorg_process_crash_cut_recovers_exactly",
            "formal/pon-nakamoto-v1/test_invariants.py::RestartForkTests.test_append_retains_one_physical_state_slot"
          ],
          "unrecorded_subjects": []
        },
        "v3": {
          "artifact_integrity_verified": true,
          "changed_runtime_inputs": [
            "formal/pon-nakamoto-v1/evaluation.py",
            "formal/pon-nakamoto-v1/experiments/learning_cycles.py",
            "formal/pon-nakamoto-v1/experiments/model_loop.py",
            "formal/pon-nakamoto-v1/experiments/run_campaign.py",
            "formal/pon-nakamoto-v1/experiments/settle_model.py",
            "formal/pon-nakamoto-v1/inference_receipt.py",
            "formal/pon-nakamoto-v1/model_contract.py",
            "formal/pon-nakamoto-v1/test_evaluation.py",
            "formal/pon-nakamoto-v1/test_inference_receipt.py",
            "formal/pon-nakamoto-v1/test_native_execution.py",
            "trillionnium/crates/trnm-mvcc-fee/examples/pon_execute.rs",
            "trillionnium/crates/trnm-mvcc-fee/src/pon_executor.rs"
          ],
          "changed_subjects": [],
          "complete_recorded_runtime_matches": false,
          "current_regression_support": false,
          "manifest": "evidence/pon-v3/manifest.json",
          "measured_commit": "242906bae4f281c738c60adbd2c053d2ded1eae5",
          "measured_tree": "160cc493ab4cfb7f3f8c26b2d1621691a0c49502",
          "observed_selectors": [
            "formal/pon-nakamoto-v1/test_contracts.py::DiskReorgTests.test_every_reorg_process_crash_cut_recovers_exactly",
            "formal/pon-nakamoto-v1/test_invariants.py::RestartForkTests.test_append_retains_one_physical_state_slot"
          ],
          "reexecuted_now": false,
          "runtime_inventory_added": [
            "formal/pon-nakamoto-v1/evaluation_bundle.py",
            "formal/pon-nakamoto-v1/experiments/evaluation_host_parity.py",
            "formal/pon-nakamoto-v1/experiments/executor_comparison.py",
            "formal/pon-nakamoto-v1/experiments/native_host_parity.py",
            "formal/pon-nakamoto-v1/test_evaluation_bundle.py"
          ],
          "runtime_inventory_removed": [],
          "scope": "Recorded native/reference invariants, long history, work costs and same-admin host campaigns.",
          "source_binding_commit": "242906bae4f281c738c60adbd2c053d2ded1eae5",
          "subject_bytes_match": true,
          "unobserved_selectors": [],
          "unrecorded_subjects": []
        },
        "v4": {
          "artifact_integrity_verified": true,
          "changed_runtime_inputs": [
            "formal/pon-nakamoto-v1/evaluation.py",
            "formal/pon-nakamoto-v1/experiments/learning_cycles.py",
            "formal/pon-nakamoto-v1/experiments/model_loop.py",
            "formal/pon-nakamoto-v1/experiments/run_campaign.py",
            "formal/pon-nakamoto-v1/experiments/settle_model.py",
            "formal/pon-nakamoto-v1/inference_receipt.py",
            "formal/pon-nakamoto-v1/model_contract.py",
            "formal/pon-nakamoto-v1/test_evaluation.py",
            "formal/pon-nakamoto-v1/test_inference_receipt.py"
          ],
          "changed_subjects": [],
          "complete_recorded_runtime_matches": false,
          "current_regression_support": false,
          "manifest": "evidence/pon-v4/manifest.json",
          "measured_commit": "30b85c34d1be404dcccd9f415286bb43b00f64ea",
          "measured_tree": "4ee1a9d265f09871b0f167d2a5be77ca4b9839c0",
          "observed_selectors": [
            "formal/pon-nakamoto-v1/test_contracts.py::DiskReorgTests.test_every_reorg_process_crash_cut_recovers_exactly",
            "formal/pon-nakamoto-v1/test_invariants.py::RestartForkTests.test_append_retains_one_physical_state_slot"
          ],
          "reexecuted_now": false,
          "runtime_inventory_added": [
            "formal/pon-nakamoto-v1/evaluation_bundle.py",
            "formal/pon-nakamoto-v1/experiments/evaluation_host_parity.py",
            "formal/pon-nakamoto-v1/test_evaluation_bundle.py"
          ],
          "runtime_inventory_removed": [],
          "scope": "Block-scoped native comparison and same-admin binary parity; no public TPS.",
          "source_binding_commit": "30b85c34d1be404dcccd9f415286bb43b00f64ea",
          "subject_bytes_match": true,
          "unobserved_selectors": [],
          "unrecorded_subjects": []
        }
      },
      "persistence_owner": {
        "path": "formal/pon-nakamoto-v1/ledger.py",
        "symbol": "Ledger"
      },
      "remaining": "Full fork lists/staging copy remain reference limits; public immutable plan API and bounded native planning are absent.",
      "runtime_symbols": [
        {
          "path": "formal/pon-nakamoto-v1/ledger.py",
          "symbol": "Ledger.activate"
        }
      ]
    },
    {
      "backend": "Reference per-step cursor and atomic publication transactions",
      "controlled_entrypoint": {
        "path": "formal/pon-nakamoto-v1/ledger.py",
        "symbol": "Ledger.recover"
      },
      "evidence_selectors": [
        "formal/pon-nakamoto-v1/test_contracts.py::DiskReorgTests.test_every_reorg_process_crash_cut_recovers_exactly",
        "formal/pon-nakamoto-v1/test_invariants.py::RestartForkTests.test_admitted_before_activation_is_selected_on_restart"
      ],
      "implementation_kind": "reference-owner",
      "module": "M08",
      "operation": "M08.RecoverAndPublish",
      "ordinary_product_entrypoint": null,
      "packages": {
        "e3": {
          "artifact_integrity_verified": true,
          "changed_runtime_inputs": [],
          "changed_subjects": [],
          "complete_recorded_runtime_matches": true,
          "current_regression_support": true,
          "manifest": "evidence/pon-evaluation-bundle-v1/manifest.json",
          "measured_commit": "50e158640d8278ca94dbecb6539dab96c6a9fb84",
          "measured_tree": "d61a69d3433db127019924d269bf25ded3aecf60",
          "observed_selectors": [
            "formal/pon-nakamoto-v1/test_contracts.py::DiskReorgTests.test_every_reorg_process_crash_cut_recovers_exactly",
            "formal/pon-nakamoto-v1/test_invariants.py::RestartForkTests.test_admitted_before_activation_is_selected_on_restart"
          ],
          "reexecuted_now": false,
          "runtime_inventory_added": [],
          "runtime_inventory_removed": [],
          "scope": "Sealed evaluation and full consent; actual zero adoption/reward and same-admin evaluator parity.",
          "source_binding_commit": "50e158640d8278ca94dbecb6539dab96c6a9fb84",
          "subject_bytes_match": true,
          "unobserved_selectors": [],
          "unrecorded_subjects": []
        },
        "v1": {
          "artifact_integrity_verified": true,
          "changed_runtime_inputs": [
            "config/pon/devnet-v1.json",
            "config/pon/ledger-v1.json",
            "formal/pon-nakamoto-v1/experiments/local_network.py",
            "formal/pon-nakamoto-v1/experiments/model_loop.py",
            "formal/pon-nakamoto-v1/experiments/run_campaign.py",
            "formal/pon-nakamoto-v1/experiments/settle_model.py",
            "formal/pon-nakamoto-v1/ledger.py",
            "formal/pon-nakamoto-v1/test_contracts.py",
            "formal/pon-nakamoto-v1/vectors/expected.json",
            "formal/pon-nakamoto-v1/vectors/header-short.bin",
            "formal/pon-nakamoto-v1/vectors/header-trailing.bin",
            "formal/pon-nakamoto-v1/vectors/header-version.bin",
            "formal/pon-nakamoto-v1/vectors/header.bin",
            "formal/pon-nakamoto-v1/vectors/tx-01.bin",
            "formal/pon-nakamoto-v1/vectors/tx-02.bin",
            "formal/pon-nakamoto-v1/vectors/tx-03.bin",
            "formal/pon-nakamoto-v1/vectors/tx-04.bin",
            "formal/pon-nakamoto-v1/vectors/tx-05.bin",
            "formal/pon-nakamoto-v1/vectors/tx-06.bin",
            "formal/pon-nakamoto-v1/vectors/tx-07.bin",
            "formal/pon-nakamoto-v1/vectors/tx-08.bin",
            "formal/pon-nakamoto-v1/vectors/tx-09.bin",
            "formal/pon-nakamoto-v1/vectors/tx-10.bin",
            "formal/pon-nakamoto-v1/vectors/tx-11.bin",
            "formal/pon-nakamoto-v1/vectors/tx-12.bin",
            "formal/pon-nakamoto-v1/vectors/tx-bad-length.bin",
            "formal/pon-nakamoto-v1/vectors/tx-short.bin",
            "formal/pon-nakamoto-v1/vectors/tx-trailing.bin",
            "formal/pon-nakamoto-v1/vectors/tx-unknown.bin",
            "formal/pon-nakamoto-v1/vectors/tx-zero-nonce.bin",
            "formal/pon-nakamoto-v1/vectors/work.bin",
            "trillionnium/Cargo.lock",
            "trillionnium/crates/trnm-crypto-primitives/src/lib.rs",
            "trillionnium/crates/trnm-mvcc-fee/Cargo.toml",
            "trillionnium/crates/trnm-mvcc-fee/src/lib.rs",
            "trillionnium/crates/trnm-protocol/src/pon_wire.rs",
            "trillionnium/crates/trnm-transport/Cargo.toml",
            "trillionnium/crates/trnm-transport/src/lib.rs"
          ],
          "changed_subjects": [
            "config/pon/devnet-v1.json",
            "config/pon/ledger-v1.json",
            "formal/pon-nakamoto-v1/ledger.py"
          ],
          "complete_recorded_runtime_matches": false,
          "current_regression_support": false,
          "manifest": "evidence/pon-v1/manifest.json",
          "measured_commit": "8b87fee77ddee6a9778e8bebe880ba2627b05d5d",
          "measured_tree": null,
          "observed_selectors": [],
          "reexecuted_now": false,
          "runtime_inventory_added": [
            "formal/pon-nakamoto-v1/bounded_process.py",
            "formal/pon-nakamoto-v1/evaluation.py",
            "formal/pon-nakamoto-v1/evaluation_bundle.py",
            "formal/pon-nakamoto-v1/experiments/evaluation_host_parity.py",
            "formal/pon-nakamoto-v1/experiments/executor_comparison.py",
            "formal/pon-nakamoto-v1/experiments/learning_cycles.py",
            "formal/pon-nakamoto-v1/experiments/long_history.py",
            "formal/pon-nakamoto-v1/experiments/multihost_campaign.py",
            "formal/pon-nakamoto-v1/experiments/native_host_parity.py",
            "formal/pon-nakamoto-v1/experiments/parallel_cost.py",
            "formal/pon-nakamoto-v1/experiments/remote_peer.py",
            "formal/pon-nakamoto-v1/generate_accepted_block.py",
            "formal/pon-nakamoto-v1/inference_receipt.py",
            "formal/pon-nakamoto-v1/model_contract.py",
            "formal/pon-nakamoto-v1/native_execution.py",
            "formal/pon-nakamoto-v1/strict_signature.py",
            "formal/pon-nakamoto-v1/test_artifacts.py",
            "formal/pon-nakamoto-v1/test_bounded_process.py",
            "formal/pon-nakamoto-v1/test_evaluation.py",
            "formal/pon-nakamoto-v1/test_evaluation_bundle.py",
            "formal/pon-nakamoto-v1/test_inference_receipt.py",
            "formal/pon-nakamoto-v1/test_invariants.py",
            "formal/pon-nakamoto-v1/test_model_contract.py",
            "formal/pon-nakamoto-v1/test_native_execution.py",
            "formal/pon-nakamoto-v1/test_strict_signature.py",
            "formal/pon-nakamoto-v1/test_work_backend.py",
            "formal/pon-nakamoto-v1/vectors/accepted-block/expected.json",
            "formal/pon-nakamoto-v1/vectors/accepted-block/genesis-state.json",
            "formal/pon-nakamoto-v1/vectors/accepted-block/header.bin",
            "formal/pon-nakamoto-v1/vectors/accepted-block/post-state.json",
            "formal/pon-nakamoto-v1/vectors/accepted-block/transaction.bin",
            "formal/pon-nakamoto-v1/vectors/accepted-block/work.bin",
            "formal/pon-nakamoto-v1/work_backend.py",
            "trillionnium/crates/trnm-crypto-primitives/examples/pon_adversarial_cost.rs",
            "trillionnium/crates/trnm-crypto-primitives/examples/pon_work_io.rs",
            "trillionnium/crates/trnm-mvcc-fee/examples/pon_execute.rs",
            "trillionnium/crates/trnm-mvcc-fee/src/pon_executor.rs",
            "trillionnium/crates/trnm-transport/examples/pon_admission_load.rs",
            "trillionnium/crates/trnm-transport/src/proof_admission.rs"
          ],
          "runtime_inventory_removed": [],
          "scope": "Original revision1 work, ledger, model and loopback experiments; historical only.",
          "source_binding_commit": "5d59b9540268914794a62e8fa237caf999499314",
          "subject_bytes_match": false,
          "unobserved_selectors": [
            "formal/pon-nakamoto-v1/test_contracts.py::DiskReorgTests.test_every_reorg_process_crash_cut_recovers_exactly",
            "formal/pon-nakamoto-v1/test_invariants.py::RestartForkTests.test_admitted_before_activation_is_selected_on_restart"
          ],
          "unrecorded_subjects": []
        },
        "v3": {
          "artifact_integrity_verified": true,
          "changed_runtime_inputs": [
            "formal/pon-nakamoto-v1/evaluation.py",
            "formal/pon-nakamoto-v1/experiments/learning_cycles.py",
            "formal/pon-nakamoto-v1/experiments/model_loop.py",
            "formal/pon-nakamoto-v1/experiments/run_campaign.py",
            "formal/pon-nakamoto-v1/experiments/settle_model.py",
            "formal/pon-nakamoto-v1/inference_receipt.py",
            "formal/pon-nakamoto-v1/model_contract.py",
            "formal/pon-nakamoto-v1/test_evaluation.py",
            "formal/pon-nakamoto-v1/test_inference_receipt.py",
            "formal/pon-nakamoto-v1/test_native_execution.py",
            "trillionnium/crates/trnm-mvcc-fee/examples/pon_execute.rs",
            "trillionnium/crates/trnm-mvcc-fee/src/pon_executor.rs"
          ],
          "changed_subjects": [],
          "complete_recorded_runtime_matches": false,
          "current_regression_support": false,
          "manifest": "evidence/pon-v3/manifest.json",
          "measured_commit": "242906bae4f281c738c60adbd2c053d2ded1eae5",
          "measured_tree": "160cc493ab4cfb7f3f8c26b2d1621691a0c49502",
          "observed_selectors": [
            "formal/pon-nakamoto-v1/test_contracts.py::DiskReorgTests.test_every_reorg_process_crash_cut_recovers_exactly",
            "formal/pon-nakamoto-v1/test_invariants.py::RestartForkTests.test_admitted_before_activation_is_selected_on_restart"
          ],
          "reexecuted_now": false,
          "runtime_inventory_added": [
            "formal/pon-nakamoto-v1/evaluation_bundle.py",
            "formal/pon-nakamoto-v1/experiments/evaluation_host_parity.py",
            "formal/pon-nakamoto-v1/experiments/executor_comparison.py",
            "formal/pon-nakamoto-v1/experiments/native_host_parity.py",
            "formal/pon-nakamoto-v1/test_evaluation_bundle.py"
          ],
          "runtime_inventory_removed": [],
          "scope": "Recorded native/reference invariants, long history, work costs and same-admin host campaigns.",
          "source_binding_commit": "242906bae4f281c738c60adbd2c053d2ded1eae5",
          "subject_bytes_match": true,
          "unobserved_selectors": [],
          "unrecorded_subjects": []
        },
        "v4": {
          "artifact_integrity_verified": true,
          "changed_runtime_inputs": [
            "formal/pon-nakamoto-v1/evaluation.py",
            "formal/pon-nakamoto-v1/experiments/learning_cycles.py",
            "formal/pon-nakamoto-v1/experiments/model_loop.py",
            "formal/pon-nakamoto-v1/experiments/run_campaign.py",
            "formal/pon-nakamoto-v1/experiments/settle_model.py",
            "formal/pon-nakamoto-v1/inference_receipt.py",
            "formal/pon-nakamoto-v1/model_contract.py",
            "formal/pon-nakamoto-v1/test_evaluation.py",
            "formal/pon-nakamoto-v1/test_inference_receipt.py"
          ],
          "changed_subjects": [],
          "complete_recorded_runtime_matches": false,
          "current_regression_support": false,
          "manifest": "evidence/pon-v4/manifest.json",
          "measured_commit": "30b85c34d1be404dcccd9f415286bb43b00f64ea",
          "measured_tree": "4ee1a9d265f09871b0f167d2a5be77ca4b9839c0",
          "observed_selectors": [
            "formal/pon-nakamoto-v1/test_contracts.py::DiskReorgTests.test_every_reorg_process_crash_cut_recovers_exactly",
            "formal/pon-nakamoto-v1/test_invariants.py::RestartForkTests.test_admitted_before_activation_is_selected_on_restart"
          ],
          "reexecuted_now": false,
          "runtime_inventory_added": [
            "formal/pon-nakamoto-v1/evaluation_bundle.py",
            "formal/pon-nakamoto-v1/experiments/evaluation_host_parity.py",
            "formal/pon-nakamoto-v1/test_evaluation_bundle.py"
          ],
          "runtime_inventory_removed": [],
          "scope": "Block-scoped native comparison and same-admin binary parity; no public TPS.",
          "source_binding_commit": "30b85c34d1be404dcccd9f415286bb43b00f64ea",
          "subject_bytes_match": true,
          "unobserved_selectors": [],
          "unrecorded_subjects": []
        }
      },
      "persistence_owner": {
        "path": "formal/pon-nakamoto-v1/ledger.py",
        "symbol": "Ledger"
      },
      "remaining": "Physical power loss, native long runs and external-effect compensation remain unaccepted.",
      "runtime_symbols": [
        {
          "path": "formal/pon-nakamoto-v1/ledger.py",
          "symbol": "Ledger._recover_intent"
        },
        {
          "path": "formal/pon-nakamoto-v1/ledger.py",
          "symbol": "Ledger.recover"
        }
      ]
    },
    {
      "backend": "Bounded non-executable 64KiB integer-model loader",
      "controlled_entrypoint": {
        "path": "formal/pon-nakamoto-v1/model_contract.py",
        "symbol": "load_model"
      },
      "evidence_selectors": [
        "formal/pon-nakamoto-v1/test_artifacts.py::ArtifactBindingTests.test_exact_expected_artifact_not_mutable_path",
        "formal/pon-nakamoto-v1/test_artifacts.py::ArtifactBindingTests.test_loader_size_is_bounded_before_json_decode"
      ],
      "implementation_kind": "pure-component",
      "module": "M09",
      "operation": "M09.ValidateArtifact",
      "ordinary_product_entrypoint": null,
      "packages": {
        "e3": {
          "artifact_integrity_verified": true,
          "changed_runtime_inputs": [],
          "changed_subjects": [],
          "complete_recorded_runtime_matches": true,
          "current_regression_support": true,
          "manifest": "evidence/pon-evaluation-bundle-v1/manifest.json",
          "measured_commit": "50e158640d8278ca94dbecb6539dab96c6a9fb84",
          "measured_tree": "d61a69d3433db127019924d269bf25ded3aecf60",
          "observed_selectors": [
            "formal/pon-nakamoto-v1/test_artifacts.py::ArtifactBindingTests.test_exact_expected_artifact_not_mutable_path",
            "formal/pon-nakamoto-v1/test_artifacts.py::ArtifactBindingTests.test_loader_size_is_bounded_before_json_decode"
          ],
          "reexecuted_now": false,
          "runtime_inventory_added": [],
          "runtime_inventory_removed": [],
          "scope": "Sealed evaluation and full consent; actual zero adoption/reward and same-admin evaluator parity.",
          "source_binding_commit": "50e158640d8278ca94dbecb6539dab96c6a9fb84",
          "subject_bytes_match": true,
          "unobserved_selectors": [],
          "unrecorded_subjects": []
        },
        "v1": {
          "artifact_integrity_verified": true,
          "changed_runtime_inputs": [
            "config/pon/devnet-v1.json",
            "config/pon/ledger-v1.json",
            "formal/pon-nakamoto-v1/experiments/local_network.py",
            "formal/pon-nakamoto-v1/experiments/model_loop.py",
            "formal/pon-nakamoto-v1/experiments/run_campaign.py",
            "formal/pon-nakamoto-v1/experiments/settle_model.py",
            "formal/pon-nakamoto-v1/ledger.py",
            "formal/pon-nakamoto-v1/test_contracts.py",
            "formal/pon-nakamoto-v1/vectors/expected.json",
            "formal/pon-nakamoto-v1/vectors/header-short.bin",
            "formal/pon-nakamoto-v1/vectors/header-trailing.bin",
            "formal/pon-nakamoto-v1/vectors/header-version.bin",
            "formal/pon-nakamoto-v1/vectors/header.bin",
            "formal/pon-nakamoto-v1/vectors/tx-01.bin",
            "formal/pon-nakamoto-v1/vectors/tx-02.bin",
            "formal/pon-nakamoto-v1/vectors/tx-03.bin",
            "formal/pon-nakamoto-v1/vectors/tx-04.bin",
            "formal/pon-nakamoto-v1/vectors/tx-05.bin",
            "formal/pon-nakamoto-v1/vectors/tx-06.bin",
            "formal/pon-nakamoto-v1/vectors/tx-07.bin",
            "formal/pon-nakamoto-v1/vectors/tx-08.bin",
            "formal/pon-nakamoto-v1/vectors/tx-09.bin",
            "formal/pon-nakamoto-v1/vectors/tx-10.bin",
            "formal/pon-nakamoto-v1/vectors/tx-11.bin",
            "formal/pon-nakamoto-v1/vectors/tx-12.bin",
            "formal/pon-nakamoto-v1/vectors/tx-bad-length.bin",
            "formal/pon-nakamoto-v1/vectors/tx-short.bin",
            "formal/pon-nakamoto-v1/vectors/tx-trailing.bin",
            "formal/pon-nakamoto-v1/vectors/tx-unknown.bin",
            "formal/pon-nakamoto-v1/vectors/tx-zero-nonce.bin",
            "formal/pon-nakamoto-v1/vectors/work.bin",
            "trillionnium/Cargo.lock",
            "trillionnium/crates/trnm-crypto-primitives/src/lib.rs",
            "trillionnium/crates/trnm-mvcc-fee/Cargo.toml",
            "trillionnium/crates/trnm-mvcc-fee/src/lib.rs",
            "trillionnium/crates/trnm-protocol/src/pon_wire.rs",
            "trillionnium/crates/trnm-transport/Cargo.toml",
            "trillionnium/crates/trnm-transport/src/lib.rs"
          ],
          "changed_subjects": [
            "config/pon/devnet-v1.json",
            "config/pon/ledger-v1.json"
          ],
          "complete_recorded_runtime_matches": false,
          "current_regression_support": false,
          "manifest": "evidence/pon-v1/manifest.json",
          "measured_commit": "8b87fee77ddee6a9778e8bebe880ba2627b05d5d",
          "measured_tree": null,
          "observed_selectors": [],
          "reexecuted_now": false,
          "runtime_inventory_added": [
            "formal/pon-nakamoto-v1/bounded_process.py",
            "formal/pon-nakamoto-v1/evaluation.py",
            "formal/pon-nakamoto-v1/evaluation_bundle.py",
            "formal/pon-nakamoto-v1/experiments/evaluation_host_parity.py",
            "formal/pon-nakamoto-v1/experiments/executor_comparison.py",
            "formal/pon-nakamoto-v1/experiments/learning_cycles.py",
            "formal/pon-nakamoto-v1/experiments/long_history.py",
            "formal/pon-nakamoto-v1/experiments/multihost_campaign.py",
            "formal/pon-nakamoto-v1/experiments/native_host_parity.py",
            "formal/pon-nakamoto-v1/experiments/parallel_cost.py",
            "formal/pon-nakamoto-v1/experiments/remote_peer.py",
            "formal/pon-nakamoto-v1/generate_accepted_block.py",
            "formal/pon-nakamoto-v1/inference_receipt.py",
            "formal/pon-nakamoto-v1/model_contract.py",
            "formal/pon-nakamoto-v1/native_execution.py",
            "formal/pon-nakamoto-v1/strict_signature.py",
            "formal/pon-nakamoto-v1/test_artifacts.py",
            "formal/pon-nakamoto-v1/test_bounded_process.py",
            "formal/pon-nakamoto-v1/test_evaluation.py",
            "formal/pon-nakamoto-v1/test_evaluation_bundle.py",
            "formal/pon-nakamoto-v1/test_inference_receipt.py",
            "formal/pon-nakamoto-v1/test_invariants.py",
            "formal/pon-nakamoto-v1/test_model_contract.py",
            "formal/pon-nakamoto-v1/test_native_execution.py",
            "formal/pon-nakamoto-v1/test_strict_signature.py",
            "formal/pon-nakamoto-v1/test_work_backend.py",
            "formal/pon-nakamoto-v1/vectors/accepted-block/expected.json",
            "formal/pon-nakamoto-v1/vectors/accepted-block/genesis-state.json",
            "formal/pon-nakamoto-v1/vectors/accepted-block/header.bin",
            "formal/pon-nakamoto-v1/vectors/accepted-block/post-state.json",
            "formal/pon-nakamoto-v1/vectors/accepted-block/transaction.bin",
            "formal/pon-nakamoto-v1/vectors/accepted-block/work.bin",
            "formal/pon-nakamoto-v1/work_backend.py",
            "trillionnium/crates/trnm-crypto-primitives/examples/pon_adversarial_cost.rs",
            "trillionnium/crates/trnm-crypto-primitives/examples/pon_work_io.rs",
            "trillionnium/crates/trnm-mvcc-fee/examples/pon_execute.rs",
            "trillionnium/crates/trnm-mvcc-fee/src/pon_executor.rs",
            "trillionnium/crates/trnm-transport/examples/pon_admission_load.rs",
            "trillionnium/crates/trnm-transport/src/proof_admission.rs"
          ],
          "runtime_inventory_removed": [],
          "scope": "Original revision1 work, ledger, model and loopback experiments; historical only.",
          "source_binding_commit": "5d59b9540268914794a62e8fa237caf999499314",
          "subject_bytes_match": false,
          "unobserved_selectors": [
            "formal/pon-nakamoto-v1/test_artifacts.py::ArtifactBindingTests.test_exact_expected_artifact_not_mutable_path",
            "formal/pon-nakamoto-v1/test_artifacts.py::ArtifactBindingTests.test_loader_size_is_bounded_before_json_decode"
          ],
          "unrecorded_subjects": [
            "formal/pon-nakamoto-v1/model_contract.py"
          ]
        },
        "v3": {
          "artifact_integrity_verified": true,
          "changed_runtime_inputs": [
            "formal/pon-nakamoto-v1/evaluation.py",
            "formal/pon-nakamoto-v1/experiments/learning_cycles.py",
            "formal/pon-nakamoto-v1/experiments/model_loop.py",
            "formal/pon-nakamoto-v1/experiments/run_campaign.py",
            "formal/pon-nakamoto-v1/experiments/settle_model.py",
            "formal/pon-nakamoto-v1/inference_receipt.py",
            "formal/pon-nakamoto-v1/model_contract.py",
            "formal/pon-nakamoto-v1/test_evaluation.py",
            "formal/pon-nakamoto-v1/test_inference_receipt.py",
            "formal/pon-nakamoto-v1/test_native_execution.py",
            "trillionnium/crates/trnm-mvcc-fee/examples/pon_execute.rs",
            "trillionnium/crates/trnm-mvcc-fee/src/pon_executor.rs"
          ],
          "changed_subjects": [
            "formal/pon-nakamoto-v1/model_contract.py"
          ],
          "complete_recorded_runtime_matches": false,
          "current_regression_support": false,
          "manifest": "evidence/pon-v3/manifest.json",
          "measured_commit": "242906bae4f281c738c60adbd2c053d2ded1eae5",
          "measured_tree": "160cc493ab4cfb7f3f8c26b2d1621691a0c49502",
          "observed_selectors": [
            "formal/pon-nakamoto-v1/test_artifacts.py::ArtifactBindingTests.test_exact_expected_artifact_not_mutable_path",
            "formal/pon-nakamoto-v1/test_artifacts.py::ArtifactBindingTests.test_loader_size_is_bounded_before_json_decode"
          ],
          "reexecuted_now": false,
          "runtime_inventory_added": [
            "formal/pon-nakamoto-v1/evaluation_bundle.py",
            "formal/pon-nakamoto-v1/experiments/evaluation_host_parity.py",
            "formal/pon-nakamoto-v1/experiments/executor_comparison.py",
            "formal/pon-nakamoto-v1/experiments/native_host_parity.py",
            "formal/pon-nakamoto-v1/test_evaluation_bundle.py"
          ],
          "runtime_inventory_removed": [],
          "scope": "Recorded native/reference invariants, long history, work costs and same-admin host campaigns.",
          "source_binding_commit": "242906bae4f281c738c60adbd2c053d2ded1eae5",
          "subject_bytes_match": false,
          "unobserved_selectors": [],
          "unrecorded_subjects": []
        },
        "v4": {
          "artifact_integrity_verified": true,
          "changed_runtime_inputs": [
            "formal/pon-nakamoto-v1/evaluation.py",
            "formal/pon-nakamoto-v1/experiments/learning_cycles.py",
            "formal/pon-nakamoto-v1/experiments/model_loop.py",
            "formal/pon-nakamoto-v1/experiments/run_campaign.py",
            "formal/pon-nakamoto-v1/experiments/settle_model.py",
            "formal/pon-nakamoto-v1/inference_receipt.py",
            "formal/pon-nakamoto-v1/model_contract.py",
            "formal/pon-nakamoto-v1/test_evaluation.py",
            "formal/pon-nakamoto-v1/test_inference_receipt.py"
          ],
          "changed_subjects": [
            "formal/pon-nakamoto-v1/model_contract.py"
          ],
          "complete_recorded_runtime_matches": false,
          "current_regression_support": false,
          "manifest": "evidence/pon-v4/manifest.json",
          "measured_commit": "30b85c34d1be404dcccd9f415286bb43b00f64ea",
          "measured_tree": "4ee1a9d265f09871b0f167d2a5be77ca4b9839c0",
          "observed_selectors": [
            "formal/pon-nakamoto-v1/test_artifacts.py::ArtifactBindingTests.test_exact_expected_artifact_not_mutable_path",
            "formal/pon-nakamoto-v1/test_artifacts.py::ArtifactBindingTests.test_loader_size_is_bounded_before_json_decode"
          ],
          "reexecuted_now": false,
          "runtime_inventory_added": [
            "formal/pon-nakamoto-v1/evaluation_bundle.py",
            "formal/pon-nakamoto-v1/experiments/evaluation_host_parity.py",
            "formal/pon-nakamoto-v1/test_evaluation_bundle.py"
          ],
          "runtime_inventory_removed": [],
          "scope": "Block-scoped native comparison and same-admin binary parity; no public TPS.",
          "source_binding_commit": "30b85c34d1be404dcccd9f415286bb43b00f64ea",
          "subject_bytes_match": false,
          "unobserved_selectors": [],
          "unrecorded_subjects": []
        }
      },
      "persistence_owner": null,
      "remaining": "Not arbitrary large-model loading, model provenance or a public export grant.",
      "runtime_symbols": [
        {
          "path": "formal/pon-nakamoto-v1/model_contract.py",
          "symbol": "load_model_bytes"
        }
      ]
    },
    {
      "backend": "Controlled verified-copy experiment only",
      "controlled_entrypoint": {
        "path": "formal/pon-nakamoto-v1/experiments/settle_model.py",
        "symbol": "run"
      },
      "evidence_selectors": [],
      "implementation_kind": "controlled-experiment",
      "module": "M09",
      "operation": "M09.FetchWithoutAuthor",
      "ordinary_product_entrypoint": null,
      "packages": {
        "e3": {
          "artifact_integrity_verified": true,
          "changed_runtime_inputs": [],
          "changed_subjects": [],
          "complete_recorded_runtime_matches": true,
          "current_regression_support": false,
          "manifest": "evidence/pon-evaluation-bundle-v1/manifest.json",
          "measured_commit": "50e158640d8278ca94dbecb6539dab96c6a9fb84",
          "measured_tree": "d61a69d3433db127019924d269bf25ded3aecf60",
          "observed_selectors": [],
          "reexecuted_now": false,
          "runtime_inventory_added": [],
          "runtime_inventory_removed": [],
          "scope": "Sealed evaluation and full consent; actual zero adoption/reward and same-admin evaluator parity.",
          "source_binding_commit": "50e158640d8278ca94dbecb6539dab96c6a9fb84",
          "subject_bytes_match": true,
          "unobserved_selectors": [],
          "unrecorded_subjects": []
        },
        "v1": {
          "artifact_integrity_verified": true,
          "changed_runtime_inputs": [
            "config/pon/devnet-v1.json",
            "config/pon/ledger-v1.json",
            "formal/pon-nakamoto-v1/experiments/local_network.py",
            "formal/pon-nakamoto-v1/experiments/model_loop.py",
            "formal/pon-nakamoto-v1/experiments/run_campaign.py",
            "formal/pon-nakamoto-v1/experiments/settle_model.py",
            "formal/pon-nakamoto-v1/ledger.py",
            "formal/pon-nakamoto-v1/test_contracts.py",
            "formal/pon-nakamoto-v1/vectors/expected.json",
            "formal/pon-nakamoto-v1/vectors/header-short.bin",
            "formal/pon-nakamoto-v1/vectors/header-trailing.bin",
            "formal/pon-nakamoto-v1/vectors/header-version.bin",
            "formal/pon-nakamoto-v1/vectors/header.bin",
            "formal/pon-nakamoto-v1/vectors/tx-01.bin",
            "formal/pon-nakamoto-v1/vectors/tx-02.bin",
            "formal/pon-nakamoto-v1/vectors/tx-03.bin",
            "formal/pon-nakamoto-v1/vectors/tx-04.bin",
            "formal/pon-nakamoto-v1/vectors/tx-05.bin",
            "formal/pon-nakamoto-v1/vectors/tx-06.bin",
            "formal/pon-nakamoto-v1/vectors/tx-07.bin",
            "formal/pon-nakamoto-v1/vectors/tx-08.bin",
            "formal/pon-nakamoto-v1/vectors/tx-09.bin",
            "formal/pon-nakamoto-v1/vectors/tx-10.bin",
            "formal/pon-nakamoto-v1/vectors/tx-11.bin",
            "formal/pon-nakamoto-v1/vectors/tx-12.bin",
            "formal/pon-nakamoto-v1/vectors/tx-bad-length.bin",
            "formal/pon-nakamoto-v1/vectors/tx-short.bin",
            "formal/pon-nakamoto-v1/vectors/tx-trailing.bin",
            "formal/pon-nakamoto-v1/vectors/tx-unknown.bin",
            "formal/pon-nakamoto-v1/vectors/tx-zero-nonce.bin",
            "formal/pon-nakamoto-v1/vectors/work.bin",
            "trillionnium/Cargo.lock",
            "trillionnium/crates/trnm-crypto-primitives/src/lib.rs",
            "trillionnium/crates/trnm-mvcc-fee/Cargo.toml",
            "trillionnium/crates/trnm-mvcc-fee/src/lib.rs",
            "trillionnium/crates/trnm-protocol/src/pon_wire.rs",
            "trillionnium/crates/trnm-transport/Cargo.toml",
            "trillionnium/crates/trnm-transport/src/lib.rs"
          ],
          "changed_subjects": [
            "config/pon/devnet-v1.json",
            "config/pon/ledger-v1.json",
            "formal/pon-nakamoto-v1/experiments/settle_model.py"
          ],
          "complete_recorded_runtime_matches": false,
          "current_regression_support": false,
          "manifest": "evidence/pon-v1/manifest.json",
          "measured_commit": "8b87fee77ddee6a9778e8bebe880ba2627b05d5d",
          "measured_tree": null,
          "observed_selectors": [],
          "reexecuted_now": false,
          "runtime_inventory_added": [
            "formal/pon-nakamoto-v1/bounded_process.py",
            "formal/pon-nakamoto-v1/evaluation.py",
            "formal/pon-nakamoto-v1/evaluation_bundle.py",
            "formal/pon-nakamoto-v1/experiments/evaluation_host_parity.py",
            "formal/pon-nakamoto-v1/experiments/executor_comparison.py",
            "formal/pon-nakamoto-v1/experiments/learning_cycles.py",
            "formal/pon-nakamoto-v1/experiments/long_history.py",
            "formal/pon-nakamoto-v1/experiments/multihost_campaign.py",
            "formal/pon-nakamoto-v1/experiments/native_host_parity.py",
            "formal/pon-nakamoto-v1/experiments/parallel_cost.py",
            "formal/pon-nakamoto-v1/experiments/remote_peer.py",
            "formal/pon-nakamoto-v1/generate_accepted_block.py",
            "formal/pon-nakamoto-v1/inference_receipt.py",
            "formal/pon-nakamoto-v1/model_contract.py",
            "formal/pon-nakamoto-v1/native_execution.py",
            "formal/pon-nakamoto-v1/strict_signature.py",
            "formal/pon-nakamoto-v1/test_artifacts.py",
            "formal/pon-nakamoto-v1/test_bounded_process.py",
            "formal/pon-nakamoto-v1/test_evaluation.py",
            "formal/pon-nakamoto-v1/test_evaluation_bundle.py",
            "formal/pon-nakamoto-v1/test_inference_receipt.py",
            "formal/pon-nakamoto-v1/test_invariants.py",
            "formal/pon-nakamoto-v1/test_model_contract.py",
            "formal/pon-nakamoto-v1/test_native_execution.py",
            "formal/pon-nakamoto-v1/test_strict_signature.py",
            "formal/pon-nakamoto-v1/test_work_backend.py",
            "formal/pon-nakamoto-v1/vectors/accepted-block/expected.json",
            "formal/pon-nakamoto-v1/vectors/accepted-block/genesis-state.json",
            "formal/pon-nakamoto-v1/vectors/accepted-block/header.bin",
            "formal/pon-nakamoto-v1/vectors/accepted-block/post-state.json",
            "formal/pon-nakamoto-v1/vectors/accepted-block/transaction.bin",
            "formal/pon-nakamoto-v1/vectors/accepted-block/work.bin",
            "formal/pon-nakamoto-v1/work_backend.py",
            "trillionnium/crates/trnm-crypto-primitives/examples/pon_adversarial_cost.rs",
            "trillionnium/crates/trnm-crypto-primitives/examples/pon_work_io.rs",
            "trillionnium/crates/trnm-mvcc-fee/examples/pon_execute.rs",
            "trillionnium/crates/trnm-mvcc-fee/src/pon_executor.rs",
            "trillionnium/crates/trnm-transport/examples/pon_admission_load.rs",
            "trillionnium/crates/trnm-transport/src/proof_admission.rs"
          ],
          "runtime_inventory_removed": [],
          "scope": "Original revision1 work, ledger, model and loopback experiments; historical only.",
          "source_binding_commit": "5d59b9540268914794a62e8fa237caf999499314",
          "subject_bytes_match": false,
          "unobserved_selectors": [],
          "unrecorded_subjects": []
        },
        "v3": {
          "artifact_integrity_verified": true,
          "changed_runtime_inputs": [
            "formal/pon-nakamoto-v1/evaluation.py",
            "formal/pon-nakamoto-v1/experiments/learning_cycles.py",
            "formal/pon-nakamoto-v1/experiments/model_loop.py",
            "formal/pon-nakamoto-v1/experiments/run_campaign.py",
            "formal/pon-nakamoto-v1/experiments/settle_model.py",
            "formal/pon-nakamoto-v1/inference_receipt.py",
            "formal/pon-nakamoto-v1/model_contract.py",
            "formal/pon-nakamoto-v1/test_evaluation.py",
            "formal/pon-nakamoto-v1/test_inference_receipt.py",
            "formal/pon-nakamoto-v1/test_native_execution.py",
            "trillionnium/crates/trnm-mvcc-fee/examples/pon_execute.rs",
            "trillionnium/crates/trnm-mvcc-fee/src/pon_executor.rs"
          ],
          "changed_subjects": [
            "formal/pon-nakamoto-v1/experiments/settle_model.py"
          ],
          "complete_recorded_runtime_matches": false,
          "current_regression_support": false,
          "manifest": "evidence/pon-v3/manifest.json",
          "measured_commit": "242906bae4f281c738c60adbd2c053d2ded1eae5",
          "measured_tree": "160cc493ab4cfb7f3f8c26b2d1621691a0c49502",
          "observed_selectors": [],
          "reexecuted_now": false,
          "runtime_inventory_added": [
            "formal/pon-nakamoto-v1/evaluation_bundle.py",
            "formal/pon-nakamoto-v1/experiments/evaluation_host_parity.py",
            "formal/pon-nakamoto-v1/experiments/executor_comparison.py",
            "formal/pon-nakamoto-v1/experiments/native_host_parity.py",
            "formal/pon-nakamoto-v1/test_evaluation_bundle.py"
          ],
          "runtime_inventory_removed": [],
          "scope": "Recorded native/reference invariants, long history, work costs and same-admin host campaigns.",
          "source_binding_commit": "242906bae4f281c738c60adbd2c053d2ded1eae5",
          "subject_bytes_match": false,
          "unobserved_selectors": [],
          "unrecorded_subjects": []
        },
        "v4": {
          "artifact_integrity_verified": true,
          "changed_runtime_inputs": [
            "formal/pon-nakamoto-v1/evaluation.py",
            "formal/pon-nakamoto-v1/experiments/learning_cycles.py",
            "formal/pon-nakamoto-v1/experiments/model_loop.py",
            "formal/pon-nakamoto-v1/experiments/run_campaign.py",
            "formal/pon-nakamoto-v1/experiments/settle_model.py",
            "formal/pon-nakamoto-v1/inference_receipt.py",
            "formal/pon-nakamoto-v1/model_contract.py",
            "formal/pon-nakamoto-v1/test_evaluation.py",
            "formal/pon-nakamoto-v1/test_inference_receipt.py"
          ],
          "changed_subjects": [
            "formal/pon-nakamoto-v1/experiments/settle_model.py"
          ],
          "complete_recorded_runtime_matches": false,
          "current_regression_support": false,
          "manifest": "evidence/pon-v4/manifest.json",
          "measured_commit": "30b85c34d1be404dcccd9f415286bb43b00f64ea",
          "measured_tree": "4ee1a9d265f09871b0f167d2a5be77ca4b9839c0",
          "observed_selectors": [],
          "reexecuted_now": false,
          "runtime_inventory_added": [
            "formal/pon-nakamoto-v1/evaluation_bundle.py",
            "formal/pon-nakamoto-v1/experiments/evaluation_host_parity.py",
            "formal/pon-nakamoto-v1/test_evaluation_bundle.py"
          ],
          "runtime_inventory_removed": [],
          "scope": "Block-scoped native comparison and same-admin binary parity; no public TPS.",
          "source_binding_commit": "30b85c34d1be404dcccd9f415286bb43b00f64ea",
          "subject_bytes_match": false,
          "unobserved_selectors": [],
          "unrecorded_subjects": []
        }
      },
      "persistence_owner": null,
      "remaining": "Current zero-adoption E3 run is not a new author-loss/DA campaign; use historical artifacts for their actual scope. Independent long-term custodians and repair remain open.",
      "runtime_symbols": [
        {
          "path": "formal/pon-nakamoto-v1/experiments/settle_model.py",
          "symbol": "run"
        }
      ]
    },
    {
      "backend": "Native signed contribution command and Python reference",
      "controlled_entrypoint": {
        "path": "formal/pon-nakamoto-v1/native_execution.py",
        "symbol": "execute_native"
      },
      "evidence_selectors": [
        "formal/pon-nakamoto-v1/test_invariants.py::CandidateWindowTests.test_round_is_part_of_contribution_and_signature_identity",
        "formal/pon-nakamoto-v1/test_native_execution.py::NativeExecutionTests.test_native_round_boundary_retires_history_and_rejects_old_signature"
      ],
      "implementation_kind": "native-component-with-reference-caller",
      "module": "M10",
      "operation": "M10.SubmitContribution",
      "ordinary_product_entrypoint": null,
      "packages": {
        "e3": {
          "artifact_integrity_verified": true,
          "changed_runtime_inputs": [],
          "changed_subjects": [],
          "complete_recorded_runtime_matches": true,
          "current_regression_support": true,
          "manifest": "evidence/pon-evaluation-bundle-v1/manifest.json",
          "measured_commit": "50e158640d8278ca94dbecb6539dab96c6a9fb84",
          "measured_tree": "d61a69d3433db127019924d269bf25ded3aecf60",
          "observed_selectors": [
            "formal/pon-nakamoto-v1/test_invariants.py::CandidateWindowTests.test_round_is_part_of_contribution_and_signature_identity",
            "formal/pon-nakamoto-v1/test_native_execution.py::NativeExecutionTests.test_native_round_boundary_retires_history_and_rejects_old_signature"
          ],
          "reexecuted_now": false,
          "runtime_inventory_added": [],
          "runtime_inventory_removed": [],
          "scope": "Sealed evaluation and full consent; actual zero adoption/reward and same-admin evaluator parity.",
          "source_binding_commit": "50e158640d8278ca94dbecb6539dab96c6a9fb84",
          "subject_bytes_match": true,
          "unobserved_selectors": [],
          "unrecorded_subjects": []
        },
        "v1": {
          "artifact_integrity_verified": true,
          "changed_runtime_inputs": [
            "config/pon/devnet-v1.json",
            "config/pon/ledger-v1.json",
            "formal/pon-nakamoto-v1/experiments/local_network.py",
            "formal/pon-nakamoto-v1/experiments/model_loop.py",
            "formal/pon-nakamoto-v1/experiments/run_campaign.py",
            "formal/pon-nakamoto-v1/experiments/settle_model.py",
            "formal/pon-nakamoto-v1/ledger.py",
            "formal/pon-nakamoto-v1/test_contracts.py",
            "formal/pon-nakamoto-v1/vectors/expected.json",
            "formal/pon-nakamoto-v1/vectors/header-short.bin",
            "formal/pon-nakamoto-v1/vectors/header-trailing.bin",
            "formal/pon-nakamoto-v1/vectors/header-version.bin",
            "formal/pon-nakamoto-v1/vectors/header.bin",
            "formal/pon-nakamoto-v1/vectors/tx-01.bin",
            "formal/pon-nakamoto-v1/vectors/tx-02.bin",
            "formal/pon-nakamoto-v1/vectors/tx-03.bin",
            "formal/pon-nakamoto-v1/vectors/tx-04.bin",
            "formal/pon-nakamoto-v1/vectors/tx-05.bin",
            "formal/pon-nakamoto-v1/vectors/tx-06.bin",
            "formal/pon-nakamoto-v1/vectors/tx-07.bin",
            "formal/pon-nakamoto-v1/vectors/tx-08.bin",
            "formal/pon-nakamoto-v1/vectors/tx-09.bin",
            "formal/pon-nakamoto-v1/vectors/tx-10.bin",
            "formal/pon-nakamoto-v1/vectors/tx-11.bin",
            "formal/pon-nakamoto-v1/vectors/tx-12.bin",
            "formal/pon-nakamoto-v1/vectors/tx-bad-length.bin",
            "formal/pon-nakamoto-v1/vectors/tx-short.bin",
            "formal/pon-nakamoto-v1/vectors/tx-trailing.bin",
            "formal/pon-nakamoto-v1/vectors/tx-unknown.bin",
            "formal/pon-nakamoto-v1/vectors/tx-zero-nonce.bin",
            "formal/pon-nakamoto-v1/vectors/work.bin",
            "trillionnium/Cargo.lock",
            "trillionnium/crates/trnm-crypto-primitives/src/lib.rs",
            "trillionnium/crates/trnm-mvcc-fee/Cargo.toml",
            "trillionnium/crates/trnm-mvcc-fee/src/lib.rs",
            "trillionnium/crates/trnm-protocol/src/pon_wire.rs",
            "trillionnium/crates/trnm-transport/Cargo.toml",
            "trillionnium/crates/trnm-transport/src/lib.rs"
          ],
          "changed_subjects": [
            "config/pon/devnet-v1.json",
            "config/pon/ledger-v1.json",
            "formal/pon-nakamoto-v1/ledger.py"
          ],
          "complete_recorded_runtime_matches": false,
          "current_regression_support": false,
          "manifest": "evidence/pon-v1/manifest.json",
          "measured_commit": "8b87fee77ddee6a9778e8bebe880ba2627b05d5d",
          "measured_tree": null,
          "observed_selectors": [],
          "reexecuted_now": false,
          "runtime_inventory_added": [
            "formal/pon-nakamoto-v1/bounded_process.py",
            "formal/pon-nakamoto-v1/evaluation.py",
            "formal/pon-nakamoto-v1/evaluation_bundle.py",
            "formal/pon-nakamoto-v1/experiments/evaluation_host_parity.py",
            "formal/pon-nakamoto-v1/experiments/executor_comparison.py",
            "formal/pon-nakamoto-v1/experiments/learning_cycles.py",
            "formal/pon-nakamoto-v1/experiments/long_history.py",
            "formal/pon-nakamoto-v1/experiments/multihost_campaign.py",
            "formal/pon-nakamoto-v1/experiments/native_host_parity.py",
            "formal/pon-nakamoto-v1/experiments/parallel_cost.py",
            "formal/pon-nakamoto-v1/experiments/remote_peer.py",
            "formal/pon-nakamoto-v1/generate_accepted_block.py",
            "formal/pon-nakamoto-v1/inference_receipt.py",
            "formal/pon-nakamoto-v1/model_contract.py",
            "formal/pon-nakamoto-v1/native_execution.py",
            "formal/pon-nakamoto-v1/strict_signature.py",
            "formal/pon-nakamoto-v1/test_artifacts.py",
            "formal/pon-nakamoto-v1/test_bounded_process.py",
            "formal/pon-nakamoto-v1/test_evaluation.py",
            "formal/pon-nakamoto-v1/test_evaluation_bundle.py",
            "formal/pon-nakamoto-v1/test_inference_receipt.py",
            "formal/pon-nakamoto-v1/test_invariants.py",
            "formal/pon-nakamoto-v1/test_model_contract.py",
            "formal/pon-nakamoto-v1/test_native_execution.py",
            "formal/pon-nakamoto-v1/test_strict_signature.py",
            "formal/pon-nakamoto-v1/test_work_backend.py",
            "formal/pon-nakamoto-v1/vectors/accepted-block/expected.json",
            "formal/pon-nakamoto-v1/vectors/accepted-block/genesis-state.json",
            "formal/pon-nakamoto-v1/vectors/accepted-block/header.bin",
            "formal/pon-nakamoto-v1/vectors/accepted-block/post-state.json",
            "formal/pon-nakamoto-v1/vectors/accepted-block/transaction.bin",
            "formal/pon-nakamoto-v1/vectors/accepted-block/work.bin",
            "formal/pon-nakamoto-v1/work_backend.py",
            "trillionnium/crates/trnm-crypto-primitives/examples/pon_adversarial_cost.rs",
            "trillionnium/crates/trnm-crypto-primitives/examples/pon_work_io.rs",
            "trillionnium/crates/trnm-mvcc-fee/examples/pon_execute.rs",
            "trillionnium/crates/trnm-mvcc-fee/src/pon_executor.rs",
            "trillionnium/crates/trnm-transport/examples/pon_admission_load.rs",
            "trillionnium/crates/trnm-transport/src/proof_admission.rs"
          ],
          "runtime_inventory_removed": [],
          "scope": "Original revision1 work, ledger, model and loopback experiments; historical only.",
          "source_binding_commit": "5d59b9540268914794a62e8fa237caf999499314",
          "subject_bytes_match": false,
          "unobserved_selectors": [
            "formal/pon-nakamoto-v1/test_invariants.py::CandidateWindowTests.test_round_is_part_of_contribution_and_signature_identity",
            "formal/pon-nakamoto-v1/test_native_execution.py::NativeExecutionTests.test_native_round_boundary_retires_history_and_rejects_old_signature"
          ],
          "unrecorded_subjects": [
            "formal/pon-nakamoto-v1/native_execution.py",
            "trillionnium/crates/trnm-mvcc-fee/src/pon_executor.rs"
          ]
        },
        "v3": {
          "artifact_integrity_verified": true,
          "changed_runtime_inputs": [
            "formal/pon-nakamoto-v1/evaluation.py",
            "formal/pon-nakamoto-v1/experiments/learning_cycles.py",
            "formal/pon-nakamoto-v1/experiments/model_loop.py",
            "formal/pon-nakamoto-v1/experiments/run_campaign.py",
            "formal/pon-nakamoto-v1/experiments/settle_model.py",
            "formal/pon-nakamoto-v1/inference_receipt.py",
            "formal/pon-nakamoto-v1/model_contract.py",
            "formal/pon-nakamoto-v1/test_evaluation.py",
            "formal/pon-nakamoto-v1/test_inference_receipt.py",
            "formal/pon-nakamoto-v1/test_native_execution.py",
            "trillionnium/crates/trnm-mvcc-fee/examples/pon_execute.rs",
            "trillionnium/crates/trnm-mvcc-fee/src/pon_executor.rs"
          ],
          "changed_subjects": [
            "trillionnium/crates/trnm-mvcc-fee/src/pon_executor.rs"
          ],
          "complete_recorded_runtime_matches": false,
          "current_regression_support": false,
          "manifest": "evidence/pon-v3/manifest.json",
          "measured_commit": "242906bae4f281c738c60adbd2c053d2ded1eae5",
          "measured_tree": "160cc493ab4cfb7f3f8c26b2d1621691a0c49502",
          "observed_selectors": [
            "formal/pon-nakamoto-v1/test_invariants.py::CandidateWindowTests.test_round_is_part_of_contribution_and_signature_identity",
            "formal/pon-nakamoto-v1/test_native_execution.py::NativeExecutionTests.test_native_round_boundary_retires_history_and_rejects_old_signature"
          ],
          "reexecuted_now": false,
          "runtime_inventory_added": [
            "formal/pon-nakamoto-v1/evaluation_bundle.py",
            "formal/pon-nakamoto-v1/experiments/evaluation_host_parity.py",
            "formal/pon-nakamoto-v1/experiments/executor_comparison.py",
            "formal/pon-nakamoto-v1/experiments/native_host_parity.py",
            "formal/pon-nakamoto-v1/test_evaluation_bundle.py"
          ],
          "runtime_inventory_removed": [],
          "scope": "Recorded native/reference invariants, long history, work costs and same-admin host campaigns.",
          "source_binding_commit": "242906bae4f281c738c60adbd2c053d2ded1eae5",
          "subject_bytes_match": false,
          "unobserved_selectors": [],
          "unrecorded_subjects": []
        },
        "v4": {
          "artifact_integrity_verified": true,
          "changed_runtime_inputs": [
            "formal/pon-nakamoto-v1/evaluation.py",
            "formal/pon-nakamoto-v1/experiments/learning_cycles.py",
            "formal/pon-nakamoto-v1/experiments/model_loop.py",
            "formal/pon-nakamoto-v1/experiments/run_campaign.py",
            "formal/pon-nakamoto-v1/experiments/settle_model.py",
            "formal/pon-nakamoto-v1/inference_receipt.py",
            "formal/pon-nakamoto-v1/model_contract.py",
            "formal/pon-nakamoto-v1/test_evaluation.py",
            "formal/pon-nakamoto-v1/test_inference_receipt.py"
          ],
          "changed_subjects": [],
          "complete_recorded_runtime_matches": false,
          "current_regression_support": false,
          "manifest": "evidence/pon-v4/manifest.json",
          "measured_commit": "30b85c34d1be404dcccd9f415286bb43b00f64ea",
          "measured_tree": "4ee1a9d265f09871b0f167d2a5be77ca4b9839c0",
          "observed_selectors": [
            "formal/pon-nakamoto-v1/test_invariants.py::CandidateWindowTests.test_round_is_part_of_contribution_and_signature_identity",
            "formal/pon-nakamoto-v1/test_native_execution.py::NativeExecutionTests.test_native_round_boundary_retires_history_and_rejects_old_signature"
          ],
          "reexecuted_now": false,
          "runtime_inventory_added": [
            "formal/pon-nakamoto-v1/evaluation_bundle.py",
            "formal/pon-nakamoto-v1/experiments/evaluation_host_parity.py",
            "formal/pon-nakamoto-v1/test_evaluation_bundle.py"
          ],
          "runtime_inventory_removed": [],
          "scope": "Block-scoped native comparison and same-admin binary parity; no public TPS.",
          "source_binding_commit": "30b85c34d1be404dcccd9f415286bb43b00f64ea",
          "subject_bytes_match": true,
          "unobserved_selectors": [],
          "unrecorded_subjects": []
        }
      },
      "persistence_owner": null,
      "remaining": "Bounded windows are not public economic Sybil fairness or authentic task provenance.",
      "runtime_symbols": [
        {
          "path": "formal/pon-nakamoto-v1/ledger.py",
          "symbol": "execute_reference"
        },
        {
          "path": "trillionnium/crates/trnm-mvcc-fee/src/pon_executor.rs",
          "symbol": "execute"
        }
      ]
    },
    {
      "backend": "Native publication command with scored roots and reference oracle",
      "controlled_entrypoint": {
        "path": "formal/pon-nakamoto-v1/native_execution.py",
        "symbol": "execute_native"
      },
      "evidence_selectors": [
        "formal/pon-nakamoto-v1/test_native_execution.py::NativeExecutionTests.test_three_signed_release_generations_preserve_payout_and_retirement"
      ],
      "implementation_kind": "native-component-with-reference-caller",
      "module": "M10",
      "operation": "M10.PublishEvaluatedRelease",
      "ordinary_product_entrypoint": null,
      "packages": {
        "e3": {
          "artifact_integrity_verified": true,
          "changed_runtime_inputs": [],
          "changed_subjects": [],
          "complete_recorded_runtime_matches": true,
          "current_regression_support": true,
          "manifest": "evidence/pon-evaluation-bundle-v1/manifest.json",
          "measured_commit": "50e158640d8278ca94dbecb6539dab96c6a9fb84",
          "measured_tree": "d61a69d3433db127019924d269bf25ded3aecf60",
          "observed_selectors": [
            "formal/pon-nakamoto-v1/test_native_execution.py::NativeExecutionTests.test_three_signed_release_generations_preserve_payout_and_retirement"
          ],
          "reexecuted_now": false,
          "runtime_inventory_added": [],
          "runtime_inventory_removed": [],
          "scope": "Sealed evaluation and full consent; actual zero adoption/reward and same-admin evaluator parity.",
          "source_binding_commit": "50e158640d8278ca94dbecb6539dab96c6a9fb84",
          "subject_bytes_match": true,
          "unobserved_selectors": [],
          "unrecorded_subjects": []
        },
        "v1": {
          "artifact_integrity_verified": true,
          "changed_runtime_inputs": [
            "config/pon/devnet-v1.json",
            "config/pon/ledger-v1.json",
            "formal/pon-nakamoto-v1/experiments/local_network.py",
            "formal/pon-nakamoto-v1/experiments/model_loop.py",
            "formal/pon-nakamoto-v1/experiments/run_campaign.py",
            "formal/pon-nakamoto-v1/experiments/settle_model.py",
            "formal/pon-nakamoto-v1/ledger.py",
            "formal/pon-nakamoto-v1/test_contracts.py",
            "formal/pon-nakamoto-v1/vectors/expected.json",
            "formal/pon-nakamoto-v1/vectors/header-short.bin",
            "formal/pon-nakamoto-v1/vectors/header-trailing.bin",
            "formal/pon-nakamoto-v1/vectors/header-version.bin",
            "formal/pon-nakamoto-v1/vectors/header.bin",
            "formal/pon-nakamoto-v1/vectors/tx-01.bin",
            "formal/pon-nakamoto-v1/vectors/tx-02.bin",
            "formal/pon-nakamoto-v1/vectors/tx-03.bin",
            "formal/pon-nakamoto-v1/vectors/tx-04.bin",
            "formal/pon-nakamoto-v1/vectors/tx-05.bin",
            "formal/pon-nakamoto-v1/vectors/tx-06.bin",
            "formal/pon-nakamoto-v1/vectors/tx-07.bin",
            "formal/pon-nakamoto-v1/vectors/tx-08.bin",
            "formal/pon-nakamoto-v1/vectors/tx-09.bin",
            "formal/pon-nakamoto-v1/vectors/tx-10.bin",
            "formal/pon-nakamoto-v1/vectors/tx-11.bin",
            "formal/pon-nakamoto-v1/vectors/tx-12.bin",
            "formal/pon-nakamoto-v1/vectors/tx-bad-length.bin",
            "formal/pon-nakamoto-v1/vectors/tx-short.bin",
            "formal/pon-nakamoto-v1/vectors/tx-trailing.bin",
            "formal/pon-nakamoto-v1/vectors/tx-unknown.bin",
            "formal/pon-nakamoto-v1/vectors/tx-zero-nonce.bin",
            "formal/pon-nakamoto-v1/vectors/work.bin",
            "trillionnium/Cargo.lock",
            "trillionnium/crates/trnm-crypto-primitives/src/lib.rs",
            "trillionnium/crates/trnm-mvcc-fee/Cargo.toml",
            "trillionnium/crates/trnm-mvcc-fee/src/lib.rs",
            "trillionnium/crates/trnm-protocol/src/pon_wire.rs",
            "trillionnium/crates/trnm-transport/Cargo.toml",
            "trillionnium/crates/trnm-transport/src/lib.rs"
          ],
          "changed_subjects": [
            "config/pon/devnet-v1.json",
            "config/pon/ledger-v1.json",
            "formal/pon-nakamoto-v1/ledger.py"
          ],
          "complete_recorded_runtime_matches": false,
          "current_regression_support": false,
          "manifest": "evidence/pon-v1/manifest.json",
          "measured_commit": "8b87fee77ddee6a9778e8bebe880ba2627b05d5d",
          "measured_tree": null,
          "observed_selectors": [],
          "reexecuted_now": false,
          "runtime_inventory_added": [
            "formal/pon-nakamoto-v1/bounded_process.py",
            "formal/pon-nakamoto-v1/evaluation.py",
            "formal/pon-nakamoto-v1/evaluation_bundle.py",
            "formal/pon-nakamoto-v1/experiments/evaluation_host_parity.py",
            "formal/pon-nakamoto-v1/experiments/executor_comparison.py",
            "formal/pon-nakamoto-v1/experiments/learning_cycles.py",
            "formal/pon-nakamoto-v1/experiments/long_history.py",
            "formal/pon-nakamoto-v1/experiments/multihost_campaign.py",
            "formal/pon-nakamoto-v1/experiments/native_host_parity.py",
            "formal/pon-nakamoto-v1/experiments/parallel_cost.py",
            "formal/pon-nakamoto-v1/experiments/remote_peer.py",
            "formal/pon-nakamoto-v1/generate_accepted_block.py",
            "formal/pon-nakamoto-v1/inference_receipt.py",
            "formal/pon-nakamoto-v1/model_contract.py",
            "formal/pon-nakamoto-v1/native_execution.py",
            "formal/pon-nakamoto-v1/strict_signature.py",
            "formal/pon-nakamoto-v1/test_artifacts.py",
            "formal/pon-nakamoto-v1/test_bounded_process.py",
            "formal/pon-nakamoto-v1/test_evaluation.py",
            "formal/pon-nakamoto-v1/test_evaluation_bundle.py",
            "formal/pon-nakamoto-v1/test_inference_receipt.py",
            "formal/pon-nakamoto-v1/test_invariants.py",
            "formal/pon-nakamoto-v1/test_model_contract.py",
            "formal/pon-nakamoto-v1/test_native_execution.py",
            "formal/pon-nakamoto-v1/test_strict_signature.py",
            "formal/pon-nakamoto-v1/test_work_backend.py",
            "formal/pon-nakamoto-v1/vectors/accepted-block/expected.json",
            "formal/pon-nakamoto-v1/vectors/accepted-block/genesis-state.json",
            "formal/pon-nakamoto-v1/vectors/accepted-block/header.bin",
            "formal/pon-nakamoto-v1/vectors/accepted-block/post-state.json",
            "formal/pon-nakamoto-v1/vectors/accepted-block/transaction.bin",
            "formal/pon-nakamoto-v1/vectors/accepted-block/work.bin",
            "formal/pon-nakamoto-v1/work_backend.py",
            "trillionnium/crates/trnm-crypto-primitives/examples/pon_adversarial_cost.rs",
            "trillionnium/crates/trnm-crypto-primitives/examples/pon_work_io.rs",
            "trillionnium/crates/trnm-mvcc-fee/examples/pon_execute.rs",
            "trillionnium/crates/trnm-mvcc-fee/src/pon_executor.rs",
            "trillionnium/crates/trnm-transport/examples/pon_admission_load.rs",
            "trillionnium/crates/trnm-transport/src/proof_admission.rs"
          ],
          "runtime_inventory_removed": [],
          "scope": "Original revision1 work, ledger, model and loopback experiments; historical only.",
          "source_binding_commit": "5d59b9540268914794a62e8fa237caf999499314",
          "subject_bytes_match": false,
          "unobserved_selectors": [
            "formal/pon-nakamoto-v1/test_native_execution.py::NativeExecutionTests.test_three_signed_release_generations_preserve_payout_and_retirement"
          ],
          "unrecorded_subjects": [
            "formal/pon-nakamoto-v1/native_execution.py",
            "trillionnium/crates/trnm-mvcc-fee/src/pon_executor.rs"
          ]
        },
        "v3": {
          "artifact_integrity_verified": true,
          "changed_runtime_inputs": [
            "formal/pon-nakamoto-v1/evaluation.py",
            "formal/pon-nakamoto-v1/experiments/learning_cycles.py",
            "formal/pon-nakamoto-v1/experiments/model_loop.py",
            "formal/pon-nakamoto-v1/experiments/run_campaign.py",
            "formal/pon-nakamoto-v1/experiments/settle_model.py",
            "formal/pon-nakamoto-v1/inference_receipt.py",
            "formal/pon-nakamoto-v1/model_contract.py",
            "formal/pon-nakamoto-v1/test_evaluation.py",
            "formal/pon-nakamoto-v1/test_inference_receipt.py",
            "formal/pon-nakamoto-v1/test_native_execution.py",
            "trillionnium/crates/trnm-mvcc-fee/examples/pon_execute.rs",
            "trillionnium/crates/trnm-mvcc-fee/src/pon_executor.rs"
          ],
          "changed_subjects": [
            "trillionnium/crates/trnm-mvcc-fee/src/pon_executor.rs"
          ],
          "complete_recorded_runtime_matches": false,
          "current_regression_support": false,
          "manifest": "evidence/pon-v3/manifest.json",
          "measured_commit": "242906bae4f281c738c60adbd2c053d2ded1eae5",
          "measured_tree": "160cc493ab4cfb7f3f8c26b2d1621691a0c49502",
          "observed_selectors": [
            "formal/pon-nakamoto-v1/test_native_execution.py::NativeExecutionTests.test_three_signed_release_generations_preserve_payout_and_retirement"
          ],
          "reexecuted_now": false,
          "runtime_inventory_added": [
            "formal/pon-nakamoto-v1/evaluation_bundle.py",
            "formal/pon-nakamoto-v1/experiments/evaluation_host_parity.py",
            "formal/pon-nakamoto-v1/experiments/executor_comparison.py",
            "formal/pon-nakamoto-v1/experiments/native_host_parity.py",
            "formal/pon-nakamoto-v1/test_evaluation_bundle.py"
          ],
          "runtime_inventory_removed": [],
          "scope": "Recorded native/reference invariants, long history, work costs and same-admin host campaigns.",
          "source_binding_commit": "242906bae4f281c738c60adbd2c053d2ded1eae5",
          "subject_bytes_match": false,
          "unobserved_selectors": [],
          "unrecorded_subjects": []
        },
        "v4": {
          "artifact_integrity_verified": true,
          "changed_runtime_inputs": [
            "formal/pon-nakamoto-v1/evaluation.py",
            "formal/pon-nakamoto-v1/experiments/learning_cycles.py",
            "formal/pon-nakamoto-v1/experiments/model_loop.py",
            "formal/pon-nakamoto-v1/experiments/run_campaign.py",
            "formal/pon-nakamoto-v1/experiments/settle_model.py",
            "formal/pon-nakamoto-v1/inference_receipt.py",
            "formal/pon-nakamoto-v1/model_contract.py",
            "formal/pon-nakamoto-v1/test_evaluation.py",
            "formal/pon-nakamoto-v1/test_inference_receipt.py"
          ],
          "changed_subjects": [],
          "complete_recorded_runtime_matches": false,
          "current_regression_support": false,
          "manifest": "evidence/pon-v4/manifest.json",
          "measured_commit": "30b85c34d1be404dcccd9f415286bb43b00f64ea",
          "measured_tree": "4ee1a9d265f09871b0f167d2a5be77ca4b9839c0",
          "observed_selectors": [
            "formal/pon-nakamoto-v1/test_native_execution.py::NativeExecutionTests.test_three_signed_release_generations_preserve_payout_and_retirement"
          ],
          "reexecuted_now": false,
          "runtime_inventory_added": [
            "formal/pon-nakamoto-v1/evaluation_bundle.py",
            "formal/pon-nakamoto-v1/experiments/evaluation_host_parity.py",
            "formal/pon-nakamoto-v1/test_evaluation_bundle.py"
          ],
          "runtime_inventory_removed": [],
          "scope": "Block-scoped native comparison and same-admin binary parity; no public TPS.",
          "source_binding_commit": "30b85c34d1be404dcccd9f415286bb43b00f64ea",
          "subject_bytes_match": true,
          "unobserved_selectors": [],
          "unrecorded_subjects": []
        }
      },
      "persistence_owner": null,
      "remaining": "Synthetic signed release transitions are not three improving public-model generations.",
      "runtime_symbols": [
        {
          "path": "formal/pon-nakamoto-v1/ledger.py",
          "symbol": "execute_reference"
        },
        {
          "path": "trillionnium/crates/trnm-mvcc-fee/src/pon_executor.rs",
          "symbol": "execute"
        }
      ]
    },
    {
      "backend": "E3 sealed candidate/control/calibration/partition evaluation",
      "controlled_entrypoint": {
        "path": "formal/pon-nakamoto-v1/experiments/model_loop.py",
        "symbol": "worker"
      },
      "evidence_selectors": [
        "formal/pon-nakamoto-v1/test_evaluation_bundle.py::FrozenEvaluationTests.test_self_consistent_rehashed_calibration_score_still_requires_actual_replay",
        "formal/pon-nakamoto-v1/test_evaluation_bundle.py::EvaluationWorkerTests.test_legacy_unbound_reference_cannot_authorize_evaluation"
      ],
      "implementation_kind": "controlled-experiment",
      "module": "M11",
      "operation": "M11.EvaluateFrozenModel",
      "ordinary_product_entrypoint": null,
      "packages": {
        "e3": {
          "artifact_integrity_verified": true,
          "changed_runtime_inputs": [],
          "changed_subjects": [],
          "complete_recorded_runtime_matches": true,
          "current_regression_support": true,
          "manifest": "evidence/pon-evaluation-bundle-v1/manifest.json",
          "measured_commit": "50e158640d8278ca94dbecb6539dab96c6a9fb84",
          "measured_tree": "d61a69d3433db127019924d269bf25ded3aecf60",
          "observed_selectors": [
            "formal/pon-nakamoto-v1/test_evaluation_bundle.py::FrozenEvaluationTests.test_self_consistent_rehashed_calibration_score_still_requires_actual_replay",
            "formal/pon-nakamoto-v1/test_evaluation_bundle.py::EvaluationWorkerTests.test_legacy_unbound_reference_cannot_authorize_evaluation"
          ],
          "reexecuted_now": false,
          "runtime_inventory_added": [],
          "runtime_inventory_removed": [],
          "scope": "Sealed evaluation and full consent; actual zero adoption/reward and same-admin evaluator parity.",
          "source_binding_commit": "50e158640d8278ca94dbecb6539dab96c6a9fb84",
          "subject_bytes_match": true,
          "unobserved_selectors": [],
          "unrecorded_subjects": []
        },
        "v1": {
          "artifact_integrity_verified": true,
          "changed_runtime_inputs": [
            "config/pon/devnet-v1.json",
            "config/pon/ledger-v1.json",
            "formal/pon-nakamoto-v1/experiments/local_network.py",
            "formal/pon-nakamoto-v1/experiments/model_loop.py",
            "formal/pon-nakamoto-v1/experiments/run_campaign.py",
            "formal/pon-nakamoto-v1/experiments/settle_model.py",
            "formal/pon-nakamoto-v1/ledger.py",
            "formal/pon-nakamoto-v1/test_contracts.py",
            "formal/pon-nakamoto-v1/vectors/expected.json",
            "formal/pon-nakamoto-v1/vectors/header-short.bin",
            "formal/pon-nakamoto-v1/vectors/header-trailing.bin",
            "formal/pon-nakamoto-v1/vectors/header-version.bin",
            "formal/pon-nakamoto-v1/vectors/header.bin",
            "formal/pon-nakamoto-v1/vectors/tx-01.bin",
            "formal/pon-nakamoto-v1/vectors/tx-02.bin",
            "formal/pon-nakamoto-v1/vectors/tx-03.bin",
            "formal/pon-nakamoto-v1/vectors/tx-04.bin",
            "formal/pon-nakamoto-v1/vectors/tx-05.bin",
            "formal/pon-nakamoto-v1/vectors/tx-06.bin",
            "formal/pon-nakamoto-v1/vectors/tx-07.bin",
            "formal/pon-nakamoto-v1/vectors/tx-08.bin",
            "formal/pon-nakamoto-v1/vectors/tx-09.bin",
            "formal/pon-nakamoto-v1/vectors/tx-10.bin",
            "formal/pon-nakamoto-v1/vectors/tx-11.bin",
            "formal/pon-nakamoto-v1/vectors/tx-12.bin",
            "formal/pon-nakamoto-v1/vectors/tx-bad-length.bin",
            "formal/pon-nakamoto-v1/vectors/tx-short.bin",
            "formal/pon-nakamoto-v1/vectors/tx-trailing.bin",
            "formal/pon-nakamoto-v1/vectors/tx-unknown.bin",
            "formal/pon-nakamoto-v1/vectors/tx-zero-nonce.bin",
            "formal/pon-nakamoto-v1/vectors/work.bin",
            "trillionnium/Cargo.lock",
            "trillionnium/crates/trnm-crypto-primitives/src/lib.rs",
            "trillionnium/crates/trnm-mvcc-fee/Cargo.toml",
            "trillionnium/crates/trnm-mvcc-fee/src/lib.rs",
            "trillionnium/crates/trnm-protocol/src/pon_wire.rs",
            "trillionnium/crates/trnm-transport/Cargo.toml",
            "trillionnium/crates/trnm-transport/src/lib.rs"
          ],
          "changed_subjects": [
            "config/pon/devnet-v1.json",
            "config/pon/ledger-v1.json",
            "formal/pon-nakamoto-v1/experiments/model_loop.py"
          ],
          "complete_recorded_runtime_matches": false,
          "current_regression_support": false,
          "manifest": "evidence/pon-v1/manifest.json",
          "measured_commit": "8b87fee77ddee6a9778e8bebe880ba2627b05d5d",
          "measured_tree": null,
          "observed_selectors": [],
          "reexecuted_now": false,
          "runtime_inventory_added": [
            "formal/pon-nakamoto-v1/bounded_process.py",
            "formal/pon-nakamoto-v1/evaluation.py",
            "formal/pon-nakamoto-v1/evaluation_bundle.py",
            "formal/pon-nakamoto-v1/experiments/evaluation_host_parity.py",
            "formal/pon-nakamoto-v1/experiments/executor_comparison.py",
            "formal/pon-nakamoto-v1/experiments/learning_cycles.py",
            "formal/pon-nakamoto-v1/experiments/long_history.py",
            "formal/pon-nakamoto-v1/experiments/multihost_campaign.py",
            "formal/pon-nakamoto-v1/experiments/native_host_parity.py",
            "formal/pon-nakamoto-v1/experiments/parallel_cost.py",
            "formal/pon-nakamoto-v1/experiments/remote_peer.py",
            "formal/pon-nakamoto-v1/generate_accepted_block.py",
            "formal/pon-nakamoto-v1/inference_receipt.py",
            "formal/pon-nakamoto-v1/model_contract.py",
            "formal/pon-nakamoto-v1/native_execution.py",
            "formal/pon-nakamoto-v1/strict_signature.py",
            "formal/pon-nakamoto-v1/test_artifacts.py",
            "formal/pon-nakamoto-v1/test_bounded_process.py",
            "formal/pon-nakamoto-v1/test_evaluation.py",
            "formal/pon-nakamoto-v1/test_evaluation_bundle.py",
            "formal/pon-nakamoto-v1/test_inference_receipt.py",
            "formal/pon-nakamoto-v1/test_invariants.py",
            "formal/pon-nakamoto-v1/test_model_contract.py",
            "formal/pon-nakamoto-v1/test_native_execution.py",
            "formal/pon-nakamoto-v1/test_strict_signature.py",
            "formal/pon-nakamoto-v1/test_work_backend.py",
            "formal/pon-nakamoto-v1/vectors/accepted-block/expected.json",
            "formal/pon-nakamoto-v1/vectors/accepted-block/genesis-state.json",
            "formal/pon-nakamoto-v1/vectors/accepted-block/header.bin",
            "formal/pon-nakamoto-v1/vectors/accepted-block/post-state.json",
            "formal/pon-nakamoto-v1/vectors/accepted-block/transaction.bin",
            "formal/pon-nakamoto-v1/vectors/accepted-block/work.bin",
            "formal/pon-nakamoto-v1/work_backend.py",
            "trillionnium/crates/trnm-crypto-primitives/examples/pon_adversarial_cost.rs",
            "trillionnium/crates/trnm-crypto-primitives/examples/pon_work_io.rs",
            "trillionnium/crates/trnm-mvcc-fee/examples/pon_execute.rs",
            "trillionnium/crates/trnm-mvcc-fee/src/pon_executor.rs",
            "trillionnium/crates/trnm-transport/examples/pon_admission_load.rs",
            "trillionnium/crates/trnm-transport/src/proof_admission.rs"
          ],
          "runtime_inventory_removed": [],
          "scope": "Original revision1 work, ledger, model and loopback experiments; historical only.",
          "source_binding_commit": "5d59b9540268914794a62e8fa237caf999499314",
          "subject_bytes_match": false,
          "unobserved_selectors": [
            "formal/pon-nakamoto-v1/test_evaluation_bundle.py::FrozenEvaluationTests.test_self_consistent_rehashed_calibration_score_still_requires_actual_replay",
            "formal/pon-nakamoto-v1/test_evaluation_bundle.py::EvaluationWorkerTests.test_legacy_unbound_reference_cannot_authorize_evaluation"
          ],
          "unrecorded_subjects": [
            "formal/pon-nakamoto-v1/evaluation_bundle.py"
          ]
        },
        "v3": {
          "artifact_integrity_verified": true,
          "changed_runtime_inputs": [
            "formal/pon-nakamoto-v1/evaluation.py",
            "formal/pon-nakamoto-v1/experiments/learning_cycles.py",
            "formal/pon-nakamoto-v1/experiments/model_loop.py",
            "formal/pon-nakamoto-v1/experiments/run_campaign.py",
            "formal/pon-nakamoto-v1/experiments/settle_model.py",
            "formal/pon-nakamoto-v1/inference_receipt.py",
            "formal/pon-nakamoto-v1/model_contract.py",
            "formal/pon-nakamoto-v1/test_evaluation.py",
            "formal/pon-nakamoto-v1/test_inference_receipt.py",
            "formal/pon-nakamoto-v1/test_native_execution.py",
            "trillionnium/crates/trnm-mvcc-fee/examples/pon_execute.rs",
            "trillionnium/crates/trnm-mvcc-fee/src/pon_executor.rs"
          ],
          "changed_subjects": [
            "formal/pon-nakamoto-v1/experiments/model_loop.py"
          ],
          "complete_recorded_runtime_matches": false,
          "current_regression_support": false,
          "manifest": "evidence/pon-v3/manifest.json",
          "measured_commit": "242906bae4f281c738c60adbd2c053d2ded1eae5",
          "measured_tree": "160cc493ab4cfb7f3f8c26b2d1621691a0c49502",
          "observed_selectors": [],
          "reexecuted_now": false,
          "runtime_inventory_added": [
            "formal/pon-nakamoto-v1/evaluation_bundle.py",
            "formal/pon-nakamoto-v1/experiments/evaluation_host_parity.py",
            "formal/pon-nakamoto-v1/experiments/executor_comparison.py",
            "formal/pon-nakamoto-v1/experiments/native_host_parity.py",
            "formal/pon-nakamoto-v1/test_evaluation_bundle.py"
          ],
          "runtime_inventory_removed": [],
          "scope": "Recorded native/reference invariants, long history, work costs and same-admin host campaigns.",
          "source_binding_commit": "242906bae4f281c738c60adbd2c053d2ded1eae5",
          "subject_bytes_match": false,
          "unobserved_selectors": [
            "formal/pon-nakamoto-v1/test_evaluation_bundle.py::FrozenEvaluationTests.test_self_consistent_rehashed_calibration_score_still_requires_actual_replay",
            "formal/pon-nakamoto-v1/test_evaluation_bundle.py::EvaluationWorkerTests.test_legacy_unbound_reference_cannot_authorize_evaluation"
          ],
          "unrecorded_subjects": [
            "formal/pon-nakamoto-v1/evaluation_bundle.py"
          ]
        },
        "v4": {
          "artifact_integrity_verified": true,
          "changed_runtime_inputs": [
            "formal/pon-nakamoto-v1/evaluation.py",
            "formal/pon-nakamoto-v1/experiments/learning_cycles.py",
            "formal/pon-nakamoto-v1/experiments/model_loop.py",
            "formal/pon-nakamoto-v1/experiments/run_campaign.py",
            "formal/pon-nakamoto-v1/experiments/settle_model.py",
            "formal/pon-nakamoto-v1/inference_receipt.py",
            "formal/pon-nakamoto-v1/model_contract.py",
            "formal/pon-nakamoto-v1/test_evaluation.py",
            "formal/pon-nakamoto-v1/test_inference_receipt.py"
          ],
          "changed_subjects": [
            "formal/pon-nakamoto-v1/experiments/model_loop.py"
          ],
          "complete_recorded_runtime_matches": false,
          "current_regression_support": false,
          "manifest": "evidence/pon-v4/manifest.json",
          "measured_commit": "30b85c34d1be404dcccd9f415286bb43b00f64ea",
          "measured_tree": "4ee1a9d265f09871b0f167d2a5be77ca4b9839c0",
          "observed_selectors": [],
          "reexecuted_now": false,
          "runtime_inventory_added": [
            "formal/pon-nakamoto-v1/evaluation_bundle.py",
            "formal/pon-nakamoto-v1/experiments/evaluation_host_parity.py",
            "formal/pon-nakamoto-v1/test_evaluation_bundle.py"
          ],
          "runtime_inventory_removed": [],
          "scope": "Block-scoped native comparison and same-admin binary parity; no public TPS.",
          "source_binding_commit": "30b85c34d1be404dcccd9f415286bb43b00f64ea",
          "subject_bytes_match": false,
          "unobserved_selectors": [
            "formal/pon-nakamoto-v1/test_evaluation_bundle.py::FrozenEvaluationTests.test_self_consistent_rehashed_calibration_score_still_requires_actual_replay",
            "formal/pon-nakamoto-v1/test_evaluation_bundle.py::EvaluationWorkerTests.test_legacy_unbound_reference_cannot_authorize_evaluation"
          ],
          "unrecorded_subjects": [
            "formal/pon-nakamoto-v1/evaluation_bundle.py"
          ]
        }
      },
      "persistence_owner": null,
      "remaining": "Future-window, independent evaluator, provenance and poisoning acceptance remain open.",
      "runtime_symbols": [
        {
          "path": "formal/pon-nakamoto-v1/evaluation_bundle.py",
          "symbol": "evaluate_bundle"
        },
        {
          "path": "formal/pon-nakamoto-v1/evaluation_bundle.py",
          "symbol": "verify_calibration"
        }
      ]
    },
    {
      "backend": "Native attested evaluation command; three configured test signers",
      "controlled_entrypoint": {
        "path": "formal/pon-nakamoto-v1/native_execution.py",
        "symbol": "execute_native"
      },
      "evidence_selectors": [
        "formal/pon-nakamoto-v1/test_native_execution.py::NativeExecutionTests.test_all_twelve_tags_match_for_1_2_4_8_workers",
        "formal/pon-nakamoto-v1/test_contracts.py::ExecutionTests.test_contribution_cannot_swap_parent_family_or_claim_self_eval"
      ],
      "implementation_kind": "native-component-with-reference-caller",
      "module": "M11",
      "operation": "M11.AdmitEvaluation",
      "ordinary_product_entrypoint": null,
      "packages": {
        "e3": {
          "artifact_integrity_verified": true,
          "changed_runtime_inputs": [],
          "changed_subjects": [],
          "complete_recorded_runtime_matches": true,
          "current_regression_support": true,
          "manifest": "evidence/pon-evaluation-bundle-v1/manifest.json",
          "measured_commit": "50e158640d8278ca94dbecb6539dab96c6a9fb84",
          "measured_tree": "d61a69d3433db127019924d269bf25ded3aecf60",
          "observed_selectors": [
            "formal/pon-nakamoto-v1/test_native_execution.py::NativeExecutionTests.test_all_twelve_tags_match_for_1_2_4_8_workers",
            "formal/pon-nakamoto-v1/test_contracts.py::ExecutionTests.test_contribution_cannot_swap_parent_family_or_claim_self_eval"
          ],
          "reexecuted_now": false,
          "runtime_inventory_added": [],
          "runtime_inventory_removed": [],
          "scope": "Sealed evaluation and full consent; actual zero adoption/reward and same-admin evaluator parity.",
          "source_binding_commit": "50e158640d8278ca94dbecb6539dab96c6a9fb84",
          "subject_bytes_match": true,
          "unobserved_selectors": [],
          "unrecorded_subjects": []
        },
        "v1": {
          "artifact_integrity_verified": true,
          "changed_runtime_inputs": [
            "config/pon/devnet-v1.json",
            "config/pon/ledger-v1.json",
            "formal/pon-nakamoto-v1/experiments/local_network.py",
            "formal/pon-nakamoto-v1/experiments/model_loop.py",
            "formal/pon-nakamoto-v1/experiments/run_campaign.py",
            "formal/pon-nakamoto-v1/experiments/settle_model.py",
            "formal/pon-nakamoto-v1/ledger.py",
            "formal/pon-nakamoto-v1/test_contracts.py",
            "formal/pon-nakamoto-v1/vectors/expected.json",
            "formal/pon-nakamoto-v1/vectors/header-short.bin",
            "formal/pon-nakamoto-v1/vectors/header-trailing.bin",
            "formal/pon-nakamoto-v1/vectors/header-version.bin",
            "formal/pon-nakamoto-v1/vectors/header.bin",
            "formal/pon-nakamoto-v1/vectors/tx-01.bin",
            "formal/pon-nakamoto-v1/vectors/tx-02.bin",
            "formal/pon-nakamoto-v1/vectors/tx-03.bin",
            "formal/pon-nakamoto-v1/vectors/tx-04.bin",
            "formal/pon-nakamoto-v1/vectors/tx-05.bin",
            "formal/pon-nakamoto-v1/vectors/tx-06.bin",
            "formal/pon-nakamoto-v1/vectors/tx-07.bin",
            "formal/pon-nakamoto-v1/vectors/tx-08.bin",
            "formal/pon-nakamoto-v1/vectors/tx-09.bin",
            "formal/pon-nakamoto-v1/vectors/tx-10.bin",
            "formal/pon-nakamoto-v1/vectors/tx-11.bin",
            "formal/pon-nakamoto-v1/vectors/tx-12.bin",
            "formal/pon-nakamoto-v1/vectors/tx-bad-length.bin",
            "formal/pon-nakamoto-v1/vectors/tx-short.bin",
            "formal/pon-nakamoto-v1/vectors/tx-trailing.bin",
            "formal/pon-nakamoto-v1/vectors/tx-unknown.bin",
            "formal/pon-nakamoto-v1/vectors/tx-zero-nonce.bin",
            "formal/pon-nakamoto-v1/vectors/work.bin",
            "trillionnium/Cargo.lock",
            "trillionnium/crates/trnm-crypto-primitives/src/lib.rs",
            "trillionnium/crates/trnm-mvcc-fee/Cargo.toml",
            "trillionnium/crates/trnm-mvcc-fee/src/lib.rs",
            "trillionnium/crates/trnm-protocol/src/pon_wire.rs",
            "trillionnium/crates/trnm-transport/Cargo.toml",
            "trillionnium/crates/trnm-transport/src/lib.rs"
          ],
          "changed_subjects": [
            "config/pon/devnet-v1.json",
            "config/pon/ledger-v1.json",
            "formal/pon-nakamoto-v1/ledger.py"
          ],
          "complete_recorded_runtime_matches": false,
          "current_regression_support": false,
          "manifest": "evidence/pon-v1/manifest.json",
          "measured_commit": "8b87fee77ddee6a9778e8bebe880ba2627b05d5d",
          "measured_tree": null,
          "observed_selectors": [],
          "reexecuted_now": false,
          "runtime_inventory_added": [
            "formal/pon-nakamoto-v1/bounded_process.py",
            "formal/pon-nakamoto-v1/evaluation.py",
            "formal/pon-nakamoto-v1/evaluation_bundle.py",
            "formal/pon-nakamoto-v1/experiments/evaluation_host_parity.py",
            "formal/pon-nakamoto-v1/experiments/executor_comparison.py",
            "formal/pon-nakamoto-v1/experiments/learning_cycles.py",
            "formal/pon-nakamoto-v1/experiments/long_history.py",
            "formal/pon-nakamoto-v1/experiments/multihost_campaign.py",
            "formal/pon-nakamoto-v1/experiments/native_host_parity.py",
            "formal/pon-nakamoto-v1/experiments/parallel_cost.py",
            "formal/pon-nakamoto-v1/experiments/remote_peer.py",
            "formal/pon-nakamoto-v1/generate_accepted_block.py",
            "formal/pon-nakamoto-v1/inference_receipt.py",
            "formal/pon-nakamoto-v1/model_contract.py",
            "formal/pon-nakamoto-v1/native_execution.py",
            "formal/pon-nakamoto-v1/strict_signature.py",
            "formal/pon-nakamoto-v1/test_artifacts.py",
            "formal/pon-nakamoto-v1/test_bounded_process.py",
            "formal/pon-nakamoto-v1/test_evaluation.py",
            "formal/pon-nakamoto-v1/test_evaluation_bundle.py",
            "formal/pon-nakamoto-v1/test_inference_receipt.py",
            "formal/pon-nakamoto-v1/test_invariants.py",
            "formal/pon-nakamoto-v1/test_model_contract.py",
            "formal/pon-nakamoto-v1/test_native_execution.py",
            "formal/pon-nakamoto-v1/test_strict_signature.py",
            "formal/pon-nakamoto-v1/test_work_backend.py",
            "formal/pon-nakamoto-v1/vectors/accepted-block/expected.json",
            "formal/pon-nakamoto-v1/vectors/accepted-block/genesis-state.json",
            "formal/pon-nakamoto-v1/vectors/accepted-block/header.bin",
            "formal/pon-nakamoto-v1/vectors/accepted-block/post-state.json",
            "formal/pon-nakamoto-v1/vectors/accepted-block/transaction.bin",
            "formal/pon-nakamoto-v1/vectors/accepted-block/work.bin",
            "formal/pon-nakamoto-v1/work_backend.py",
            "trillionnium/crates/trnm-crypto-primitives/examples/pon_adversarial_cost.rs",
            "trillionnium/crates/trnm-crypto-primitives/examples/pon_work_io.rs",
            "trillionnium/crates/trnm-mvcc-fee/examples/pon_execute.rs",
            "trillionnium/crates/trnm-mvcc-fee/src/pon_executor.rs",
            "trillionnium/crates/trnm-transport/examples/pon_admission_load.rs",
            "trillionnium/crates/trnm-transport/src/proof_admission.rs"
          ],
          "runtime_inventory_removed": [],
          "scope": "Original revision1 work, ledger, model and loopback experiments; historical only.",
          "source_binding_commit": "5d59b9540268914794a62e8fa237caf999499314",
          "subject_bytes_match": false,
          "unobserved_selectors": [
            "formal/pon-nakamoto-v1/test_native_execution.py::NativeExecutionTests.test_all_twelve_tags_match_for_1_2_4_8_workers",
            "formal/pon-nakamoto-v1/test_contracts.py::ExecutionTests.test_contribution_cannot_swap_parent_family_or_claim_self_eval"
          ],
          "unrecorded_subjects": [
            "formal/pon-nakamoto-v1/native_execution.py",
            "trillionnium/crates/trnm-mvcc-fee/src/pon_executor.rs"
          ]
        },
        "v3": {
          "artifact_integrity_verified": true,
          "changed_runtime_inputs": [
            "formal/pon-nakamoto-v1/evaluation.py",
            "formal/pon-nakamoto-v1/experiments/learning_cycles.py",
            "formal/pon-nakamoto-v1/experiments/model_loop.py",
            "formal/pon-nakamoto-v1/experiments/run_campaign.py",
            "formal/pon-nakamoto-v1/experiments/settle_model.py",
            "formal/pon-nakamoto-v1/inference_receipt.py",
            "formal/pon-nakamoto-v1/model_contract.py",
            "formal/pon-nakamoto-v1/test_evaluation.py",
            "formal/pon-nakamoto-v1/test_inference_receipt.py",
            "formal/pon-nakamoto-v1/test_native_execution.py",
            "trillionnium/crates/trnm-mvcc-fee/examples/pon_execute.rs",
            "trillionnium/crates/trnm-mvcc-fee/src/pon_executor.rs"
          ],
          "changed_subjects": [
            "trillionnium/crates/trnm-mvcc-fee/src/pon_executor.rs"
          ],
          "complete_recorded_runtime_matches": false,
          "current_regression_support": false,
          "manifest": "evidence/pon-v3/manifest.json",
          "measured_commit": "242906bae4f281c738c60adbd2c053d2ded1eae5",
          "measured_tree": "160cc493ab4cfb7f3f8c26b2d1621691a0c49502",
          "observed_selectors": [
            "formal/pon-nakamoto-v1/test_native_execution.py::NativeExecutionTests.test_all_twelve_tags_match_for_1_2_4_8_workers",
            "formal/pon-nakamoto-v1/test_contracts.py::ExecutionTests.test_contribution_cannot_swap_parent_family_or_claim_self_eval"
          ],
          "reexecuted_now": false,
          "runtime_inventory_added": [
            "formal/pon-nakamoto-v1/evaluation_bundle.py",
            "formal/pon-nakamoto-v1/experiments/evaluation_host_parity.py",
            "formal/pon-nakamoto-v1/experiments/executor_comparison.py",
            "formal/pon-nakamoto-v1/experiments/native_host_parity.py",
            "formal/pon-nakamoto-v1/test_evaluation_bundle.py"
          ],
          "runtime_inventory_removed": [],
          "scope": "Recorded native/reference invariants, long history, work costs and same-admin host campaigns.",
          "source_binding_commit": "242906bae4f281c738c60adbd2c053d2ded1eae5",
          "subject_bytes_match": false,
          "unobserved_selectors": [],
          "unrecorded_subjects": []
        },
        "v4": {
          "artifact_integrity_verified": true,
          "changed_runtime_inputs": [
            "formal/pon-nakamoto-v1/evaluation.py",
            "formal/pon-nakamoto-v1/experiments/learning_cycles.py",
            "formal/pon-nakamoto-v1/experiments/model_loop.py",
            "formal/pon-nakamoto-v1/experiments/run_campaign.py",
            "formal/pon-nakamoto-v1/experiments/settle_model.py",
            "formal/pon-nakamoto-v1/inference_receipt.py",
            "formal/pon-nakamoto-v1/model_contract.py",
            "formal/pon-nakamoto-v1/test_evaluation.py",
            "formal/pon-nakamoto-v1/test_inference_receipt.py"
          ],
          "changed_subjects": [],
          "complete_recorded_runtime_matches": false,
          "current_regression_support": false,
          "manifest": "evidence/pon-v4/manifest.json",
          "measured_commit": "30b85c34d1be404dcccd9f415286bb43b00f64ea",
          "measured_tree": "4ee1a9d265f09871b0f167d2a5be77ca4b9839c0",
          "observed_selectors": [
            "formal/pon-nakamoto-v1/test_native_execution.py::NativeExecutionTests.test_all_twelve_tags_match_for_1_2_4_8_workers",
            "formal/pon-nakamoto-v1/test_contracts.py::ExecutionTests.test_contribution_cannot_swap_parent_family_or_claim_self_eval"
          ],
          "reexecuted_now": false,
          "runtime_inventory_added": [
            "formal/pon-nakamoto-v1/evaluation_bundle.py",
            "formal/pon-nakamoto-v1/experiments/evaluation_host_parity.py",
            "formal/pon-nakamoto-v1/test_evaluation_bundle.py"
          ],
          "runtime_inventory_removed": [],
          "scope": "Block-scoped native comparison and same-admin binary parity; no public TPS.",
          "source_binding_commit": "30b85c34d1be404dcccd9f415286bb43b00f64ea",
          "subject_bytes_match": true,
          "unobserved_selectors": [],
          "unrecorded_subjects": []
        }
      },
      "persistence_owner": null,
      "remaining": "First-two attestation policy is not objective ML truth, evaluator independence or ledger work.",
      "runtime_symbols": [
        {
          "path": "formal/pon-nakamoto-v1/ledger.py",
          "symbol": "execute_reference"
        },
        {
          "path": "trillionnium/crates/trnm-mvcc-fee/src/pon_executor.rs",
          "symbol": "execute"
        }
      ]
    },
    {
      "backend": "Native root-bound finite reward and refund command",
      "controlled_entrypoint": {
        "path": "formal/pon-nakamoto-v1/native_execution.py",
        "symbol": "execute_native"
      },
      "evidence_selectors": [
        "formal/pon-nakamoto-v1/test_native_execution.py::NativeExecutionTests.test_unclaimed_release_budget_refunds_at_reserved_deadline",
        "formal/pon-nakamoto-v1/test_native_execution.py::NativeExecutionTests.test_three_signed_release_generations_preserve_payout_and_retirement"
      ],
      "implementation_kind": "native-component-with-reference-caller",
      "module": "M12",
      "operation": "M12.ClaimContributionReward",
      "ordinary_product_entrypoint": null,
      "packages": {
        "e3": {
          "artifact_integrity_verified": true,
          "changed_runtime_inputs": [],
          "changed_subjects": [],
          "complete_recorded_runtime_matches": true,
          "current_regression_support": true,
          "manifest": "evidence/pon-evaluation-bundle-v1/manifest.json",
          "measured_commit": "50e158640d8278ca94dbecb6539dab96c6a9fb84",
          "measured_tree": "d61a69d3433db127019924d269bf25ded3aecf60",
          "observed_selectors": [
            "formal/pon-nakamoto-v1/test_native_execution.py::NativeExecutionTests.test_unclaimed_release_budget_refunds_at_reserved_deadline",
            "formal/pon-nakamoto-v1/test_native_execution.py::NativeExecutionTests.test_three_signed_release_generations_preserve_payout_and_retirement"
          ],
          "reexecuted_now": false,
          "runtime_inventory_added": [],
          "runtime_inventory_removed": [],
          "scope": "Sealed evaluation and full consent; actual zero adoption/reward and same-admin evaluator parity.",
          "source_binding_commit": "50e158640d8278ca94dbecb6539dab96c6a9fb84",
          "subject_bytes_match": true,
          "unobserved_selectors": [],
          "unrecorded_subjects": []
        },
        "v1": {
          "artifact_integrity_verified": true,
          "changed_runtime_inputs": [
            "config/pon/devnet-v1.json",
            "config/pon/ledger-v1.json",
            "formal/pon-nakamoto-v1/experiments/local_network.py",
            "formal/pon-nakamoto-v1/experiments/model_loop.py",
            "formal/pon-nakamoto-v1/experiments/run_campaign.py",
            "formal/pon-nakamoto-v1/experiments/settle_model.py",
            "formal/pon-nakamoto-v1/ledger.py",
            "formal/pon-nakamoto-v1/test_contracts.py",
            "formal/pon-nakamoto-v1/vectors/expected.json",
            "formal/pon-nakamoto-v1/vectors/header-short.bin",
            "formal/pon-nakamoto-v1/vectors/header-trailing.bin",
            "formal/pon-nakamoto-v1/vectors/header-version.bin",
            "formal/pon-nakamoto-v1/vectors/header.bin",
            "formal/pon-nakamoto-v1/vectors/tx-01.bin",
            "formal/pon-nakamoto-v1/vectors/tx-02.bin",
            "formal/pon-nakamoto-v1/vectors/tx-03.bin",
            "formal/pon-nakamoto-v1/vectors/tx-04.bin",
            "formal/pon-nakamoto-v1/vectors/tx-05.bin",
            "formal/pon-nakamoto-v1/vectors/tx-06.bin",
            "formal/pon-nakamoto-v1/vectors/tx-07.bin",
            "formal/pon-nakamoto-v1/vectors/tx-08.bin",
            "formal/pon-nakamoto-v1/vectors/tx-09.bin",
            "formal/pon-nakamoto-v1/vectors/tx-10.bin",
            "formal/pon-nakamoto-v1/vectors/tx-11.bin",
            "formal/pon-nakamoto-v1/vectors/tx-12.bin",
            "formal/pon-nakamoto-v1/vectors/tx-bad-length.bin",
            "formal/pon-nakamoto-v1/vectors/tx-short.bin",
            "formal/pon-nakamoto-v1/vectors/tx-trailing.bin",
            "formal/pon-nakamoto-v1/vectors/tx-unknown.bin",
            "formal/pon-nakamoto-v1/vectors/tx-zero-nonce.bin",
            "formal/pon-nakamoto-v1/vectors/work.bin",
            "trillionnium/Cargo.lock",
            "trillionnium/crates/trnm-crypto-primitives/src/lib.rs",
            "trillionnium/crates/trnm-mvcc-fee/Cargo.toml",
            "trillionnium/crates/trnm-mvcc-fee/src/lib.rs",
            "trillionnium/crates/trnm-protocol/src/pon_wire.rs",
            "trillionnium/crates/trnm-transport/Cargo.toml",
            "trillionnium/crates/trnm-transport/src/lib.rs"
          ],
          "changed_subjects": [
            "config/pon/devnet-v1.json",
            "config/pon/ledger-v1.json",
            "formal/pon-nakamoto-v1/ledger.py"
          ],
          "complete_recorded_runtime_matches": false,
          "current_regression_support": false,
          "manifest": "evidence/pon-v1/manifest.json",
          "measured_commit": "8b87fee77ddee6a9778e8bebe880ba2627b05d5d",
          "measured_tree": null,
          "observed_selectors": [],
          "reexecuted_now": false,
          "runtime_inventory_added": [
            "formal/pon-nakamoto-v1/bounded_process.py",
            "formal/pon-nakamoto-v1/evaluation.py",
            "formal/pon-nakamoto-v1/evaluation_bundle.py",
            "formal/pon-nakamoto-v1/experiments/evaluation_host_parity.py",
            "formal/pon-nakamoto-v1/experiments/executor_comparison.py",
            "formal/pon-nakamoto-v1/experiments/learning_cycles.py",
            "formal/pon-nakamoto-v1/experiments/long_history.py",
            "formal/pon-nakamoto-v1/experiments/multihost_campaign.py",
            "formal/pon-nakamoto-v1/experiments/native_host_parity.py",
            "formal/pon-nakamoto-v1/experiments/parallel_cost.py",
            "formal/pon-nakamoto-v1/experiments/remote_peer.py",
            "formal/pon-nakamoto-v1/generate_accepted_block.py",
            "formal/pon-nakamoto-v1/inference_receipt.py",
            "formal/pon-nakamoto-v1/model_contract.py",
            "formal/pon-nakamoto-v1/native_execution.py",
            "formal/pon-nakamoto-v1/strict_signature.py",
            "formal/pon-nakamoto-v1/test_artifacts.py",
            "formal/pon-nakamoto-v1/test_bounded_process.py",
            "formal/pon-nakamoto-v1/test_evaluation.py",
            "formal/pon-nakamoto-v1/test_evaluation_bundle.py",
            "formal/pon-nakamoto-v1/test_inference_receipt.py",
            "formal/pon-nakamoto-v1/test_invariants.py",
            "formal/pon-nakamoto-v1/test_model_contract.py",
            "formal/pon-nakamoto-v1/test_native_execution.py",
            "formal/pon-nakamoto-v1/test_strict_signature.py",
            "formal/pon-nakamoto-v1/test_work_backend.py",
            "formal/pon-nakamoto-v1/vectors/accepted-block/expected.json",
            "formal/pon-nakamoto-v1/vectors/accepted-block/genesis-state.json",
            "formal/pon-nakamoto-v1/vectors/accepted-block/header.bin",
            "formal/pon-nakamoto-v1/vectors/accepted-block/post-state.json",
            "formal/pon-nakamoto-v1/vectors/accepted-block/transaction.bin",
            "formal/pon-nakamoto-v1/vectors/accepted-block/work.bin",
            "formal/pon-nakamoto-v1/work_backend.py",
            "trillionnium/crates/trnm-crypto-primitives/examples/pon_adversarial_cost.rs",
            "trillionnium/crates/trnm-crypto-primitives/examples/pon_work_io.rs",
            "trillionnium/crates/trnm-mvcc-fee/examples/pon_execute.rs",
            "trillionnium/crates/trnm-mvcc-fee/src/pon_executor.rs",
            "trillionnium/crates/trnm-transport/examples/pon_admission_load.rs",
            "trillionnium/crates/trnm-transport/src/proof_admission.rs"
          ],
          "runtime_inventory_removed": [],
          "scope": "Original revision1 work, ledger, model and loopback experiments; historical only.",
          "source_binding_commit": "5d59b9540268914794a62e8fa237caf999499314",
          "subject_bytes_match": false,
          "unobserved_selectors": [
            "formal/pon-nakamoto-v1/test_native_execution.py::NativeExecutionTests.test_unclaimed_release_budget_refunds_at_reserved_deadline",
            "formal/pon-nakamoto-v1/test_native_execution.py::NativeExecutionTests.test_three_signed_release_generations_preserve_payout_and_retirement"
          ],
          "unrecorded_subjects": [
            "formal/pon-nakamoto-v1/native_execution.py",
            "trillionnium/crates/trnm-mvcc-fee/src/pon_executor.rs"
          ]
        },
        "v3": {
          "artifact_integrity_verified": true,
          "changed_runtime_inputs": [
            "formal/pon-nakamoto-v1/evaluation.py",
            "formal/pon-nakamoto-v1/experiments/learning_cycles.py",
            "formal/pon-nakamoto-v1/experiments/model_loop.py",
            "formal/pon-nakamoto-v1/experiments/run_campaign.py",
            "formal/pon-nakamoto-v1/experiments/settle_model.py",
            "formal/pon-nakamoto-v1/inference_receipt.py",
            "formal/pon-nakamoto-v1/model_contract.py",
            "formal/pon-nakamoto-v1/test_evaluation.py",
            "formal/pon-nakamoto-v1/test_inference_receipt.py",
            "formal/pon-nakamoto-v1/test_native_execution.py",
            "trillionnium/crates/trnm-mvcc-fee/examples/pon_execute.rs",
            "trillionnium/crates/trnm-mvcc-fee/src/pon_executor.rs"
          ],
          "changed_subjects": [
            "trillionnium/crates/trnm-mvcc-fee/src/pon_executor.rs"
          ],
          "complete_recorded_runtime_matches": false,
          "current_regression_support": false,
          "manifest": "evidence/pon-v3/manifest.json",
          "measured_commit": "242906bae4f281c738c60adbd2c053d2ded1eae5",
          "measured_tree": "160cc493ab4cfb7f3f8c26b2d1621691a0c49502",
          "observed_selectors": [
            "formal/pon-nakamoto-v1/test_native_execution.py::NativeExecutionTests.test_unclaimed_release_budget_refunds_at_reserved_deadline",
            "formal/pon-nakamoto-v1/test_native_execution.py::NativeExecutionTests.test_three_signed_release_generations_preserve_payout_and_retirement"
          ],
          "reexecuted_now": false,
          "runtime_inventory_added": [
            "formal/pon-nakamoto-v1/evaluation_bundle.py",
            "formal/pon-nakamoto-v1/experiments/evaluation_host_parity.py",
            "formal/pon-nakamoto-v1/experiments/executor_comparison.py",
            "formal/pon-nakamoto-v1/experiments/native_host_parity.py",
            "formal/pon-nakamoto-v1/test_evaluation_bundle.py"
          ],
          "runtime_inventory_removed": [],
          "scope": "Recorded native/reference invariants, long history, work costs and same-admin host campaigns.",
          "source_binding_commit": "242906bae4f281c738c60adbd2c053d2ded1eae5",
          "subject_bytes_match": false,
          "unobserved_selectors": [],
          "unrecorded_subjects": []
        },
        "v4": {
          "artifact_integrity_verified": true,
          "changed_runtime_inputs": [
            "formal/pon-nakamoto-v1/evaluation.py",
            "formal/pon-nakamoto-v1/experiments/learning_cycles.py",
            "formal/pon-nakamoto-v1/experiments/model_loop.py",
            "formal/pon-nakamoto-v1/experiments/run_campaign.py",
            "formal/pon-nakamoto-v1/experiments/settle_model.py",
            "formal/pon-nakamoto-v1/inference_receipt.py",
            "formal/pon-nakamoto-v1/model_contract.py",
            "formal/pon-nakamoto-v1/test_evaluation.py",
            "formal/pon-nakamoto-v1/test_inference_receipt.py"
          ],
          "changed_subjects": [],
          "complete_recorded_runtime_matches": false,
          "current_regression_support": false,
          "manifest": "evidence/pon-v4/manifest.json",
          "measured_commit": "30b85c34d1be404dcccd9f415286bb43b00f64ea",
          "measured_tree": "4ee1a9d265f09871b0f167d2a5be77ca4b9839c0",
          "observed_selectors": [
            "formal/pon-nakamoto-v1/test_native_execution.py::NativeExecutionTests.test_unclaimed_release_budget_refunds_at_reserved_deadline",
            "formal/pon-nakamoto-v1/test_native_execution.py::NativeExecutionTests.test_three_signed_release_generations_preserve_payout_and_retirement"
          ],
          "reexecuted_now": false,
          "runtime_inventory_added": [
            "formal/pon-nakamoto-v1/evaluation_bundle.py",
            "formal/pon-nakamoto-v1/experiments/evaluation_host_parity.py",
            "formal/pon-nakamoto-v1/test_evaluation_bundle.py"
          ],
          "runtime_inventory_removed": [],
          "scope": "Block-scoped native comparison and same-admin binary parity; no public TPS.",
          "source_binding_commit": "30b85c34d1be404dcccd9f415286bb43b00f64ea",
          "subject_bytes_match": true,
          "unobserved_selectors": [],
          "unrecorded_subjects": []
        }
      },
      "persistence_owner": null,
      "remaining": "No monetary-value, fairness or external payout reconciliation claim.",
      "runtime_symbols": [
        {
          "path": "formal/pon-nakamoto-v1/ledger.py",
          "symbol": "execute_reference"
        },
        {
          "path": "trillionnium/crates/trnm-mvcc-fee/src/pon_executor.rs",
          "symbol": "execute"
        }
      ]
    },
    {
      "backend": "Native provider command plus state-bound consumer signature",
      "controlled_entrypoint": {
        "path": "formal/pon-nakamoto-v1/native_execution.py",
        "symbol": "execute_native"
      },
      "evidence_selectors": [
        "formal/pon-nakamoto-v1/test_native_execution.py::NativeExecutionTests.test_spent_quota_retirement_preserves_consent_identity",
        "formal/pon-nakamoto-v1/test_contracts.py::ExecutionTests.test_free_consumer_is_not_charged_or_implicitly_authorized"
      ],
      "implementation_kind": "native-component-with-reference-caller",
      "module": "M12",
      "operation": "M12.ConsumeSponsoredQuota",
      "ordinary_product_entrypoint": null,
      "packages": {
        "e3": {
          "artifact_integrity_verified": true,
          "changed_runtime_inputs": [],
          "changed_subjects": [],
          "complete_recorded_runtime_matches": true,
          "current_regression_support": true,
          "manifest": "evidence/pon-evaluation-bundle-v1/manifest.json",
          "measured_commit": "50e158640d8278ca94dbecb6539dab96c6a9fb84",
          "measured_tree": "d61a69d3433db127019924d269bf25ded3aecf60",
          "observed_selectors": [
            "formal/pon-nakamoto-v1/test_native_execution.py::NativeExecutionTests.test_spent_quota_retirement_preserves_consent_identity",
            "formal/pon-nakamoto-v1/test_contracts.py::ExecutionTests.test_free_consumer_is_not_charged_or_implicitly_authorized"
          ],
          "reexecuted_now": false,
          "runtime_inventory_added": [],
          "runtime_inventory_removed": [],
          "scope": "Sealed evaluation and full consent; actual zero adoption/reward and same-admin evaluator parity.",
          "source_binding_commit": "50e158640d8278ca94dbecb6539dab96c6a9fb84",
          "subject_bytes_match": true,
          "unobserved_selectors": [],
          "unrecorded_subjects": []
        },
        "v1": {
          "artifact_integrity_verified": true,
          "changed_runtime_inputs": [
            "config/pon/devnet-v1.json",
            "config/pon/ledger-v1.json",
            "formal/pon-nakamoto-v1/experiments/local_network.py",
            "formal/pon-nakamoto-v1/experiments/model_loop.py",
            "formal/pon-nakamoto-v1/experiments/run_campaign.py",
            "formal/pon-nakamoto-v1/experiments/settle_model.py",
            "formal/pon-nakamoto-v1/ledger.py",
            "formal/pon-nakamoto-v1/test_contracts.py",
            "formal/pon-nakamoto-v1/vectors/expected.json",
            "formal/pon-nakamoto-v1/vectors/header-short.bin",
            "formal/pon-nakamoto-v1/vectors/header-trailing.bin",
            "formal/pon-nakamoto-v1/vectors/header-version.bin",
            "formal/pon-nakamoto-v1/vectors/header.bin",
            "formal/pon-nakamoto-v1/vectors/tx-01.bin",
            "formal/pon-nakamoto-v1/vectors/tx-02.bin",
            "formal/pon-nakamoto-v1/vectors/tx-03.bin",
            "formal/pon-nakamoto-v1/vectors/tx-04.bin",
            "formal/pon-nakamoto-v1/vectors/tx-05.bin",
            "formal/pon-nakamoto-v1/vectors/tx-06.bin",
            "formal/pon-nakamoto-v1/vectors/tx-07.bin",
            "formal/pon-nakamoto-v1/vectors/tx-08.bin",
            "formal/pon-nakamoto-v1/vectors/tx-09.bin",
            "formal/pon-nakamoto-v1/vectors/tx-10.bin",
            "formal/pon-nakamoto-v1/vectors/tx-11.bin",
            "formal/pon-nakamoto-v1/vectors/tx-12.bin",
            "formal/pon-nakamoto-v1/vectors/tx-bad-length.bin",
            "formal/pon-nakamoto-v1/vectors/tx-short.bin",
            "formal/pon-nakamoto-v1/vectors/tx-trailing.bin",
            "formal/pon-nakamoto-v1/vectors/tx-unknown.bin",
            "formal/pon-nakamoto-v1/vectors/tx-zero-nonce.bin",
            "formal/pon-nakamoto-v1/vectors/work.bin",
            "trillionnium/Cargo.lock",
            "trillionnium/crates/trnm-crypto-primitives/src/lib.rs",
            "trillionnium/crates/trnm-mvcc-fee/Cargo.toml",
            "trillionnium/crates/trnm-mvcc-fee/src/lib.rs",
            "trillionnium/crates/trnm-protocol/src/pon_wire.rs",
            "trillionnium/crates/trnm-transport/Cargo.toml",
            "trillionnium/crates/trnm-transport/src/lib.rs"
          ],
          "changed_subjects": [
            "config/pon/devnet-v1.json",
            "config/pon/ledger-v1.json",
            "formal/pon-nakamoto-v1/ledger.py"
          ],
          "complete_recorded_runtime_matches": false,
          "current_regression_support": false,
          "manifest": "evidence/pon-v1/manifest.json",
          "measured_commit": "8b87fee77ddee6a9778e8bebe880ba2627b05d5d",
          "measured_tree": null,
          "observed_selectors": [],
          "reexecuted_now": false,
          "runtime_inventory_added": [
            "formal/pon-nakamoto-v1/bounded_process.py",
            "formal/pon-nakamoto-v1/evaluation.py",
            "formal/pon-nakamoto-v1/evaluation_bundle.py",
            "formal/pon-nakamoto-v1/experiments/evaluation_host_parity.py",
            "formal/pon-nakamoto-v1/experiments/executor_comparison.py",
            "formal/pon-nakamoto-v1/experiments/learning_cycles.py",
            "formal/pon-nakamoto-v1/experiments/long_history.py",
            "formal/pon-nakamoto-v1/experiments/multihost_campaign.py",
            "formal/pon-nakamoto-v1/experiments/native_host_parity.py",
            "formal/pon-nakamoto-v1/experiments/parallel_cost.py",
            "formal/pon-nakamoto-v1/experiments/remote_peer.py",
            "formal/pon-nakamoto-v1/generate_accepted_block.py",
            "formal/pon-nakamoto-v1/inference_receipt.py",
            "formal/pon-nakamoto-v1/model_contract.py",
            "formal/pon-nakamoto-v1/native_execution.py",
            "formal/pon-nakamoto-v1/strict_signature.py",
            "formal/pon-nakamoto-v1/test_artifacts.py",
            "formal/pon-nakamoto-v1/test_bounded_process.py",
            "formal/pon-nakamoto-v1/test_evaluation.py",
            "formal/pon-nakamoto-v1/test_evaluation_bundle.py",
            "formal/pon-nakamoto-v1/test_inference_receipt.py",
            "formal/pon-nakamoto-v1/test_invariants.py",
            "formal/pon-nakamoto-v1/test_model_contract.py",
            "formal/pon-nakamoto-v1/test_native_execution.py",
            "formal/pon-nakamoto-v1/test_strict_signature.py",
            "formal/pon-nakamoto-v1/test_work_backend.py",
            "formal/pon-nakamoto-v1/vectors/accepted-block/expected.json",
            "formal/pon-nakamoto-v1/vectors/accepted-block/genesis-state.json",
            "formal/pon-nakamoto-v1/vectors/accepted-block/header.bin",
            "formal/pon-nakamoto-v1/vectors/accepted-block/post-state.json",
            "formal/pon-nakamoto-v1/vectors/accepted-block/transaction.bin",
            "formal/pon-nakamoto-v1/vectors/accepted-block/work.bin",
            "formal/pon-nakamoto-v1/work_backend.py",
            "trillionnium/crates/trnm-crypto-primitives/examples/pon_adversarial_cost.rs",
            "trillionnium/crates/trnm-crypto-primitives/examples/pon_work_io.rs",
            "trillionnium/crates/trnm-mvcc-fee/examples/pon_execute.rs",
            "trillionnium/crates/trnm-mvcc-fee/src/pon_executor.rs",
            "trillionnium/crates/trnm-transport/examples/pon_admission_load.rs",
            "trillionnium/crates/trnm-transport/src/proof_admission.rs"
          ],
          "runtime_inventory_removed": [],
          "scope": "Original revision1 work, ledger, model and loopback experiments; historical only.",
          "source_binding_commit": "5d59b9540268914794a62e8fa237caf999499314",
          "subject_bytes_match": false,
          "unobserved_selectors": [
            "formal/pon-nakamoto-v1/test_native_execution.py::NativeExecutionTests.test_spent_quota_retirement_preserves_consent_identity",
            "formal/pon-nakamoto-v1/test_contracts.py::ExecutionTests.test_free_consumer_is_not_charged_or_implicitly_authorized"
          ],
          "unrecorded_subjects": [
            "formal/pon-nakamoto-v1/native_execution.py",
            "trillionnium/crates/trnm-mvcc-fee/src/pon_executor.rs"
          ]
        },
        "v3": {
          "artifact_integrity_verified": true,
          "changed_runtime_inputs": [
            "formal/pon-nakamoto-v1/evaluation.py",
            "formal/pon-nakamoto-v1/experiments/learning_cycles.py",
            "formal/pon-nakamoto-v1/experiments/model_loop.py",
            "formal/pon-nakamoto-v1/experiments/run_campaign.py",
            "formal/pon-nakamoto-v1/experiments/settle_model.py",
            "formal/pon-nakamoto-v1/inference_receipt.py",
            "formal/pon-nakamoto-v1/model_contract.py",
            "formal/pon-nakamoto-v1/test_evaluation.py",
            "formal/pon-nakamoto-v1/test_inference_receipt.py",
            "formal/pon-nakamoto-v1/test_native_execution.py",
            "trillionnium/crates/trnm-mvcc-fee/examples/pon_execute.rs",
            "trillionnium/crates/trnm-mvcc-fee/src/pon_executor.rs"
          ],
          "changed_subjects": [
            "trillionnium/crates/trnm-mvcc-fee/src/pon_executor.rs"
          ],
          "complete_recorded_runtime_matches": false,
          "current_regression_support": false,
          "manifest": "evidence/pon-v3/manifest.json",
          "measured_commit": "242906bae4f281c738c60adbd2c053d2ded1eae5",
          "measured_tree": "160cc493ab4cfb7f3f8c26b2d1621691a0c49502",
          "observed_selectors": [
            "formal/pon-nakamoto-v1/test_native_execution.py::NativeExecutionTests.test_spent_quota_retirement_preserves_consent_identity",
            "formal/pon-nakamoto-v1/test_contracts.py::ExecutionTests.test_free_consumer_is_not_charged_or_implicitly_authorized"
          ],
          "reexecuted_now": false,
          "runtime_inventory_added": [
            "formal/pon-nakamoto-v1/evaluation_bundle.py",
            "formal/pon-nakamoto-v1/experiments/evaluation_host_parity.py",
            "formal/pon-nakamoto-v1/experiments/executor_comparison.py",
            "formal/pon-nakamoto-v1/experiments/native_host_parity.py",
            "formal/pon-nakamoto-v1/test_evaluation_bundle.py"
          ],
          "runtime_inventory_removed": [],
          "scope": "Recorded native/reference invariants, long history, work costs and same-admin host campaigns.",
          "source_binding_commit": "242906bae4f281c738c60adbd2c053d2ded1eae5",
          "subject_bytes_match": false,
          "unobserved_selectors": [],
          "unrecorded_subjects": []
        },
        "v4": {
          "artifact_integrity_verified": true,
          "changed_runtime_inputs": [
            "formal/pon-nakamoto-v1/evaluation.py",
            "formal/pon-nakamoto-v1/experiments/learning_cycles.py",
            "formal/pon-nakamoto-v1/experiments/model_loop.py",
            "formal/pon-nakamoto-v1/experiments/run_campaign.py",
            "formal/pon-nakamoto-v1/experiments/settle_model.py",
            "formal/pon-nakamoto-v1/inference_receipt.py",
            "formal/pon-nakamoto-v1/model_contract.py",
            "formal/pon-nakamoto-v1/test_evaluation.py",
            "formal/pon-nakamoto-v1/test_inference_receipt.py"
          ],
          "changed_subjects": [],
          "complete_recorded_runtime_matches": false,
          "current_regression_support": false,
          "manifest": "evidence/pon-v4/manifest.json",
          "measured_commit": "30b85c34d1be404dcccd9f415286bb43b00f64ea",
          "measured_tree": "4ee1a9d265f09871b0f167d2a5be77ca4b9839c0",
          "observed_selectors": [
            "formal/pon-nakamoto-v1/test_native_execution.py::NativeExecutionTests.test_spent_quota_retirement_preserves_consent_identity",
            "formal/pon-nakamoto-v1/test_contracts.py::ExecutionTests.test_free_consumer_is_not_charged_or_implicitly_authorized"
          ],
          "reexecuted_now": false,
          "runtime_inventory_added": [
            "formal/pon-nakamoto-v1/evaluation_bundle.py",
            "formal/pon-nakamoto-v1/experiments/evaluation_host_parity.py",
            "formal/pon-nakamoto-v1/test_evaluation_bundle.py"
          ],
          "runtime_inventory_removed": [],
          "scope": "Block-scoped native comparison and same-admin binary parity; no public TPS.",
          "source_binding_commit": "30b85c34d1be404dcccd9f415286bb43b00f64ea",
          "subject_bytes_match": true,
          "unobserved_selectors": [],
          "unrecorded_subjects": []
        }
      },
      "persistence_owner": null,
      "remaining": "Real GPU availability, delivery evidence, sponsor self-traffic and sustainable funding remain separate.",
      "runtime_symbols": [
        {
          "path": "formal/pon-nakamoto-v1/ledger.py",
          "symbol": "execute_reference"
        },
        {
          "path": "trillionnium/crates/trnm-mvcc-fee/src/pon_executor.rs",
          "symbol": "execute"
        }
      ]
    },
    {
      "backend": "Reference root-checked checkpoint/delta replay with spooled ancestry",
      "controlled_entrypoint": {
        "path": "formal/pon-nakamoto-v1/ledger.py",
        "symbol": "Ledger.state_at"
      },
      "evidence_selectors": [
        "formal/pon-nakamoto-v1/test_invariants.py::StreamingReplayTests.test_missing_checkpoints_spill_and_cancel_without_height_veto"
      ],
      "implementation_kind": "reference-owner",
      "module": "M13",
      "operation": "M13.RebuildBranchState",
      "ordinary_product_entrypoint": null,
      "packages": {
        "e3": {
          "artifact_integrity_verified": true,
          "changed_runtime_inputs": [],
          "changed_subjects": [],
          "complete_recorded_runtime_matches": true,
          "current_regression_support": true,
          "manifest": "evidence/pon-evaluation-bundle-v1/manifest.json",
          "measured_commit": "50e158640d8278ca94dbecb6539dab96c6a9fb84",
          "measured_tree": "d61a69d3433db127019924d269bf25ded3aecf60",
          "observed_selectors": [
            "formal/pon-nakamoto-v1/test_invariants.py::StreamingReplayTests.test_missing_checkpoints_spill_and_cancel_without_height_veto"
          ],
          "reexecuted_now": false,
          "runtime_inventory_added": [],
          "runtime_inventory_removed": [],
          "scope": "Sealed evaluation and full consent; actual zero adoption/reward and same-admin evaluator parity.",
          "source_binding_commit": "50e158640d8278ca94dbecb6539dab96c6a9fb84",
          "subject_bytes_match": true,
          "unobserved_selectors": [],
          "unrecorded_subjects": []
        },
        "v1": {
          "artifact_integrity_verified": true,
          "changed_runtime_inputs": [
            "config/pon/devnet-v1.json",
            "config/pon/ledger-v1.json",
            "formal/pon-nakamoto-v1/experiments/local_network.py",
            "formal/pon-nakamoto-v1/experiments/model_loop.py",
            "formal/pon-nakamoto-v1/experiments/run_campaign.py",
            "formal/pon-nakamoto-v1/experiments/settle_model.py",
            "formal/pon-nakamoto-v1/ledger.py",
            "formal/pon-nakamoto-v1/test_contracts.py",
            "formal/pon-nakamoto-v1/vectors/expected.json",
            "formal/pon-nakamoto-v1/vectors/header-short.bin",
            "formal/pon-nakamoto-v1/vectors/header-trailing.bin",
            "formal/pon-nakamoto-v1/vectors/header-version.bin",
            "formal/pon-nakamoto-v1/vectors/header.bin",
            "formal/pon-nakamoto-v1/vectors/tx-01.bin",
            "formal/pon-nakamoto-v1/vectors/tx-02.bin",
            "formal/pon-nakamoto-v1/vectors/tx-03.bin",
            "formal/pon-nakamoto-v1/vectors/tx-04.bin",
            "formal/pon-nakamoto-v1/vectors/tx-05.bin",
            "formal/pon-nakamoto-v1/vectors/tx-06.bin",
            "formal/pon-nakamoto-v1/vectors/tx-07.bin",
            "formal/pon-nakamoto-v1/vectors/tx-08.bin",
            "formal/pon-nakamoto-v1/vectors/tx-09.bin",
            "formal/pon-nakamoto-v1/vectors/tx-10.bin",
            "formal/pon-nakamoto-v1/vectors/tx-11.bin",
            "formal/pon-nakamoto-v1/vectors/tx-12.bin",
            "formal/pon-nakamoto-v1/vectors/tx-bad-length.bin",
            "formal/pon-nakamoto-v1/vectors/tx-short.bin",
            "formal/pon-nakamoto-v1/vectors/tx-trailing.bin",
            "formal/pon-nakamoto-v1/vectors/tx-unknown.bin",
            "formal/pon-nakamoto-v1/vectors/tx-zero-nonce.bin",
            "formal/pon-nakamoto-v1/vectors/work.bin",
            "trillionnium/Cargo.lock",
            "trillionnium/crates/trnm-crypto-primitives/src/lib.rs",
            "trillionnium/crates/trnm-mvcc-fee/Cargo.toml",
            "trillionnium/crates/trnm-mvcc-fee/src/lib.rs",
            "trillionnium/crates/trnm-protocol/src/pon_wire.rs",
            "trillionnium/crates/trnm-transport/Cargo.toml",
            "trillionnium/crates/trnm-transport/src/lib.rs"
          ],
          "changed_subjects": [
            "config/pon/devnet-v1.json",
            "config/pon/ledger-v1.json",
            "formal/pon-nakamoto-v1/ledger.py"
          ],
          "complete_recorded_runtime_matches": false,
          "current_regression_support": false,
          "manifest": "evidence/pon-v1/manifest.json",
          "measured_commit": "8b87fee77ddee6a9778e8bebe880ba2627b05d5d",
          "measured_tree": null,
          "observed_selectors": [],
          "reexecuted_now": false,
          "runtime_inventory_added": [
            "formal/pon-nakamoto-v1/bounded_process.py",
            "formal/pon-nakamoto-v1/evaluation.py",
            "formal/pon-nakamoto-v1/evaluation_bundle.py",
            "formal/pon-nakamoto-v1/experiments/evaluation_host_parity.py",
            "formal/pon-nakamoto-v1/experiments/executor_comparison.py",
            "formal/pon-nakamoto-v1/experiments/learning_cycles.py",
            "formal/pon-nakamoto-v1/experiments/long_history.py",
            "formal/pon-nakamoto-v1/experiments/multihost_campaign.py",
            "formal/pon-nakamoto-v1/experiments/native_host_parity.py",
            "formal/pon-nakamoto-v1/experiments/parallel_cost.py",
            "formal/pon-nakamoto-v1/experiments/remote_peer.py",
            "formal/pon-nakamoto-v1/generate_accepted_block.py",
            "formal/pon-nakamoto-v1/inference_receipt.py",
            "formal/pon-nakamoto-v1/model_contract.py",
            "formal/pon-nakamoto-v1/native_execution.py",
            "formal/pon-nakamoto-v1/strict_signature.py",
            "formal/pon-nakamoto-v1/test_artifacts.py",
            "formal/pon-nakamoto-v1/test_bounded_process.py",
            "formal/pon-nakamoto-v1/test_evaluation.py",
            "formal/pon-nakamoto-v1/test_evaluation_bundle.py",
            "formal/pon-nakamoto-v1/test_inference_receipt.py",
            "formal/pon-nakamoto-v1/test_invariants.py",
            "formal/pon-nakamoto-v1/test_model_contract.py",
            "formal/pon-nakamoto-v1/test_native_execution.py",
            "formal/pon-nakamoto-v1/test_strict_signature.py",
            "formal/pon-nakamoto-v1/test_work_backend.py",
            "formal/pon-nakamoto-v1/vectors/accepted-block/expected.json",
            "formal/pon-nakamoto-v1/vectors/accepted-block/genesis-state.json",
            "formal/pon-nakamoto-v1/vectors/accepted-block/header.bin",
            "formal/pon-nakamoto-v1/vectors/accepted-block/post-state.json",
            "formal/pon-nakamoto-v1/vectors/accepted-block/transaction.bin",
            "formal/pon-nakamoto-v1/vectors/accepted-block/work.bin",
            "formal/pon-nakamoto-v1/work_backend.py",
            "trillionnium/crates/trnm-crypto-primitives/examples/pon_adversarial_cost.rs",
            "trillionnium/crates/trnm-crypto-primitives/examples/pon_work_io.rs",
            "trillionnium/crates/trnm-mvcc-fee/examples/pon_execute.rs",
            "trillionnium/crates/trnm-mvcc-fee/src/pon_executor.rs",
            "trillionnium/crates/trnm-transport/examples/pon_admission_load.rs",
            "trillionnium/crates/trnm-transport/src/proof_admission.rs"
          ],
          "runtime_inventory_removed": [],
          "scope": "Original revision1 work, ledger, model and loopback experiments; historical only.",
          "source_binding_commit": "5d59b9540268914794a62e8fa237caf999499314",
          "subject_bytes_match": false,
          "unobserved_selectors": [
            "formal/pon-nakamoto-v1/test_invariants.py::StreamingReplayTests.test_missing_checkpoints_spill_and_cancel_without_height_veto"
          ],
          "unrecorded_subjects": []
        },
        "v3": {
          "artifact_integrity_verified": true,
          "changed_runtime_inputs": [
            "formal/pon-nakamoto-v1/evaluation.py",
            "formal/pon-nakamoto-v1/experiments/learning_cycles.py",
            "formal/pon-nakamoto-v1/experiments/model_loop.py",
            "formal/pon-nakamoto-v1/experiments/run_campaign.py",
            "formal/pon-nakamoto-v1/experiments/settle_model.py",
            "formal/pon-nakamoto-v1/inference_receipt.py",
            "formal/pon-nakamoto-v1/model_contract.py",
            "formal/pon-nakamoto-v1/test_evaluation.py",
            "formal/pon-nakamoto-v1/test_inference_receipt.py",
            "formal/pon-nakamoto-v1/test_native_execution.py",
            "trillionnium/crates/trnm-mvcc-fee/examples/pon_execute.rs",
            "trillionnium/crates/trnm-mvcc-fee/src/pon_executor.rs"
          ],
          "changed_subjects": [],
          "complete_recorded_runtime_matches": false,
          "current_regression_support": false,
          "manifest": "evidence/pon-v3/manifest.json",
          "measured_commit": "242906bae4f281c738c60adbd2c053d2ded1eae5",
          "measured_tree": "160cc493ab4cfb7f3f8c26b2d1621691a0c49502",
          "observed_selectors": [
            "formal/pon-nakamoto-v1/test_invariants.py::StreamingReplayTests.test_missing_checkpoints_spill_and_cancel_without_height_veto"
          ],
          "reexecuted_now": false,
          "runtime_inventory_added": [
            "formal/pon-nakamoto-v1/evaluation_bundle.py",
            "formal/pon-nakamoto-v1/experiments/evaluation_host_parity.py",
            "formal/pon-nakamoto-v1/experiments/executor_comparison.py",
            "formal/pon-nakamoto-v1/experiments/native_host_parity.py",
            "formal/pon-nakamoto-v1/test_evaluation_bundle.py"
          ],
          "runtime_inventory_removed": [],
          "scope": "Recorded native/reference invariants, long history, work costs and same-admin host campaigns.",
          "source_binding_commit": "242906bae4f281c738c60adbd2c053d2ded1eae5",
          "subject_bytes_match": true,
          "unobserved_selectors": [],
          "unrecorded_subjects": []
        },
        "v4": {
          "artifact_integrity_verified": true,
          "changed_runtime_inputs": [
            "formal/pon-nakamoto-v1/evaluation.py",
            "formal/pon-nakamoto-v1/experiments/learning_cycles.py",
            "formal/pon-nakamoto-v1/experiments/model_loop.py",
            "formal/pon-nakamoto-v1/experiments/run_campaign.py",
            "formal/pon-nakamoto-v1/experiments/settle_model.py",
            "formal/pon-nakamoto-v1/inference_receipt.py",
            "formal/pon-nakamoto-v1/model_contract.py",
            "formal/pon-nakamoto-v1/test_evaluation.py",
            "formal/pon-nakamoto-v1/test_inference_receipt.py"
          ],
          "changed_subjects": [],
          "complete_recorded_runtime_matches": false,
          "current_regression_support": false,
          "manifest": "evidence/pon-v4/manifest.json",
          "measured_commit": "30b85c34d1be404dcccd9f415286bb43b00f64ea",
          "measured_tree": "4ee1a9d265f09871b0f167d2a5be77ca4b9839c0",
          "observed_selectors": [
            "formal/pon-nakamoto-v1/test_invariants.py::StreamingReplayTests.test_missing_checkpoints_spill_and_cancel_without_height_veto"
          ],
          "reexecuted_now": false,
          "runtime_inventory_added": [
            "formal/pon-nakamoto-v1/evaluation_bundle.py",
            "formal/pon-nakamoto-v1/experiments/evaluation_host_parity.py",
            "formal/pon-nakamoto-v1/test_evaluation_bundle.py"
          ],
          "runtime_inventory_removed": [],
          "scope": "Block-scoped native comparison and same-admin binary parity; no public TPS.",
          "source_binding_commit": "30b85c34d1be404dcccd9f415286bb43b00f64ea",
          "subject_bytes_match": true,
          "unobserved_selectors": [],
          "unrecorded_subjects": []
        }
      },
      "persistence_owner": {
        "path": "formal/pon-nakamoto-v1/ledger.py",
        "symbol": "Ledger"
      },
      "remaining": "Checkpoint/spool tests do not demonstrate native paged WAN synchronization or long-term archival economics.",
      "runtime_symbols": [
        {
          "path": "formal/pon-nakamoto-v1/ledger.py",
          "symbol": "Ledger.state_at"
        }
      ]
    },
    {
      "backend": "Per-block verifier exists; persistent resumable history-stream consumer is not integrated",
      "controlled_entrypoint": null,
      "evidence_selectors": [],
      "implementation_kind": "specified-not-integrated",
      "module": "M13",
      "operation": "M13.VerifyIncomingHistory",
      "ordinary_product_entrypoint": null,
      "packages": {
        "e3": {
          "artifact_integrity_verified": true,
          "changed_runtime_inputs": [],
          "changed_subjects": [],
          "complete_recorded_runtime_matches": true,
          "current_regression_support": false,
          "manifest": "evidence/pon-evaluation-bundle-v1/manifest.json",
          "measured_commit": "50e158640d8278ca94dbecb6539dab96c6a9fb84",
          "measured_tree": "d61a69d3433db127019924d269bf25ded3aecf60",
          "observed_selectors": [],
          "reexecuted_now": false,
          "runtime_inventory_added": [],
          "runtime_inventory_removed": [],
          "scope": "Sealed evaluation and full consent; actual zero adoption/reward and same-admin evaluator parity.",
          "source_binding_commit": "50e158640d8278ca94dbecb6539dab96c6a9fb84",
          "subject_bytes_match": true,
          "unobserved_selectors": [],
          "unrecorded_subjects": []
        },
        "v1": {
          "artifact_integrity_verified": true,
          "changed_runtime_inputs": [
            "config/pon/devnet-v1.json",
            "config/pon/ledger-v1.json",
            "formal/pon-nakamoto-v1/experiments/local_network.py",
            "formal/pon-nakamoto-v1/experiments/model_loop.py",
            "formal/pon-nakamoto-v1/experiments/run_campaign.py",
            "formal/pon-nakamoto-v1/experiments/settle_model.py",
            "formal/pon-nakamoto-v1/ledger.py",
            "formal/pon-nakamoto-v1/test_contracts.py",
            "formal/pon-nakamoto-v1/vectors/expected.json",
            "formal/pon-nakamoto-v1/vectors/header-short.bin",
            "formal/pon-nakamoto-v1/vectors/header-trailing.bin",
            "formal/pon-nakamoto-v1/vectors/header-version.bin",
            "formal/pon-nakamoto-v1/vectors/header.bin",
            "formal/pon-nakamoto-v1/vectors/tx-01.bin",
            "formal/pon-nakamoto-v1/vectors/tx-02.bin",
            "formal/pon-nakamoto-v1/vectors/tx-03.bin",
            "formal/pon-nakamoto-v1/vectors/tx-04.bin",
            "formal/pon-nakamoto-v1/vectors/tx-05.bin",
            "formal/pon-nakamoto-v1/vectors/tx-06.bin",
            "formal/pon-nakamoto-v1/vectors/tx-07.bin",
            "formal/pon-nakamoto-v1/vectors/tx-08.bin",
            "formal/pon-nakamoto-v1/vectors/tx-09.bin",
            "formal/pon-nakamoto-v1/vectors/tx-10.bin",
            "formal/pon-nakamoto-v1/vectors/tx-11.bin",
            "formal/pon-nakamoto-v1/vectors/tx-12.bin",
            "formal/pon-nakamoto-v1/vectors/tx-bad-length.bin",
            "formal/pon-nakamoto-v1/vectors/tx-short.bin",
            "formal/pon-nakamoto-v1/vectors/tx-trailing.bin",
            "formal/pon-nakamoto-v1/vectors/tx-unknown.bin",
            "formal/pon-nakamoto-v1/vectors/tx-zero-nonce.bin",
            "formal/pon-nakamoto-v1/vectors/work.bin",
            "trillionnium/Cargo.lock",
            "trillionnium/crates/trnm-crypto-primitives/src/lib.rs",
            "trillionnium/crates/trnm-mvcc-fee/Cargo.toml",
            "trillionnium/crates/trnm-mvcc-fee/src/lib.rs",
            "trillionnium/crates/trnm-protocol/src/pon_wire.rs",
            "trillionnium/crates/trnm-transport/Cargo.toml",
            "trillionnium/crates/trnm-transport/src/lib.rs"
          ],
          "changed_subjects": [
            "config/pon/devnet-v1.json",
            "config/pon/ledger-v1.json",
            "formal/pon-nakamoto-v1/ledger.py"
          ],
          "complete_recorded_runtime_matches": false,
          "current_regression_support": false,
          "manifest": "evidence/pon-v1/manifest.json",
          "measured_commit": "8b87fee77ddee6a9778e8bebe880ba2627b05d5d",
          "measured_tree": null,
          "observed_selectors": [],
          "reexecuted_now": false,
          "runtime_inventory_added": [
            "formal/pon-nakamoto-v1/bounded_process.py",
            "formal/pon-nakamoto-v1/evaluation.py",
            "formal/pon-nakamoto-v1/evaluation_bundle.py",
            "formal/pon-nakamoto-v1/experiments/evaluation_host_parity.py",
            "formal/pon-nakamoto-v1/experiments/executor_comparison.py",
            "formal/pon-nakamoto-v1/experiments/learning_cycles.py",
            "formal/pon-nakamoto-v1/experiments/long_history.py",
            "formal/pon-nakamoto-v1/experiments/multihost_campaign.py",
            "formal/pon-nakamoto-v1/experiments/native_host_parity.py",
            "formal/pon-nakamoto-v1/experiments/parallel_cost.py",
            "formal/pon-nakamoto-v1/experiments/remote_peer.py",
            "formal/pon-nakamoto-v1/generate_accepted_block.py",
            "formal/pon-nakamoto-v1/inference_receipt.py",
            "formal/pon-nakamoto-v1/model_contract.py",
            "formal/pon-nakamoto-v1/native_execution.py",
            "formal/pon-nakamoto-v1/strict_signature.py",
            "formal/pon-nakamoto-v1/test_artifacts.py",
            "formal/pon-nakamoto-v1/test_bounded_process.py",
            "formal/pon-nakamoto-v1/test_evaluation.py",
            "formal/pon-nakamoto-v1/test_evaluation_bundle.py",
            "formal/pon-nakamoto-v1/test_inference_receipt.py",
            "formal/pon-nakamoto-v1/test_invariants.py",
            "formal/pon-nakamoto-v1/test_model_contract.py",
            "formal/pon-nakamoto-v1/test_native_execution.py",
            "formal/pon-nakamoto-v1/test_strict_signature.py",
            "formal/pon-nakamoto-v1/test_work_backend.py",
            "formal/pon-nakamoto-v1/vectors/accepted-block/expected.json",
            "formal/pon-nakamoto-v1/vectors/accepted-block/genesis-state.json",
            "formal/pon-nakamoto-v1/vectors/accepted-block/header.bin",
            "formal/pon-nakamoto-v1/vectors/accepted-block/post-state.json",
            "formal/pon-nakamoto-v1/vectors/accepted-block/transaction.bin",
            "formal/pon-nakamoto-v1/vectors/accepted-block/work.bin",
            "formal/pon-nakamoto-v1/work_backend.py",
            "trillionnium/crates/trnm-crypto-primitives/examples/pon_adversarial_cost.rs",
            "trillionnium/crates/trnm-crypto-primitives/examples/pon_work_io.rs",
            "trillionnium/crates/trnm-mvcc-fee/examples/pon_execute.rs",
            "trillionnium/crates/trnm-mvcc-fee/src/pon_executor.rs",
            "trillionnium/crates/trnm-transport/examples/pon_admission_load.rs",
            "trillionnium/crates/trnm-transport/src/proof_admission.rs"
          ],
          "runtime_inventory_removed": [],
          "scope": "Original revision1 work, ledger, model and loopback experiments; historical only.",
          "source_binding_commit": "5d59b9540268914794a62e8fa237caf999499314",
          "subject_bytes_match": false,
          "unobserved_selectors": [],
          "unrecorded_subjects": []
        },
        "v3": {
          "artifact_integrity_verified": true,
          "changed_runtime_inputs": [
            "formal/pon-nakamoto-v1/evaluation.py",
            "formal/pon-nakamoto-v1/experiments/learning_cycles.py",
            "formal/pon-nakamoto-v1/experiments/model_loop.py",
            "formal/pon-nakamoto-v1/experiments/run_campaign.py",
            "formal/pon-nakamoto-v1/experiments/settle_model.py",
            "formal/pon-nakamoto-v1/inference_receipt.py",
            "formal/pon-nakamoto-v1/model_contract.py",
            "formal/pon-nakamoto-v1/test_evaluation.py",
            "formal/pon-nakamoto-v1/test_inference_receipt.py",
            "formal/pon-nakamoto-v1/test_native_execution.py",
            "trillionnium/crates/trnm-mvcc-fee/examples/pon_execute.rs",
            "trillionnium/crates/trnm-mvcc-fee/src/pon_executor.rs"
          ],
          "changed_subjects": [],
          "complete_recorded_runtime_matches": false,
          "current_regression_support": false,
          "manifest": "evidence/pon-v3/manifest.json",
          "measured_commit": "242906bae4f281c738c60adbd2c053d2ded1eae5",
          "measured_tree": "160cc493ab4cfb7f3f8c26b2d1621691a0c49502",
          "observed_selectors": [],
          "reexecuted_now": false,
          "runtime_inventory_added": [
            "formal/pon-nakamoto-v1/evaluation_bundle.py",
            "formal/pon-nakamoto-v1/experiments/evaluation_host_parity.py",
            "formal/pon-nakamoto-v1/experiments/executor_comparison.py",
            "formal/pon-nakamoto-v1/experiments/native_host_parity.py",
            "formal/pon-nakamoto-v1/test_evaluation_bundle.py"
          ],
          "runtime_inventory_removed": [],
          "scope": "Recorded native/reference invariants, long history, work costs and same-admin host campaigns.",
          "source_binding_commit": "242906bae4f281c738c60adbd2c053d2ded1eae5",
          "subject_bytes_match": true,
          "unobserved_selectors": [],
          "unrecorded_subjects": []
        },
        "v4": {
          "artifact_integrity_verified": true,
          "changed_runtime_inputs": [
            "formal/pon-nakamoto-v1/evaluation.py",
            "formal/pon-nakamoto-v1/experiments/learning_cycles.py",
            "formal/pon-nakamoto-v1/experiments/model_loop.py",
            "formal/pon-nakamoto-v1/experiments/run_campaign.py",
            "formal/pon-nakamoto-v1/experiments/settle_model.py",
            "formal/pon-nakamoto-v1/inference_receipt.py",
            "formal/pon-nakamoto-v1/model_contract.py",
            "formal/pon-nakamoto-v1/test_evaluation.py",
            "formal/pon-nakamoto-v1/test_inference_receipt.py"
          ],
          "changed_subjects": [],
          "complete_recorded_runtime_matches": false,
          "current_regression_support": false,
          "manifest": "evidence/pon-v4/manifest.json",
          "measured_commit": "30b85c34d1be404dcccd9f415286bb43b00f64ea",
          "measured_tree": "4ee1a9d265f09871b0f167d2a5be77ca4b9839c0",
          "observed_selectors": [],
          "reexecuted_now": false,
          "runtime_inventory_added": [
            "formal/pon-nakamoto-v1/evaluation_bundle.py",
            "formal/pon-nakamoto-v1/experiments/evaluation_host_parity.py",
            "formal/pon-nakamoto-v1/test_evaluation_bundle.py"
          ],
          "runtime_inventory_removed": [],
          "scope": "Block-scoped native comparison and same-admin binary parity; no public TPS.",
          "source_binding_commit": "30b85c34d1be404dcccd9f415286bb43b00f64ea",
          "subject_bytes_match": true,
          "unobserved_selectors": [],
          "unrecorded_subjects": []
        }
      },
      "persistence_owner": {
        "path": "formal/pon-nakamoto-v1/ledger.py",
        "symbol": "Ledger"
      },
      "remaining": "No complete incoming-history API, cursor or network pagination is inferred from repeated admit calls.",
      "runtime_symbols": [
        {
          "path": "formal/pon-nakamoto-v1/ledger.py",
          "symbol": "Ledger.admit"
        }
      ]
    },
    {
      "backend": "Consistent reference SQLite read, not independently verified client confirmation",
      "controlled_entrypoint": {
        "path": "formal/pon-nakamoto-v1/experiments/local_network.py",
        "symbol": "serve"
      },
      "evidence_selectors": [
        "formal/pon-nakamoto-v1/test_contracts.py::DiskReorgTests.test_every_reorg_process_crash_cut_recovers_exactly"
      ],
      "implementation_kind": "reference-owner",
      "module": "M14",
      "operation": "M14.QueryCurrentState",
      "ordinary_product_entrypoint": null,
      "packages": {
        "e3": {
          "artifact_integrity_verified": true,
          "changed_runtime_inputs": [],
          "changed_subjects": [],
          "complete_recorded_runtime_matches": true,
          "current_regression_support": true,
          "manifest": "evidence/pon-evaluation-bundle-v1/manifest.json",
          "measured_commit": "50e158640d8278ca94dbecb6539dab96c6a9fb84",
          "measured_tree": "d61a69d3433db127019924d269bf25ded3aecf60",
          "observed_selectors": [
            "formal/pon-nakamoto-v1/test_contracts.py::DiskReorgTests.test_every_reorg_process_crash_cut_recovers_exactly"
          ],
          "reexecuted_now": false,
          "runtime_inventory_added": [],
          "runtime_inventory_removed": [],
          "scope": "Sealed evaluation and full consent; actual zero adoption/reward and same-admin evaluator parity.",
          "source_binding_commit": "50e158640d8278ca94dbecb6539dab96c6a9fb84",
          "subject_bytes_match": true,
          "unobserved_selectors": [],
          "unrecorded_subjects": []
        },
        "v1": {
          "artifact_integrity_verified": true,
          "changed_runtime_inputs": [
            "config/pon/devnet-v1.json",
            "config/pon/ledger-v1.json",
            "formal/pon-nakamoto-v1/experiments/local_network.py",
            "formal/pon-nakamoto-v1/experiments/model_loop.py",
            "formal/pon-nakamoto-v1/experiments/run_campaign.py",
            "formal/pon-nakamoto-v1/experiments/settle_model.py",
            "formal/pon-nakamoto-v1/ledger.py",
            "formal/pon-nakamoto-v1/test_contracts.py",
            "formal/pon-nakamoto-v1/vectors/expected.json",
            "formal/pon-nakamoto-v1/vectors/header-short.bin",
            "formal/pon-nakamoto-v1/vectors/header-trailing.bin",
            "formal/pon-nakamoto-v1/vectors/header-version.bin",
            "formal/pon-nakamoto-v1/vectors/header.bin",
            "formal/pon-nakamoto-v1/vectors/tx-01.bin",
            "formal/pon-nakamoto-v1/vectors/tx-02.bin",
            "formal/pon-nakamoto-v1/vectors/tx-03.bin",
            "formal/pon-nakamoto-v1/vectors/tx-04.bin",
            "formal/pon-nakamoto-v1/vectors/tx-05.bin",
            "formal/pon-nakamoto-v1/vectors/tx-06.bin",
            "formal/pon-nakamoto-v1/vectors/tx-07.bin",
            "formal/pon-nakamoto-v1/vectors/tx-08.bin",
            "formal/pon-nakamoto-v1/vectors/tx-09.bin",
            "formal/pon-nakamoto-v1/vectors/tx-10.bin",
            "formal/pon-nakamoto-v1/vectors/tx-11.bin",
            "formal/pon-nakamoto-v1/vectors/tx-12.bin",
            "formal/pon-nakamoto-v1/vectors/tx-bad-length.bin",
            "formal/pon-nakamoto-v1/vectors/tx-short.bin",
            "formal/pon-nakamoto-v1/vectors/tx-trailing.bin",
            "formal/pon-nakamoto-v1/vectors/tx-unknown.bin",
            "formal/pon-nakamoto-v1/vectors/tx-zero-nonce.bin",
            "formal/pon-nakamoto-v1/vectors/work.bin",
            "trillionnium/Cargo.lock",
            "trillionnium/crates/trnm-crypto-primitives/src/lib.rs",
            "trillionnium/crates/trnm-mvcc-fee/Cargo.toml",
            "trillionnium/crates/trnm-mvcc-fee/src/lib.rs",
            "trillionnium/crates/trnm-protocol/src/pon_wire.rs",
            "trillionnium/crates/trnm-transport/Cargo.toml",
            "trillionnium/crates/trnm-transport/src/lib.rs"
          ],
          "changed_subjects": [
            "config/pon/devnet-v1.json",
            "config/pon/ledger-v1.json",
            "formal/pon-nakamoto-v1/experiments/local_network.py",
            "formal/pon-nakamoto-v1/ledger.py"
          ],
          "complete_recorded_runtime_matches": false,
          "current_regression_support": false,
          "manifest": "evidence/pon-v1/manifest.json",
          "measured_commit": "8b87fee77ddee6a9778e8bebe880ba2627b05d5d",
          "measured_tree": null,
          "observed_selectors": [],
          "reexecuted_now": false,
          "runtime_inventory_added": [
            "formal/pon-nakamoto-v1/bounded_process.py",
            "formal/pon-nakamoto-v1/evaluation.py",
            "formal/pon-nakamoto-v1/evaluation_bundle.py",
            "formal/pon-nakamoto-v1/experiments/evaluation_host_parity.py",
            "formal/pon-nakamoto-v1/experiments/executor_comparison.py",
            "formal/pon-nakamoto-v1/experiments/learning_cycles.py",
            "formal/pon-nakamoto-v1/experiments/long_history.py",
            "formal/pon-nakamoto-v1/experiments/multihost_campaign.py",
            "formal/pon-nakamoto-v1/experiments/native_host_parity.py",
            "formal/pon-nakamoto-v1/experiments/parallel_cost.py",
            "formal/pon-nakamoto-v1/experiments/remote_peer.py",
            "formal/pon-nakamoto-v1/generate_accepted_block.py",
            "formal/pon-nakamoto-v1/inference_receipt.py",
            "formal/pon-nakamoto-v1/model_contract.py",
            "formal/pon-nakamoto-v1/native_execution.py",
            "formal/pon-nakamoto-v1/strict_signature.py",
            "formal/pon-nakamoto-v1/test_artifacts.py",
            "formal/pon-nakamoto-v1/test_bounded_process.py",
            "formal/pon-nakamoto-v1/test_evaluation.py",
            "formal/pon-nakamoto-v1/test_evaluation_bundle.py",
            "formal/pon-nakamoto-v1/test_inference_receipt.py",
            "formal/pon-nakamoto-v1/test_invariants.py",
            "formal/pon-nakamoto-v1/test_model_contract.py",
            "formal/pon-nakamoto-v1/test_native_execution.py",
            "formal/pon-nakamoto-v1/test_strict_signature.py",
            "formal/pon-nakamoto-v1/test_work_backend.py",
            "formal/pon-nakamoto-v1/vectors/accepted-block/expected.json",
            "formal/pon-nakamoto-v1/vectors/accepted-block/genesis-state.json",
            "formal/pon-nakamoto-v1/vectors/accepted-block/header.bin",
            "formal/pon-nakamoto-v1/vectors/accepted-block/post-state.json",
            "formal/pon-nakamoto-v1/vectors/accepted-block/transaction.bin",
            "formal/pon-nakamoto-v1/vectors/accepted-block/work.bin",
            "formal/pon-nakamoto-v1/work_backend.py",
            "trillionnium/crates/trnm-crypto-primitives/examples/pon_adversarial_cost.rs",
            "trillionnium/crates/trnm-crypto-primitives/examples/pon_work_io.rs",
            "trillionnium/crates/trnm-mvcc-fee/examples/pon_execute.rs",
            "trillionnium/crates/trnm-mvcc-fee/src/pon_executor.rs",
            "trillionnium/crates/trnm-transport/examples/pon_admission_load.rs",
            "trillionnium/crates/trnm-transport/src/proof_admission.rs"
          ],
          "runtime_inventory_removed": [],
          "scope": "Original revision1 work, ledger, model and loopback experiments; historical only.",
          "source_binding_commit": "5d59b9540268914794a62e8fa237caf999499314",
          "subject_bytes_match": false,
          "unobserved_selectors": [
            "formal/pon-nakamoto-v1/test_contracts.py::DiskReorgTests.test_every_reorg_process_crash_cut_recovers_exactly"
          ],
          "unrecorded_subjects": []
        },
        "v3": {
          "artifact_integrity_verified": true,
          "changed_runtime_inputs": [
            "formal/pon-nakamoto-v1/evaluation.py",
            "formal/pon-nakamoto-v1/experiments/learning_cycles.py",
            "formal/pon-nakamoto-v1/experiments/model_loop.py",
            "formal/pon-nakamoto-v1/experiments/run_campaign.py",
            "formal/pon-nakamoto-v1/experiments/settle_model.py",
            "formal/pon-nakamoto-v1/inference_receipt.py",
            "formal/pon-nakamoto-v1/model_contract.py",
            "formal/pon-nakamoto-v1/test_evaluation.py",
            "formal/pon-nakamoto-v1/test_inference_receipt.py",
            "formal/pon-nakamoto-v1/test_native_execution.py",
            "trillionnium/crates/trnm-mvcc-fee/examples/pon_execute.rs",
            "trillionnium/crates/trnm-mvcc-fee/src/pon_executor.rs"
          ],
          "changed_subjects": [],
          "complete_recorded_runtime_matches": false,
          "current_regression_support": false,
          "manifest": "evidence/pon-v3/manifest.json",
          "measured_commit": "242906bae4f281c738c60adbd2c053d2ded1eae5",
          "measured_tree": "160cc493ab4cfb7f3f8c26b2d1621691a0c49502",
          "observed_selectors": [
            "formal/pon-nakamoto-v1/test_contracts.py::DiskReorgTests.test_every_reorg_process_crash_cut_recovers_exactly"
          ],
          "reexecuted_now": false,
          "runtime_inventory_added": [
            "formal/pon-nakamoto-v1/evaluation_bundle.py",
            "formal/pon-nakamoto-v1/experiments/evaluation_host_parity.py",
            "formal/pon-nakamoto-v1/experiments/executor_comparison.py",
            "formal/pon-nakamoto-v1/experiments/native_host_parity.py",
            "formal/pon-nakamoto-v1/test_evaluation_bundle.py"
          ],
          "runtime_inventory_removed": [],
          "scope": "Recorded native/reference invariants, long history, work costs and same-admin host campaigns.",
          "source_binding_commit": "242906bae4f281c738c60adbd2c053d2ded1eae5",
          "subject_bytes_match": true,
          "unobserved_selectors": [],
          "unrecorded_subjects": []
        },
        "v4": {
          "artifact_integrity_verified": true,
          "changed_runtime_inputs": [
            "formal/pon-nakamoto-v1/evaluation.py",
            "formal/pon-nakamoto-v1/experiments/learning_cycles.py",
            "formal/pon-nakamoto-v1/experiments/model_loop.py",
            "formal/pon-nakamoto-v1/experiments/run_campaign.py",
            "formal/pon-nakamoto-v1/experiments/settle_model.py",
            "formal/pon-nakamoto-v1/inference_receipt.py",
            "formal/pon-nakamoto-v1/model_contract.py",
            "formal/pon-nakamoto-v1/test_evaluation.py",
            "formal/pon-nakamoto-v1/test_inference_receipt.py"
          ],
          "changed_subjects": [],
          "complete_recorded_runtime_matches": false,
          "current_regression_support": false,
          "manifest": "evidence/pon-v4/manifest.json",
          "measured_commit": "30b85c34d1be404dcccd9f415286bb43b00f64ea",
          "measured_tree": "4ee1a9d265f09871b0f167d2a5be77ca4b9839c0",
          "observed_selectors": [
            "formal/pon-nakamoto-v1/test_contracts.py::DiskReorgTests.test_every_reorg_process_crash_cut_recovers_exactly"
          ],
          "reexecuted_now": false,
          "runtime_inventory_added": [
            "formal/pon-nakamoto-v1/evaluation_bundle.py",
            "formal/pon-nakamoto-v1/experiments/evaluation_host_parity.py",
            "formal/pon-nakamoto-v1/test_evaluation_bundle.py"
          ],
          "runtime_inventory_removed": [],
          "scope": "Block-scoped native comparison and same-admin binary parity; no public TPS.",
          "source_binding_commit": "30b85c34d1be404dcccd9f415286bb43b00f64ea",
          "subject_bytes_match": true,
          "unobserved_selectors": [],
          "unrecorded_subjects": []
        }
      },
      "persistence_owner": {
        "path": "formal/pon-nakamoto-v1/ledger.py",
        "symbol": "Ledger"
      },
      "remaining": "Test checks coherent root after recovery; light-client work/inclusion proof and live currentness remain unimplemented.",
      "runtime_symbols": [
        {
          "path": "formal/pon-nakamoto-v1/ledger.py",
          "symbol": "Ledger.read_active"
        }
      ]
    },
    {
      "backend": "Integer model inference and strict expected service receipt",
      "controlled_entrypoint": {
        "path": "formal/pon-nakamoto-v1/inference_receipt.py",
        "symbol": "verify"
      },
      "evidence_selectors": [
        "formal/pon-nakamoto-v1/test_inference_receipt.py::InferenceBindingTests.test_expected_cost_nonce_and_returned_output_cannot_be_omitted"
      ],
      "implementation_kind": "pure-component",
      "module": "M14",
      "operation": "M14.ConsumePublishedModel",
      "ordinary_product_entrypoint": null,
      "packages": {
        "e3": {
          "artifact_integrity_verified": true,
          "changed_runtime_inputs": [],
          "changed_subjects": [],
          "complete_recorded_runtime_matches": true,
          "current_regression_support": true,
          "manifest": "evidence/pon-evaluation-bundle-v1/manifest.json",
          "measured_commit": "50e158640d8278ca94dbecb6539dab96c6a9fb84",
          "measured_tree": "d61a69d3433db127019924d269bf25ded3aecf60",
          "observed_selectors": [
            "formal/pon-nakamoto-v1/test_inference_receipt.py::InferenceBindingTests.test_expected_cost_nonce_and_returned_output_cannot_be_omitted"
          ],
          "reexecuted_now": false,
          "runtime_inventory_added": [],
          "runtime_inventory_removed": [],
          "scope": "Sealed evaluation and full consent; actual zero adoption/reward and same-admin evaluator parity.",
          "source_binding_commit": "50e158640d8278ca94dbecb6539dab96c6a9fb84",
          "subject_bytes_match": true,
          "unobserved_selectors": [],
          "unrecorded_subjects": []
        },
        "v1": {
          "artifact_integrity_verified": true,
          "changed_runtime_inputs": [
            "config/pon/devnet-v1.json",
            "config/pon/ledger-v1.json",
            "formal/pon-nakamoto-v1/experiments/local_network.py",
            "formal/pon-nakamoto-v1/experiments/model_loop.py",
            "formal/pon-nakamoto-v1/experiments/run_campaign.py",
            "formal/pon-nakamoto-v1/experiments/settle_model.py",
            "formal/pon-nakamoto-v1/ledger.py",
            "formal/pon-nakamoto-v1/test_contracts.py",
            "formal/pon-nakamoto-v1/vectors/expected.json",
            "formal/pon-nakamoto-v1/vectors/header-short.bin",
            "formal/pon-nakamoto-v1/vectors/header-trailing.bin",
            "formal/pon-nakamoto-v1/vectors/header-version.bin",
            "formal/pon-nakamoto-v1/vectors/header.bin",
            "formal/pon-nakamoto-v1/vectors/tx-01.bin",
            "formal/pon-nakamoto-v1/vectors/tx-02.bin",
            "formal/pon-nakamoto-v1/vectors/tx-03.bin",
            "formal/pon-nakamoto-v1/vectors/tx-04.bin",
            "formal/pon-nakamoto-v1/vectors/tx-05.bin",
            "formal/pon-nakamoto-v1/vectors/tx-06.bin",
            "formal/pon-nakamoto-v1/vectors/tx-07.bin",
            "formal/pon-nakamoto-v1/vectors/tx-08.bin",
            "formal/pon-nakamoto-v1/vectors/tx-09.bin",
            "formal/pon-nakamoto-v1/vectors/tx-10.bin",
            "formal/pon-nakamoto-v1/vectors/tx-11.bin",
            "formal/pon-nakamoto-v1/vectors/tx-12.bin",
            "formal/pon-nakamoto-v1/vectors/tx-bad-length.bin",
            "formal/pon-nakamoto-v1/vectors/tx-short.bin",
            "formal/pon-nakamoto-v1/vectors/tx-trailing.bin",
            "formal/pon-nakamoto-v1/vectors/tx-unknown.bin",
            "formal/pon-nakamoto-v1/vectors/tx-zero-nonce.bin",
            "formal/pon-nakamoto-v1/vectors/work.bin",
            "trillionnium/Cargo.lock",
            "trillionnium/crates/trnm-crypto-primitives/src/lib.rs",
            "trillionnium/crates/trnm-mvcc-fee/Cargo.toml",
            "trillionnium/crates/trnm-mvcc-fee/src/lib.rs",
            "trillionnium/crates/trnm-protocol/src/pon_wire.rs",
            "trillionnium/crates/trnm-transport/Cargo.toml",
            "trillionnium/crates/trnm-transport/src/lib.rs"
          ],
          "changed_subjects": [
            "config/pon/devnet-v1.json",
            "config/pon/ledger-v1.json"
          ],
          "complete_recorded_runtime_matches": false,
          "current_regression_support": false,
          "manifest": "evidence/pon-v1/manifest.json",
          "measured_commit": "8b87fee77ddee6a9778e8bebe880ba2627b05d5d",
          "measured_tree": null,
          "observed_selectors": [],
          "reexecuted_now": false,
          "runtime_inventory_added": [
            "formal/pon-nakamoto-v1/bounded_process.py",
            "formal/pon-nakamoto-v1/evaluation.py",
            "formal/pon-nakamoto-v1/evaluation_bundle.py",
            "formal/pon-nakamoto-v1/experiments/evaluation_host_parity.py",
            "formal/pon-nakamoto-v1/experiments/executor_comparison.py",
            "formal/pon-nakamoto-v1/experiments/learning_cycles.py",
            "formal/pon-nakamoto-v1/experiments/long_history.py",
            "formal/pon-nakamoto-v1/experiments/multihost_campaign.py",
            "formal/pon-nakamoto-v1/experiments/native_host_parity.py",
            "formal/pon-nakamoto-v1/experiments/parallel_cost.py",
            "formal/pon-nakamoto-v1/experiments/remote_peer.py",
            "formal/pon-nakamoto-v1/generate_accepted_block.py",
            "formal/pon-nakamoto-v1/inference_receipt.py",
            "formal/pon-nakamoto-v1/model_contract.py",
            "formal/pon-nakamoto-v1/native_execution.py",
            "formal/pon-nakamoto-v1/strict_signature.py",
            "formal/pon-nakamoto-v1/test_artifacts.py",
            "formal/pon-nakamoto-v1/test_bounded_process.py",
            "formal/pon-nakamoto-v1/test_evaluation.py",
            "formal/pon-nakamoto-v1/test_evaluation_bundle.py",
            "formal/pon-nakamoto-v1/test_inference_receipt.py",
            "formal/pon-nakamoto-v1/test_invariants.py",
            "formal/pon-nakamoto-v1/test_model_contract.py",
            "formal/pon-nakamoto-v1/test_native_execution.py",
            "formal/pon-nakamoto-v1/test_strict_signature.py",
            "formal/pon-nakamoto-v1/test_work_backend.py",
            "formal/pon-nakamoto-v1/vectors/accepted-block/expected.json",
            "formal/pon-nakamoto-v1/vectors/accepted-block/genesis-state.json",
            "formal/pon-nakamoto-v1/vectors/accepted-block/header.bin",
            "formal/pon-nakamoto-v1/vectors/accepted-block/post-state.json",
            "formal/pon-nakamoto-v1/vectors/accepted-block/transaction.bin",
            "formal/pon-nakamoto-v1/vectors/accepted-block/work.bin",
            "formal/pon-nakamoto-v1/work_backend.py",
            "trillionnium/crates/trnm-crypto-primitives/examples/pon_adversarial_cost.rs",
            "trillionnium/crates/trnm-crypto-primitives/examples/pon_work_io.rs",
            "trillionnium/crates/trnm-mvcc-fee/examples/pon_execute.rs",
            "trillionnium/crates/trnm-mvcc-fee/src/pon_executor.rs",
            "trillionnium/crates/trnm-transport/examples/pon_admission_load.rs",
            "trillionnium/crates/trnm-transport/src/proof_admission.rs"
          ],
          "runtime_inventory_removed": [],
          "scope": "Original revision1 work, ledger, model and loopback experiments; historical only.",
          "source_binding_commit": "5d59b9540268914794a62e8fa237caf999499314",
          "subject_bytes_match": false,
          "unobserved_selectors": [
            "formal/pon-nakamoto-v1/test_inference_receipt.py::InferenceBindingTests.test_expected_cost_nonce_and_returned_output_cannot_be_omitted"
          ],
          "unrecorded_subjects": [
            "formal/pon-nakamoto-v1/inference_receipt.py",
            "formal/pon-nakamoto-v1/model_contract.py"
          ]
        },
        "v3": {
          "artifact_integrity_verified": true,
          "changed_runtime_inputs": [
            "formal/pon-nakamoto-v1/evaluation.py",
            "formal/pon-nakamoto-v1/experiments/learning_cycles.py",
            "formal/pon-nakamoto-v1/experiments/model_loop.py",
            "formal/pon-nakamoto-v1/experiments/run_campaign.py",
            "formal/pon-nakamoto-v1/experiments/settle_model.py",
            "formal/pon-nakamoto-v1/inference_receipt.py",
            "formal/pon-nakamoto-v1/model_contract.py",
            "formal/pon-nakamoto-v1/test_evaluation.py",
            "formal/pon-nakamoto-v1/test_inference_receipt.py",
            "formal/pon-nakamoto-v1/test_native_execution.py",
            "trillionnium/crates/trnm-mvcc-fee/examples/pon_execute.rs",
            "trillionnium/crates/trnm-mvcc-fee/src/pon_executor.rs"
          ],
          "changed_subjects": [
            "formal/pon-nakamoto-v1/inference_receipt.py",
            "formal/pon-nakamoto-v1/model_contract.py"
          ],
          "complete_recorded_runtime_matches": false,
          "current_regression_support": false,
          "manifest": "evidence/pon-v3/manifest.json",
          "measured_commit": "242906bae4f281c738c60adbd2c053d2ded1eae5",
          "measured_tree": "160cc493ab4cfb7f3f8c26b2d1621691a0c49502",
          "observed_selectors": [],
          "reexecuted_now": false,
          "runtime_inventory_added": [
            "formal/pon-nakamoto-v1/evaluation_bundle.py",
            "formal/pon-nakamoto-v1/experiments/evaluation_host_parity.py",
            "formal/pon-nakamoto-v1/experiments/executor_comparison.py",
            "formal/pon-nakamoto-v1/experiments/native_host_parity.py",
            "formal/pon-nakamoto-v1/test_evaluation_bundle.py"
          ],
          "runtime_inventory_removed": [],
          "scope": "Recorded native/reference invariants, long history, work costs and same-admin host campaigns.",
          "source_binding_commit": "242906bae4f281c738c60adbd2c053d2ded1eae5",
          "subject_bytes_match": false,
          "unobserved_selectors": [
            "formal/pon-nakamoto-v1/test_inference_receipt.py::InferenceBindingTests.test_expected_cost_nonce_and_returned_output_cannot_be_omitted"
          ],
          "unrecorded_subjects": []
        },
        "v4": {
          "artifact_integrity_verified": true,
          "changed_runtime_inputs": [
            "formal/pon-nakamoto-v1/evaluation.py",
            "formal/pon-nakamoto-v1/experiments/learning_cycles.py",
            "formal/pon-nakamoto-v1/experiments/model_loop.py",
            "formal/pon-nakamoto-v1/experiments/run_campaign.py",
            "formal/pon-nakamoto-v1/experiments/settle_model.py",
            "formal/pon-nakamoto-v1/inference_receipt.py",
            "formal/pon-nakamoto-v1/model_contract.py",
            "formal/pon-nakamoto-v1/test_evaluation.py",
            "formal/pon-nakamoto-v1/test_inference_receipt.py"
          ],
          "changed_subjects": [
            "formal/pon-nakamoto-v1/inference_receipt.py",
            "formal/pon-nakamoto-v1/model_contract.py"
          ],
          "complete_recorded_runtime_matches": false,
          "current_regression_support": false,
          "manifest": "evidence/pon-v4/manifest.json",
          "measured_commit": "30b85c34d1be404dcccd9f415286bb43b00f64ea",
          "measured_tree": "4ee1a9d265f09871b0f167d2a5be77ca4b9839c0",
          "observed_selectors": [],
          "reexecuted_now": false,
          "runtime_inventory_added": [
            "formal/pon-nakamoto-v1/evaluation_bundle.py",
            "formal/pon-nakamoto-v1/experiments/evaluation_host_parity.py",
            "formal/pon-nakamoto-v1/test_evaluation_bundle.py"
          ],
          "runtime_inventory_removed": [],
          "scope": "Block-scoped native comparison and same-admin binary parity; no public TPS.",
          "source_binding_commit": "30b85c34d1be404dcccd9f415286bb43b00f64ea",
          "subject_bytes_match": false,
          "unobserved_selectors": [
            "formal/pon-nakamoto-v1/test_inference_receipt.py::InferenceBindingTests.test_expected_cost_nonce_and_returned_output_cannot_be_omitted"
          ],
          "unrecorded_subjects": []
        }
      },
      "persistence_owner": null,
      "remaining": "Not an ordinary Hepta destination, a final-use token or a proof of actual provider delivery.",
      "runtime_symbols": [
        {
          "path": "formal/pon-nakamoto-v1/inference_receipt.py",
          "symbol": "verify"
        },
        {
          "path": "formal/pon-nakamoto-v1/model_contract.py",
          "symbol": "infer"
        }
      ]
    },
    {
      "backend": "Reference ledger process with explicit optional native components",
      "controlled_entrypoint": {
        "path": "formal/pon-nakamoto-v1/experiments/local_network.py",
        "symbol": "serve"
      },
      "evidence_selectors": [],
      "implementation_kind": "controlled-experiment",
      "module": "M15",
      "operation": "M15.StartExecutableSpecPeer",
      "ordinary_product_entrypoint": null,
      "packages": {
        "e3": {
          "artifact_integrity_verified": true,
          "changed_runtime_inputs": [],
          "changed_subjects": [],
          "complete_recorded_runtime_matches": true,
          "current_regression_support": false,
          "manifest": "evidence/pon-evaluation-bundle-v1/manifest.json",
          "measured_commit": "50e158640d8278ca94dbecb6539dab96c6a9fb84",
          "measured_tree": "d61a69d3433db127019924d269bf25ded3aecf60",
          "observed_selectors": [],
          "reexecuted_now": false,
          "runtime_inventory_added": [],
          "runtime_inventory_removed": [],
          "scope": "Sealed evaluation and full consent; actual zero adoption/reward and same-admin evaluator parity.",
          "source_binding_commit": "50e158640d8278ca94dbecb6539dab96c6a9fb84",
          "subject_bytes_match": true,
          "unobserved_selectors": [],
          "unrecorded_subjects": []
        },
        "v1": {
          "artifact_integrity_verified": true,
          "changed_runtime_inputs": [
            "config/pon/devnet-v1.json",
            "config/pon/ledger-v1.json",
            "formal/pon-nakamoto-v1/experiments/local_network.py",
            "formal/pon-nakamoto-v1/experiments/model_loop.py",
            "formal/pon-nakamoto-v1/experiments/run_campaign.py",
            "formal/pon-nakamoto-v1/experiments/settle_model.py",
            "formal/pon-nakamoto-v1/ledger.py",
            "formal/pon-nakamoto-v1/test_contracts.py",
            "formal/pon-nakamoto-v1/vectors/expected.json",
            "formal/pon-nakamoto-v1/vectors/header-short.bin",
            "formal/pon-nakamoto-v1/vectors/header-trailing.bin",
            "formal/pon-nakamoto-v1/vectors/header-version.bin",
            "formal/pon-nakamoto-v1/vectors/header.bin",
            "formal/pon-nakamoto-v1/vectors/tx-01.bin",
            "formal/pon-nakamoto-v1/vectors/tx-02.bin",
            "formal/pon-nakamoto-v1/vectors/tx-03.bin",
            "formal/pon-nakamoto-v1/vectors/tx-04.bin",
            "formal/pon-nakamoto-v1/vectors/tx-05.bin",
            "formal/pon-nakamoto-v1/vectors/tx-06.bin",
            "formal/pon-nakamoto-v1/vectors/tx-07.bin",
            "formal/pon-nakamoto-v1/vectors/tx-08.bin",
            "formal/pon-nakamoto-v1/vectors/tx-09.bin",
            "formal/pon-nakamoto-v1/vectors/tx-10.bin",
            "formal/pon-nakamoto-v1/vectors/tx-11.bin",
            "formal/pon-nakamoto-v1/vectors/tx-12.bin",
            "formal/pon-nakamoto-v1/vectors/tx-bad-length.bin",
            "formal/pon-nakamoto-v1/vectors/tx-short.bin",
            "formal/pon-nakamoto-v1/vectors/tx-trailing.bin",
            "formal/pon-nakamoto-v1/vectors/tx-unknown.bin",
            "formal/pon-nakamoto-v1/vectors/tx-zero-nonce.bin",
            "formal/pon-nakamoto-v1/vectors/work.bin",
            "trillionnium/Cargo.lock",
            "trillionnium/crates/trnm-crypto-primitives/src/lib.rs",
            "trillionnium/crates/trnm-mvcc-fee/Cargo.toml",
            "trillionnium/crates/trnm-mvcc-fee/src/lib.rs",
            "trillionnium/crates/trnm-protocol/src/pon_wire.rs",
            "trillionnium/crates/trnm-transport/Cargo.toml",
            "trillionnium/crates/trnm-transport/src/lib.rs"
          ],
          "changed_subjects": [
            "config/pon/devnet-v1.json",
            "config/pon/ledger-v1.json",
            "formal/pon-nakamoto-v1/experiments/local_network.py",
            "formal/pon-nakamoto-v1/ledger.py"
          ],
          "complete_recorded_runtime_matches": false,
          "current_regression_support": false,
          "manifest": "evidence/pon-v1/manifest.json",
          "measured_commit": "8b87fee77ddee6a9778e8bebe880ba2627b05d5d",
          "measured_tree": null,
          "observed_selectors": [],
          "reexecuted_now": false,
          "runtime_inventory_added": [
            "formal/pon-nakamoto-v1/bounded_process.py",
            "formal/pon-nakamoto-v1/evaluation.py",
            "formal/pon-nakamoto-v1/evaluation_bundle.py",
            "formal/pon-nakamoto-v1/experiments/evaluation_host_parity.py",
            "formal/pon-nakamoto-v1/experiments/executor_comparison.py",
            "formal/pon-nakamoto-v1/experiments/learning_cycles.py",
            "formal/pon-nakamoto-v1/experiments/long_history.py",
            "formal/pon-nakamoto-v1/experiments/multihost_campaign.py",
            "formal/pon-nakamoto-v1/experiments/native_host_parity.py",
            "formal/pon-nakamoto-v1/experiments/parallel_cost.py",
            "formal/pon-nakamoto-v1/experiments/remote_peer.py",
            "formal/pon-nakamoto-v1/generate_accepted_block.py",
            "formal/pon-nakamoto-v1/inference_receipt.py",
            "formal/pon-nakamoto-v1/model_contract.py",
            "formal/pon-nakamoto-v1/native_execution.py",
            "formal/pon-nakamoto-v1/strict_signature.py",
            "formal/pon-nakamoto-v1/test_artifacts.py",
            "formal/pon-nakamoto-v1/test_bounded_process.py",
            "formal/pon-nakamoto-v1/test_evaluation.py",
            "formal/pon-nakamoto-v1/test_evaluation_bundle.py",
            "formal/pon-nakamoto-v1/test_inference_receipt.py",
            "formal/pon-nakamoto-v1/test_invariants.py",
            "formal/pon-nakamoto-v1/test_model_contract.py",
            "formal/pon-nakamoto-v1/test_native_execution.py",
            "formal/pon-nakamoto-v1/test_strict_signature.py",
            "formal/pon-nakamoto-v1/test_work_backend.py",
            "formal/pon-nakamoto-v1/vectors/accepted-block/expected.json",
            "formal/pon-nakamoto-v1/vectors/accepted-block/genesis-state.json",
            "formal/pon-nakamoto-v1/vectors/accepted-block/header.bin",
            "formal/pon-nakamoto-v1/vectors/accepted-block/post-state.json",
            "formal/pon-nakamoto-v1/vectors/accepted-block/transaction.bin",
            "formal/pon-nakamoto-v1/vectors/accepted-block/work.bin",
            "formal/pon-nakamoto-v1/work_backend.py",
            "trillionnium/crates/trnm-crypto-primitives/examples/pon_adversarial_cost.rs",
            "trillionnium/crates/trnm-crypto-primitives/examples/pon_work_io.rs",
            "trillionnium/crates/trnm-mvcc-fee/examples/pon_execute.rs",
            "trillionnium/crates/trnm-mvcc-fee/src/pon_executor.rs",
            "trillionnium/crates/trnm-transport/examples/pon_admission_load.rs",
            "trillionnium/crates/trnm-transport/src/proof_admission.rs"
          ],
          "runtime_inventory_removed": [],
          "scope": "Original revision1 work, ledger, model and loopback experiments; historical only.",
          "source_binding_commit": "5d59b9540268914794a62e8fa237caf999499314",
          "subject_bytes_match": false,
          "unobserved_selectors": [],
          "unrecorded_subjects": []
        },
        "v3": {
          "artifact_integrity_verified": true,
          "changed_runtime_inputs": [
            "formal/pon-nakamoto-v1/evaluation.py",
            "formal/pon-nakamoto-v1/experiments/learning_cycles.py",
            "formal/pon-nakamoto-v1/experiments/model_loop.py",
            "formal/pon-nakamoto-v1/experiments/run_campaign.py",
            "formal/pon-nakamoto-v1/experiments/settle_model.py",
            "formal/pon-nakamoto-v1/inference_receipt.py",
            "formal/pon-nakamoto-v1/model_contract.py",
            "formal/pon-nakamoto-v1/test_evaluation.py",
            "formal/pon-nakamoto-v1/test_inference_receipt.py",
            "formal/pon-nakamoto-v1/test_native_execution.py",
            "trillionnium/crates/trnm-mvcc-fee/examples/pon_execute.rs",
            "trillionnium/crates/trnm-mvcc-fee/src/pon_executor.rs"
          ],
          "changed_subjects": [],
          "complete_recorded_runtime_matches": false,
          "current_regression_support": false,
          "manifest": "evidence/pon-v3/manifest.json",
          "measured_commit": "242906bae4f281c738c60adbd2c053d2ded1eae5",
          "measured_tree": "160cc493ab4cfb7f3f8c26b2d1621691a0c49502",
          "observed_selectors": [],
          "reexecuted_now": false,
          "runtime_inventory_added": [
            "formal/pon-nakamoto-v1/evaluation_bundle.py",
            "formal/pon-nakamoto-v1/experiments/evaluation_host_parity.py",
            "formal/pon-nakamoto-v1/experiments/executor_comparison.py",
            "formal/pon-nakamoto-v1/experiments/native_host_parity.py",
            "formal/pon-nakamoto-v1/test_evaluation_bundle.py"
          ],
          "runtime_inventory_removed": [],
          "scope": "Recorded native/reference invariants, long history, work costs and same-admin host campaigns.",
          "source_binding_commit": "242906bae4f281c738c60adbd2c053d2ded1eae5",
          "subject_bytes_match": true,
          "unobserved_selectors": [],
          "unrecorded_subjects": []
        },
        "v4": {
          "artifact_integrity_verified": true,
          "changed_runtime_inputs": [
            "formal/pon-nakamoto-v1/evaluation.py",
            "formal/pon-nakamoto-v1/experiments/learning_cycles.py",
            "formal/pon-nakamoto-v1/experiments/model_loop.py",
            "formal/pon-nakamoto-v1/experiments/run_campaign.py",
            "formal/pon-nakamoto-v1/experiments/settle_model.py",
            "formal/pon-nakamoto-v1/inference_receipt.py",
            "formal/pon-nakamoto-v1/model_contract.py",
            "formal/pon-nakamoto-v1/test_evaluation.py",
            "formal/pon-nakamoto-v1/test_inference_receipt.py"
          ],
          "changed_subjects": [],
          "complete_recorded_runtime_matches": false,
          "current_regression_support": false,
          "manifest": "evidence/pon-v4/manifest.json",
          "measured_commit": "30b85c34d1be404dcccd9f415286bb43b00f64ea",
          "measured_tree": "4ee1a9d265f09871b0f167d2a5be77ca4b9839c0",
          "observed_selectors": [],
          "reexecuted_now": false,
          "runtime_inventory_added": [
            "formal/pon-nakamoto-v1/evaluation_bundle.py",
            "formal/pon-nakamoto-v1/experiments/evaluation_host_parity.py",
            "formal/pon-nakamoto-v1/test_evaluation_bundle.py"
          ],
          "runtime_inventory_removed": [],
          "scope": "Block-scoped native comparison and same-admin binary parity; no public TPS.",
          "source_binding_commit": "30b85c34d1be404dcccd9f415286bb43b00f64ea",
          "subject_bytes_match": true,
          "unobserved_selectors": [],
          "unrecorded_subjects": []
        }
      },
      "persistence_owner": {
        "path": "formal/pon-nakamoto-v1/ledger.py",
        "symbol": "Ledger"
      },
      "remaining": "Native node startup and ordinary product entry are absent; historical loopback/owned-host experiments retain their exact sources.",
      "runtime_symbols": [
        {
          "path": "formal/pon-nakamoto-v1/experiments/local_network.py",
          "symbol": "serve"
        }
      ]
    },
    {
      "backend": "Bounded child process ownership, pipe draining and owned-session termination",
      "controlled_entrypoint": {
        "path": "formal/pon-nakamoto-v1/bounded_process.py",
        "symbol": "run_bounded"
      },
      "evidence_selectors": [
        "formal/pon-nakamoto-v1/test_bounded_process.py::BoundedProcessTests.test_timeout_reaps_own_child",
        "formal/pon-nakamoto-v1/test_bounded_process.py::BoundedProcessTests.test_stdout_flood_is_killed_and_reaped"
      ],
      "implementation_kind": "controlled-experiment",
      "module": "M15",
      "operation": "M15.StopAndReconcile",
      "ordinary_product_entrypoint": null,
      "packages": {
        "e3": {
          "artifact_integrity_verified": true,
          "changed_runtime_inputs": [],
          "changed_subjects": [],
          "complete_recorded_runtime_matches": true,
          "current_regression_support": true,
          "manifest": "evidence/pon-evaluation-bundle-v1/manifest.json",
          "measured_commit": "50e158640d8278ca94dbecb6539dab96c6a9fb84",
          "measured_tree": "d61a69d3433db127019924d269bf25ded3aecf60",
          "observed_selectors": [
            "formal/pon-nakamoto-v1/test_bounded_process.py::BoundedProcessTests.test_timeout_reaps_own_child",
            "formal/pon-nakamoto-v1/test_bounded_process.py::BoundedProcessTests.test_stdout_flood_is_killed_and_reaped"
          ],
          "reexecuted_now": false,
          "runtime_inventory_added": [],
          "runtime_inventory_removed": [],
          "scope": "Sealed evaluation and full consent; actual zero adoption/reward and same-admin evaluator parity.",
          "source_binding_commit": "50e158640d8278ca94dbecb6539dab96c6a9fb84",
          "subject_bytes_match": true,
          "unobserved_selectors": [],
          "unrecorded_subjects": []
        },
        "v1": {
          "artifact_integrity_verified": true,
          "changed_runtime_inputs": [
            "config/pon/devnet-v1.json",
            "config/pon/ledger-v1.json",
            "formal/pon-nakamoto-v1/experiments/local_network.py",
            "formal/pon-nakamoto-v1/experiments/model_loop.py",
            "formal/pon-nakamoto-v1/experiments/run_campaign.py",
            "formal/pon-nakamoto-v1/experiments/settle_model.py",
            "formal/pon-nakamoto-v1/ledger.py",
            "formal/pon-nakamoto-v1/test_contracts.py",
            "formal/pon-nakamoto-v1/vectors/expected.json",
            "formal/pon-nakamoto-v1/vectors/header-short.bin",
            "formal/pon-nakamoto-v1/vectors/header-trailing.bin",
            "formal/pon-nakamoto-v1/vectors/header-version.bin",
            "formal/pon-nakamoto-v1/vectors/header.bin",
            "formal/pon-nakamoto-v1/vectors/tx-01.bin",
            "formal/pon-nakamoto-v1/vectors/tx-02.bin",
            "formal/pon-nakamoto-v1/vectors/tx-03.bin",
            "formal/pon-nakamoto-v1/vectors/tx-04.bin",
            "formal/pon-nakamoto-v1/vectors/tx-05.bin",
            "formal/pon-nakamoto-v1/vectors/tx-06.bin",
            "formal/pon-nakamoto-v1/vectors/tx-07.bin",
            "formal/pon-nakamoto-v1/vectors/tx-08.bin",
            "formal/pon-nakamoto-v1/vectors/tx-09.bin",
            "formal/pon-nakamoto-v1/vectors/tx-10.bin",
            "formal/pon-nakamoto-v1/vectors/tx-11.bin",
            "formal/pon-nakamoto-v1/vectors/tx-12.bin",
            "formal/pon-nakamoto-v1/vectors/tx-bad-length.bin",
            "formal/pon-nakamoto-v1/vectors/tx-short.bin",
            "formal/pon-nakamoto-v1/vectors/tx-trailing.bin",
            "formal/pon-nakamoto-v1/vectors/tx-unknown.bin",
            "formal/pon-nakamoto-v1/vectors/tx-zero-nonce.bin",
            "formal/pon-nakamoto-v1/vectors/work.bin",
            "trillionnium/Cargo.lock",
            "trillionnium/crates/trnm-crypto-primitives/src/lib.rs",
            "trillionnium/crates/trnm-mvcc-fee/Cargo.toml",
            "trillionnium/crates/trnm-mvcc-fee/src/lib.rs",
            "trillionnium/crates/trnm-protocol/src/pon_wire.rs",
            "trillionnium/crates/trnm-transport/Cargo.toml",
            "trillionnium/crates/trnm-transport/src/lib.rs"
          ],
          "changed_subjects": [
            "config/pon/devnet-v1.json",
            "config/pon/ledger-v1.json"
          ],
          "complete_recorded_runtime_matches": false,
          "current_regression_support": false,
          "manifest": "evidence/pon-v1/manifest.json",
          "measured_commit": "8b87fee77ddee6a9778e8bebe880ba2627b05d5d",
          "measured_tree": null,
          "observed_selectors": [],
          "reexecuted_now": false,
          "runtime_inventory_added": [
            "formal/pon-nakamoto-v1/bounded_process.py",
            "formal/pon-nakamoto-v1/evaluation.py",
            "formal/pon-nakamoto-v1/evaluation_bundle.py",
            "formal/pon-nakamoto-v1/experiments/evaluation_host_parity.py",
            "formal/pon-nakamoto-v1/experiments/executor_comparison.py",
            "formal/pon-nakamoto-v1/experiments/learning_cycles.py",
            "formal/pon-nakamoto-v1/experiments/long_history.py",
            "formal/pon-nakamoto-v1/experiments/multihost_campaign.py",
            "formal/pon-nakamoto-v1/experiments/native_host_parity.py",
            "formal/pon-nakamoto-v1/experiments/parallel_cost.py",
            "formal/pon-nakamoto-v1/experiments/remote_peer.py",
            "formal/pon-nakamoto-v1/generate_accepted_block.py",
            "formal/pon-nakamoto-v1/inference_receipt.py",
            "formal/pon-nakamoto-v1/model_contract.py",
            "formal/pon-nakamoto-v1/native_execution.py",
            "formal/pon-nakamoto-v1/strict_signature.py",
            "formal/pon-nakamoto-v1/test_artifacts.py",
            "formal/pon-nakamoto-v1/test_bounded_process.py",
            "formal/pon-nakamoto-v1/test_evaluation.py",
            "formal/pon-nakamoto-v1/test_evaluation_bundle.py",
            "formal/pon-nakamoto-v1/test_inference_receipt.py",
            "formal/pon-nakamoto-v1/test_invariants.py",
            "formal/pon-nakamoto-v1/test_model_contract.py",
            "formal/pon-nakamoto-v1/test_native_execution.py",
            "formal/pon-nakamoto-v1/test_strict_signature.py",
            "formal/pon-nakamoto-v1/test_work_backend.py",
            "formal/pon-nakamoto-v1/vectors/accepted-block/expected.json",
            "formal/pon-nakamoto-v1/vectors/accepted-block/genesis-state.json",
            "formal/pon-nakamoto-v1/vectors/accepted-block/header.bin",
            "formal/pon-nakamoto-v1/vectors/accepted-block/post-state.json",
            "formal/pon-nakamoto-v1/vectors/accepted-block/transaction.bin",
            "formal/pon-nakamoto-v1/vectors/accepted-block/work.bin",
            "formal/pon-nakamoto-v1/work_backend.py",
            "trillionnium/crates/trnm-crypto-primitives/examples/pon_adversarial_cost.rs",
            "trillionnium/crates/trnm-crypto-primitives/examples/pon_work_io.rs",
            "trillionnium/crates/trnm-mvcc-fee/examples/pon_execute.rs",
            "trillionnium/crates/trnm-mvcc-fee/src/pon_executor.rs",
            "trillionnium/crates/trnm-transport/examples/pon_admission_load.rs",
            "trillionnium/crates/trnm-transport/src/proof_admission.rs"
          ],
          "runtime_inventory_removed": [],
          "scope": "Original revision1 work, ledger, model and loopback experiments; historical only.",
          "source_binding_commit": "5d59b9540268914794a62e8fa237caf999499314",
          "subject_bytes_match": false,
          "unobserved_selectors": [
            "formal/pon-nakamoto-v1/test_bounded_process.py::BoundedProcessTests.test_timeout_reaps_own_child",
            "formal/pon-nakamoto-v1/test_bounded_process.py::BoundedProcessTests.test_stdout_flood_is_killed_and_reaped"
          ],
          "unrecorded_subjects": [
            "formal/pon-nakamoto-v1/bounded_process.py"
          ]
        },
        "v3": {
          "artifact_integrity_verified": true,
          "changed_runtime_inputs": [
            "formal/pon-nakamoto-v1/evaluation.py",
            "formal/pon-nakamoto-v1/experiments/learning_cycles.py",
            "formal/pon-nakamoto-v1/experiments/model_loop.py",
            "formal/pon-nakamoto-v1/experiments/run_campaign.py",
            "formal/pon-nakamoto-v1/experiments/settle_model.py",
            "formal/pon-nakamoto-v1/inference_receipt.py",
            "formal/pon-nakamoto-v1/model_contract.py",
            "formal/pon-nakamoto-v1/test_evaluation.py",
            "formal/pon-nakamoto-v1/test_inference_receipt.py",
            "formal/pon-nakamoto-v1/test_native_execution.py",
            "trillionnium/crates/trnm-mvcc-fee/examples/pon_execute.rs",
            "trillionnium/crates/trnm-mvcc-fee/src/pon_executor.rs"
          ],
          "changed_subjects": [],
          "complete_recorded_runtime_matches": false,
          "current_regression_support": false,
          "manifest": "evidence/pon-v3/manifest.json",
          "measured_commit": "242906bae4f281c738c60adbd2c053d2ded1eae5",
          "measured_tree": "160cc493ab4cfb7f3f8c26b2d1621691a0c49502",
          "observed_selectors": [
            "formal/pon-nakamoto-v1/test_bounded_process.py::BoundedProcessTests.test_timeout_reaps_own_child",
            "formal/pon-nakamoto-v1/test_bounded_process.py::BoundedProcessTests.test_stdout_flood_is_killed_and_reaped"
          ],
          "reexecuted_now": false,
          "runtime_inventory_added": [
            "formal/pon-nakamoto-v1/evaluation_bundle.py",
            "formal/pon-nakamoto-v1/experiments/evaluation_host_parity.py",
            "formal/pon-nakamoto-v1/experiments/executor_comparison.py",
            "formal/pon-nakamoto-v1/experiments/native_host_parity.py",
            "formal/pon-nakamoto-v1/test_evaluation_bundle.py"
          ],
          "runtime_inventory_removed": [],
          "scope": "Recorded native/reference invariants, long history, work costs and same-admin host campaigns.",
          "source_binding_commit": "242906bae4f281c738c60adbd2c053d2ded1eae5",
          "subject_bytes_match": true,
          "unobserved_selectors": [],
          "unrecorded_subjects": []
        },
        "v4": {
          "artifact_integrity_verified": true,
          "changed_runtime_inputs": [
            "formal/pon-nakamoto-v1/evaluation.py",
            "formal/pon-nakamoto-v1/experiments/learning_cycles.py",
            "formal/pon-nakamoto-v1/experiments/model_loop.py",
            "formal/pon-nakamoto-v1/experiments/run_campaign.py",
            "formal/pon-nakamoto-v1/experiments/settle_model.py",
            "formal/pon-nakamoto-v1/inference_receipt.py",
            "formal/pon-nakamoto-v1/model_contract.py",
            "formal/pon-nakamoto-v1/test_evaluation.py",
            "formal/pon-nakamoto-v1/test_inference_receipt.py"
          ],
          "changed_subjects": [],
          "complete_recorded_runtime_matches": false,
          "current_regression_support": false,
          "manifest": "evidence/pon-v4/manifest.json",
          "measured_commit": "30b85c34d1be404dcccd9f415286bb43b00f64ea",
          "measured_tree": "4ee1a9d265f09871b0f167d2a5be77ca4b9839c0",
          "observed_selectors": [
            "formal/pon-nakamoto-v1/test_bounded_process.py::BoundedProcessTests.test_timeout_reaps_own_child",
            "formal/pon-nakamoto-v1/test_bounded_process.py::BoundedProcessTests.test_stdout_flood_is_killed_and_reaped"
          ],
          "reexecuted_now": false,
          "runtime_inventory_added": [
            "formal/pon-nakamoto-v1/evaluation_bundle.py",
            "formal/pon-nakamoto-v1/experiments/evaluation_host_parity.py",
            "formal/pon-nakamoto-v1/test_evaluation_bundle.py"
          ],
          "runtime_inventory_removed": [],
          "scope": "Block-scoped native comparison and same-admin binary parity; no public TPS.",
          "source_binding_commit": "30b85c34d1be404dcccd9f415286bb43b00f64ea",
          "subject_bytes_match": true,
          "unobserved_selectors": [],
          "unrecorded_subjects": []
        }
      },
      "persistence_owner": null,
      "remaining": "Child cleanup tests do not prove full node shutdown, durable miner stop or physical target reconciliation.",
      "runtime_symbols": [
        {
          "path": "formal/pon-nakamoto-v1/bounded_process.py",
          "symbol": "run_bounded"
        }
      ]
    },
    {
      "backend": "Public retrospective source task, bounded softmax optimization and quantization",
      "controlled_entrypoint": {
        "path": "formal/pon-nakamoto-v1/experiments/model_loop.py",
        "symbol": "run"
      },
      "evidence_selectors": [],
      "implementation_kind": "controlled-experiment",
      "module": "M16",
      "operation": "M16.TrainCompatibleCandidate",
      "ordinary_product_entrypoint": null,
      "packages": {
        "e3": {
          "artifact_integrity_verified": true,
          "changed_runtime_inputs": [],
          "changed_subjects": [],
          "complete_recorded_runtime_matches": true,
          "current_regression_support": false,
          "manifest": "evidence/pon-evaluation-bundle-v1/manifest.json",
          "measured_commit": "50e158640d8278ca94dbecb6539dab96c6a9fb84",
          "measured_tree": "d61a69d3433db127019924d269bf25ded3aecf60",
          "observed_selectors": [],
          "reexecuted_now": false,
          "runtime_inventory_added": [],
          "runtime_inventory_removed": [],
          "scope": "Sealed evaluation and full consent; actual zero adoption/reward and same-admin evaluator parity.",
          "source_binding_commit": "50e158640d8278ca94dbecb6539dab96c6a9fb84",
          "subject_bytes_match": true,
          "unobserved_selectors": [],
          "unrecorded_subjects": []
        },
        "v1": {
          "artifact_integrity_verified": true,
          "changed_runtime_inputs": [
            "config/pon/devnet-v1.json",
            "config/pon/ledger-v1.json",
            "formal/pon-nakamoto-v1/experiments/local_network.py",
            "formal/pon-nakamoto-v1/experiments/model_loop.py",
            "formal/pon-nakamoto-v1/experiments/run_campaign.py",
            "formal/pon-nakamoto-v1/experiments/settle_model.py",
            "formal/pon-nakamoto-v1/ledger.py",
            "formal/pon-nakamoto-v1/test_contracts.py",
            "formal/pon-nakamoto-v1/vectors/expected.json",
            "formal/pon-nakamoto-v1/vectors/header-short.bin",
            "formal/pon-nakamoto-v1/vectors/header-trailing.bin",
            "formal/pon-nakamoto-v1/vectors/header-version.bin",
            "formal/pon-nakamoto-v1/vectors/header.bin",
            "formal/pon-nakamoto-v1/vectors/tx-01.bin",
            "formal/pon-nakamoto-v1/vectors/tx-02.bin",
            "formal/pon-nakamoto-v1/vectors/tx-03.bin",
            "formal/pon-nakamoto-v1/vectors/tx-04.bin",
            "formal/pon-nakamoto-v1/vectors/tx-05.bin",
            "formal/pon-nakamoto-v1/vectors/tx-06.bin",
            "formal/pon-nakamoto-v1/vectors/tx-07.bin",
            "formal/pon-nakamoto-v1/vectors/tx-08.bin",
            "formal/pon-nakamoto-v1/vectors/tx-09.bin",
            "formal/pon-nakamoto-v1/vectors/tx-10.bin",
            "formal/pon-nakamoto-v1/vectors/tx-11.bin",
            "formal/pon-nakamoto-v1/vectors/tx-12.bin",
            "formal/pon-nakamoto-v1/vectors/tx-bad-length.bin",
            "formal/pon-nakamoto-v1/vectors/tx-short.bin",
            "formal/pon-nakamoto-v1/vectors/tx-trailing.bin",
            "formal/pon-nakamoto-v1/vectors/tx-unknown.bin",
            "formal/pon-nakamoto-v1/vectors/tx-zero-nonce.bin",
            "formal/pon-nakamoto-v1/vectors/work.bin",
            "trillionnium/Cargo.lock",
            "trillionnium/crates/trnm-crypto-primitives/src/lib.rs",
            "trillionnium/crates/trnm-mvcc-fee/Cargo.toml",
            "trillionnium/crates/trnm-mvcc-fee/src/lib.rs",
            "trillionnium/crates/trnm-protocol/src/pon_wire.rs",
            "trillionnium/crates/trnm-transport/Cargo.toml",
            "trillionnium/crates/trnm-transport/src/lib.rs"
          ],
          "changed_subjects": [
            "config/pon/devnet-v1.json",
            "config/pon/ledger-v1.json",
            "formal/pon-nakamoto-v1/experiments/model_loop.py"
          ],
          "complete_recorded_runtime_matches": false,
          "current_regression_support": false,
          "manifest": "evidence/pon-v1/manifest.json",
          "measured_commit": "8b87fee77ddee6a9778e8bebe880ba2627b05d5d",
          "measured_tree": null,
          "observed_selectors": [],
          "reexecuted_now": false,
          "runtime_inventory_added": [
            "formal/pon-nakamoto-v1/bounded_process.py",
            "formal/pon-nakamoto-v1/evaluation.py",
            "formal/pon-nakamoto-v1/evaluation_bundle.py",
            "formal/pon-nakamoto-v1/experiments/evaluation_host_parity.py",
            "formal/pon-nakamoto-v1/experiments/executor_comparison.py",
            "formal/pon-nakamoto-v1/experiments/learning_cycles.py",
            "formal/pon-nakamoto-v1/experiments/long_history.py",
            "formal/pon-nakamoto-v1/experiments/multihost_campaign.py",
            "formal/pon-nakamoto-v1/experiments/native_host_parity.py",
            "formal/pon-nakamoto-v1/experiments/parallel_cost.py",
            "formal/pon-nakamoto-v1/experiments/remote_peer.py",
            "formal/pon-nakamoto-v1/generate_accepted_block.py",
            "formal/pon-nakamoto-v1/inference_receipt.py",
            "formal/pon-nakamoto-v1/model_contract.py",
            "formal/pon-nakamoto-v1/native_execution.py",
            "formal/pon-nakamoto-v1/strict_signature.py",
            "formal/pon-nakamoto-v1/test_artifacts.py",
            "formal/pon-nakamoto-v1/test_bounded_process.py",
            "formal/pon-nakamoto-v1/test_evaluation.py",
            "formal/pon-nakamoto-v1/test_evaluation_bundle.py",
            "formal/pon-nakamoto-v1/test_inference_receipt.py",
            "formal/pon-nakamoto-v1/test_invariants.py",
            "formal/pon-nakamoto-v1/test_model_contract.py",
            "formal/pon-nakamoto-v1/test_native_execution.py",
            "formal/pon-nakamoto-v1/test_strict_signature.py",
            "formal/pon-nakamoto-v1/test_work_backend.py",
            "formal/pon-nakamoto-v1/vectors/accepted-block/expected.json",
            "formal/pon-nakamoto-v1/vectors/accepted-block/genesis-state.json",
            "formal/pon-nakamoto-v1/vectors/accepted-block/header.bin",
            "formal/pon-nakamoto-v1/vectors/accepted-block/post-state.json",
            "formal/pon-nakamoto-v1/vectors/accepted-block/transaction.bin",
            "formal/pon-nakamoto-v1/vectors/accepted-block/work.bin",
            "formal/pon-nakamoto-v1/work_backend.py",
            "trillionnium/crates/trnm-crypto-primitives/examples/pon_adversarial_cost.rs",
            "trillionnium/crates/trnm-crypto-primitives/examples/pon_work_io.rs",
            "trillionnium/crates/trnm-mvcc-fee/examples/pon_execute.rs",
            "trillionnium/crates/trnm-mvcc-fee/src/pon_executor.rs",
            "trillionnium/crates/trnm-transport/examples/pon_admission_load.rs",
            "trillionnium/crates/trnm-transport/src/proof_admission.rs"
          ],
          "runtime_inventory_removed": [],
          "scope": "Original revision1 work, ledger, model and loopback experiments; historical only.",
          "source_binding_commit": "5d59b9540268914794a62e8fa237caf999499314",
          "subject_bytes_match": false,
          "unobserved_selectors": [],
          "unrecorded_subjects": []
        },
        "v3": {
          "artifact_integrity_verified": true,
          "changed_runtime_inputs": [
            "formal/pon-nakamoto-v1/evaluation.py",
            "formal/pon-nakamoto-v1/experiments/learning_cycles.py",
            "formal/pon-nakamoto-v1/experiments/model_loop.py",
            "formal/pon-nakamoto-v1/experiments/run_campaign.py",
            "formal/pon-nakamoto-v1/experiments/settle_model.py",
            "formal/pon-nakamoto-v1/inference_receipt.py",
            "formal/pon-nakamoto-v1/model_contract.py",
            "formal/pon-nakamoto-v1/test_evaluation.py",
            "formal/pon-nakamoto-v1/test_inference_receipt.py",
            "formal/pon-nakamoto-v1/test_native_execution.py",
            "trillionnium/crates/trnm-mvcc-fee/examples/pon_execute.rs",
            "trillionnium/crates/trnm-mvcc-fee/src/pon_executor.rs"
          ],
          "changed_subjects": [
            "formal/pon-nakamoto-v1/experiments/model_loop.py"
          ],
          "complete_recorded_runtime_matches": false,
          "current_regression_support": false,
          "manifest": "evidence/pon-v3/manifest.json",
          "measured_commit": "242906bae4f281c738c60adbd2c053d2ded1eae5",
          "measured_tree": "160cc493ab4cfb7f3f8c26b2d1621691a0c49502",
          "observed_selectors": [],
          "reexecuted_now": false,
          "runtime_inventory_added": [
            "formal/pon-nakamoto-v1/evaluation_bundle.py",
            "formal/pon-nakamoto-v1/experiments/evaluation_host_parity.py",
            "formal/pon-nakamoto-v1/experiments/executor_comparison.py",
            "formal/pon-nakamoto-v1/experiments/native_host_parity.py",
            "formal/pon-nakamoto-v1/test_evaluation_bundle.py"
          ],
          "runtime_inventory_removed": [],
          "scope": "Recorded native/reference invariants, long history, work costs and same-admin host campaigns.",
          "source_binding_commit": "242906bae4f281c738c60adbd2c053d2ded1eae5",
          "subject_bytes_match": false,
          "unobserved_selectors": [],
          "unrecorded_subjects": []
        },
        "v4": {
          "artifact_integrity_verified": true,
          "changed_runtime_inputs": [
            "formal/pon-nakamoto-v1/evaluation.py",
            "formal/pon-nakamoto-v1/experiments/learning_cycles.py",
            "formal/pon-nakamoto-v1/experiments/model_loop.py",
            "formal/pon-nakamoto-v1/experiments/run_campaign.py",
            "formal/pon-nakamoto-v1/experiments/settle_model.py",
            "formal/pon-nakamoto-v1/inference_receipt.py",
            "formal/pon-nakamoto-v1/model_contract.py",
            "formal/pon-nakamoto-v1/test_evaluation.py",
            "formal/pon-nakamoto-v1/test_inference_receipt.py"
          ],
          "changed_subjects": [
            "formal/pon-nakamoto-v1/experiments/model_loop.py"
          ],
          "complete_recorded_runtime_matches": false,
          "current_regression_support": false,
          "manifest": "evidence/pon-v4/manifest.json",
          "measured_commit": "30b85c34d1be404dcccd9f415286bb43b00f64ea",
          "measured_tree": "4ee1a9d265f09871b0f167d2a5be77ca4b9839c0",
          "observed_selectors": [],
          "reexecuted_now": false,
          "runtime_inventory_added": [
            "formal/pon-nakamoto-v1/evaluation_bundle.py",
            "formal/pon-nakamoto-v1/experiments/evaluation_host_parity.py",
            "formal/pon-nakamoto-v1/test_evaluation_bundle.py"
          ],
          "runtime_inventory_removed": [],
          "scope": "Block-scoped native comparison and same-admin binary parity; no public TPS.",
          "source_binding_commit": "30b85c34d1be404dcccd9f415286bb43b00f64ea",
          "subject_bytes_match": false,
          "unobserved_selectors": [],
          "unrecorded_subjects": []
        }
      },
      "persistence_owner": null,
      "remaining": "Training executions are retained campaign observations, not a unit-test result or real future user-task generation.",
      "runtime_symbols": [
        {
          "path": "formal/pon-nakamoto-v1/experiments/model_loop.py",
          "symbol": "train"
        },
        {
          "path": "formal/pon-nakamoto-v1/experiments/model_loop.py",
          "symbol": "run"
        }
      ]
    },
    {
      "backend": "Existing E3 controls and source-group gates",
      "controlled_entrypoint": {
        "path": "formal/pon-nakamoto-v1/experiments/model_loop.py",
        "symbol": "worker"
      },
      "evidence_selectors": [
        "formal/pon-nakamoto-v1/test_evaluation_bundle.py::FrozenEvaluationTests.test_control_current_must_be_actual_parent",
        "formal/pon-nakamoto-v1/test_evaluation_bundle.py::StatisticalBoundaryTests.test_caller_future_flag_is_not_observation_or_reward"
      ],
      "implementation_kind": "controlled-experiment",
      "module": "M16",
      "operation": "M16.CompareOrAbstain",
      "ordinary_product_entrypoint": null,
      "packages": {
        "e3": {
          "artifact_integrity_verified": true,
          "changed_runtime_inputs": [],
          "changed_subjects": [],
          "complete_recorded_runtime_matches": true,
          "current_regression_support": true,
          "manifest": "evidence/pon-evaluation-bundle-v1/manifest.json",
          "measured_commit": "50e158640d8278ca94dbecb6539dab96c6a9fb84",
          "measured_tree": "d61a69d3433db127019924d269bf25ded3aecf60",
          "observed_selectors": [
            "formal/pon-nakamoto-v1/test_evaluation_bundle.py::FrozenEvaluationTests.test_control_current_must_be_actual_parent",
            "formal/pon-nakamoto-v1/test_evaluation_bundle.py::StatisticalBoundaryTests.test_caller_future_flag_is_not_observation_or_reward"
          ],
          "reexecuted_now": false,
          "runtime_inventory_added": [],
          "runtime_inventory_removed": [],
          "scope": "Sealed evaluation and full consent; actual zero adoption/reward and same-admin evaluator parity.",
          "source_binding_commit": "50e158640d8278ca94dbecb6539dab96c6a9fb84",
          "subject_bytes_match": true,
          "unobserved_selectors": [],
          "unrecorded_subjects": []
        },
        "v1": {
          "artifact_integrity_verified": true,
          "changed_runtime_inputs": [
            "config/pon/devnet-v1.json",
            "config/pon/ledger-v1.json",
            "formal/pon-nakamoto-v1/experiments/local_network.py",
            "formal/pon-nakamoto-v1/experiments/model_loop.py",
            "formal/pon-nakamoto-v1/experiments/run_campaign.py",
            "formal/pon-nakamoto-v1/experiments/settle_model.py",
            "formal/pon-nakamoto-v1/ledger.py",
            "formal/pon-nakamoto-v1/test_contracts.py",
            "formal/pon-nakamoto-v1/vectors/expected.json",
            "formal/pon-nakamoto-v1/vectors/header-short.bin",
            "formal/pon-nakamoto-v1/vectors/header-trailing.bin",
            "formal/pon-nakamoto-v1/vectors/header-version.bin",
            "formal/pon-nakamoto-v1/vectors/header.bin",
            "formal/pon-nakamoto-v1/vectors/tx-01.bin",
            "formal/pon-nakamoto-v1/vectors/tx-02.bin",
            "formal/pon-nakamoto-v1/vectors/tx-03.bin",
            "formal/pon-nakamoto-v1/vectors/tx-04.bin",
            "formal/pon-nakamoto-v1/vectors/tx-05.bin",
            "formal/pon-nakamoto-v1/vectors/tx-06.bin",
            "formal/pon-nakamoto-v1/vectors/tx-07.bin",
            "formal/pon-nakamoto-v1/vectors/tx-08.bin",
            "formal/pon-nakamoto-v1/vectors/tx-09.bin",
            "formal/pon-nakamoto-v1/vectors/tx-10.bin",
            "formal/pon-nakamoto-v1/vectors/tx-11.bin",
            "formal/pon-nakamoto-v1/vectors/tx-12.bin",
            "formal/pon-nakamoto-v1/vectors/tx-bad-length.bin",
            "formal/pon-nakamoto-v1/vectors/tx-short.bin",
            "formal/pon-nakamoto-v1/vectors/tx-trailing.bin",
            "formal/pon-nakamoto-v1/vectors/tx-unknown.bin",
            "formal/pon-nakamoto-v1/vectors/tx-zero-nonce.bin",
            "formal/pon-nakamoto-v1/vectors/work.bin",
            "trillionnium/Cargo.lock",
            "trillionnium/crates/trnm-crypto-primitives/src/lib.rs",
            "trillionnium/crates/trnm-mvcc-fee/Cargo.toml",
            "trillionnium/crates/trnm-mvcc-fee/src/lib.rs",
            "trillionnium/crates/trnm-protocol/src/pon_wire.rs",
            "trillionnium/crates/trnm-transport/Cargo.toml",
            "trillionnium/crates/trnm-transport/src/lib.rs"
          ],
          "changed_subjects": [
            "config/pon/devnet-v1.json",
            "config/pon/ledger-v1.json",
            "formal/pon-nakamoto-v1/experiments/model_loop.py"
          ],
          "complete_recorded_runtime_matches": false,
          "current_regression_support": false,
          "manifest": "evidence/pon-v1/manifest.json",
          "measured_commit": "8b87fee77ddee6a9778e8bebe880ba2627b05d5d",
          "measured_tree": null,
          "observed_selectors": [],
          "reexecuted_now": false,
          "runtime_inventory_added": [
            "formal/pon-nakamoto-v1/bounded_process.py",
            "formal/pon-nakamoto-v1/evaluation.py",
            "formal/pon-nakamoto-v1/evaluation_bundle.py",
            "formal/pon-nakamoto-v1/experiments/evaluation_host_parity.py",
            "formal/pon-nakamoto-v1/experiments/executor_comparison.py",
            "formal/pon-nakamoto-v1/experiments/learning_cycles.py",
            "formal/pon-nakamoto-v1/experiments/long_history.py",
            "formal/pon-nakamoto-v1/experiments/multihost_campaign.py",
            "formal/pon-nakamoto-v1/experiments/native_host_parity.py",
            "formal/pon-nakamoto-v1/experiments/parallel_cost.py",
            "formal/pon-nakamoto-v1/experiments/remote_peer.py",
            "formal/pon-nakamoto-v1/generate_accepted_block.py",
            "formal/pon-nakamoto-v1/inference_receipt.py",
            "formal/pon-nakamoto-v1/model_contract.py",
            "formal/pon-nakamoto-v1/native_execution.py",
            "formal/pon-nakamoto-v1/strict_signature.py",
            "formal/pon-nakamoto-v1/test_artifacts.py",
            "formal/pon-nakamoto-v1/test_bounded_process.py",
            "formal/pon-nakamoto-v1/test_evaluation.py",
            "formal/pon-nakamoto-v1/test_evaluation_bundle.py",
            "formal/pon-nakamoto-v1/test_inference_receipt.py",
            "formal/pon-nakamoto-v1/test_invariants.py",
            "formal/pon-nakamoto-v1/test_model_contract.py",
            "formal/pon-nakamoto-v1/test_native_execution.py",
            "formal/pon-nakamoto-v1/test_strict_signature.py",
            "formal/pon-nakamoto-v1/test_work_backend.py",
            "formal/pon-nakamoto-v1/vectors/accepted-block/expected.json",
            "formal/pon-nakamoto-v1/vectors/accepted-block/genesis-state.json",
            "formal/pon-nakamoto-v1/vectors/accepted-block/header.bin",
            "formal/pon-nakamoto-v1/vectors/accepted-block/post-state.json",
            "formal/pon-nakamoto-v1/vectors/accepted-block/transaction.bin",
            "formal/pon-nakamoto-v1/vectors/accepted-block/work.bin",
            "formal/pon-nakamoto-v1/work_backend.py",
            "trillionnium/crates/trnm-crypto-primitives/examples/pon_adversarial_cost.rs",
            "trillionnium/crates/trnm-crypto-primitives/examples/pon_work_io.rs",
            "trillionnium/crates/trnm-mvcc-fee/examples/pon_execute.rs",
            "trillionnium/crates/trnm-mvcc-fee/src/pon_executor.rs",
            "trillionnium/crates/trnm-transport/examples/pon_admission_load.rs",
            "trillionnium/crates/trnm-transport/src/proof_admission.rs"
          ],
          "runtime_inventory_removed": [],
          "scope": "Original revision1 work, ledger, model and loopback experiments; historical only.",
          "source_binding_commit": "5d59b9540268914794a62e8fa237caf999499314",
          "subject_bytes_match": false,
          "unobserved_selectors": [
            "formal/pon-nakamoto-v1/test_evaluation_bundle.py::FrozenEvaluationTests.test_control_current_must_be_actual_parent",
            "formal/pon-nakamoto-v1/test_evaluation_bundle.py::StatisticalBoundaryTests.test_caller_future_flag_is_not_observation_or_reward"
          ],
          "unrecorded_subjects": [
            "formal/pon-nakamoto-v1/evaluation_bundle.py"
          ]
        },
        "v3": {
          "artifact_integrity_verified": true,
          "changed_runtime_inputs": [
            "formal/pon-nakamoto-v1/evaluation.py",
            "formal/pon-nakamoto-v1/experiments/learning_cycles.py",
            "formal/pon-nakamoto-v1/experiments/model_loop.py",
            "formal/pon-nakamoto-v1/experiments/run_campaign.py",
            "formal/pon-nakamoto-v1/experiments/settle_model.py",
            "formal/pon-nakamoto-v1/inference_receipt.py",
            "formal/pon-nakamoto-v1/model_contract.py",
            "formal/pon-nakamoto-v1/test_evaluation.py",
            "formal/pon-nakamoto-v1/test_inference_receipt.py",
            "formal/pon-nakamoto-v1/test_native_execution.py",
            "trillionnium/crates/trnm-mvcc-fee/examples/pon_execute.rs",
            "trillionnium/crates/trnm-mvcc-fee/src/pon_executor.rs"
          ],
          "changed_subjects": [
            "formal/pon-nakamoto-v1/experiments/model_loop.py"
          ],
          "complete_recorded_runtime_matches": false,
          "current_regression_support": false,
          "manifest": "evidence/pon-v3/manifest.json",
          "measured_commit": "242906bae4f281c738c60adbd2c053d2ded1eae5",
          "measured_tree": "160cc493ab4cfb7f3f8c26b2d1621691a0c49502",
          "observed_selectors": [],
          "reexecuted_now": false,
          "runtime_inventory_added": [
            "formal/pon-nakamoto-v1/evaluation_bundle.py",
            "formal/pon-nakamoto-v1/experiments/evaluation_host_parity.py",
            "formal/pon-nakamoto-v1/experiments/executor_comparison.py",
            "formal/pon-nakamoto-v1/experiments/native_host_parity.py",
            "formal/pon-nakamoto-v1/test_evaluation_bundle.py"
          ],
          "runtime_inventory_removed": [],
          "scope": "Recorded native/reference invariants, long history, work costs and same-admin host campaigns.",
          "source_binding_commit": "242906bae4f281c738c60adbd2c053d2ded1eae5",
          "subject_bytes_match": false,
          "unobserved_selectors": [
            "formal/pon-nakamoto-v1/test_evaluation_bundle.py::FrozenEvaluationTests.test_control_current_must_be_actual_parent",
            "formal/pon-nakamoto-v1/test_evaluation_bundle.py::StatisticalBoundaryTests.test_caller_future_flag_is_not_observation_or_reward"
          ],
          "unrecorded_subjects": [
            "formal/pon-nakamoto-v1/evaluation_bundle.py"
          ]
        },
        "v4": {
          "artifact_integrity_verified": true,
          "changed_runtime_inputs": [
            "formal/pon-nakamoto-v1/evaluation.py",
            "formal/pon-nakamoto-v1/experiments/learning_cycles.py",
            "formal/pon-nakamoto-v1/experiments/model_loop.py",
            "formal/pon-nakamoto-v1/experiments/run_campaign.py",
            "formal/pon-nakamoto-v1/experiments/settle_model.py",
            "formal/pon-nakamoto-v1/inference_receipt.py",
            "formal/pon-nakamoto-v1/model_contract.py",
            "formal/pon-nakamoto-v1/test_evaluation.py",
            "formal/pon-nakamoto-v1/test_inference_receipt.py"
          ],
          "changed_subjects": [
            "formal/pon-nakamoto-v1/experiments/model_loop.py"
          ],
          "complete_recorded_runtime_matches": false,
          "current_regression_support": false,
          "manifest": "evidence/pon-v4/manifest.json",
          "measured_commit": "30b85c34d1be404dcccd9f415286bb43b00f64ea",
          "measured_tree": "4ee1a9d265f09871b0f167d2a5be77ca4b9839c0",
          "observed_selectors": [],
          "reexecuted_now": false,
          "runtime_inventory_added": [
            "formal/pon-nakamoto-v1/evaluation_bundle.py",
            "formal/pon-nakamoto-v1/experiments/evaluation_host_parity.py",
            "formal/pon-nakamoto-v1/test_evaluation_bundle.py"
          ],
          "runtime_inventory_removed": [],
          "scope": "Block-scoped native comparison and same-admin binary parity; no public TPS.",
          "source_binding_commit": "30b85c34d1be404dcccd9f415286bb43b00f64ea",
          "subject_bytes_match": false,
          "unobserved_selectors": [
            "formal/pon-nakamoto-v1/test_evaluation_bundle.py::FrozenEvaluationTests.test_control_current_must_be_actual_parent",
            "formal/pon-nakamoto-v1/test_evaluation_bundle.py::StatisticalBoundaryTests.test_caller_future_flag_is_not_observation_or_reward"
          ],
          "unrecorded_subjects": [
            "formal/pon-nakamoto-v1/evaluation_bundle.py"
          ]
        }
      },
      "persistence_owner": null,
      "remaining": "Three no-update attempts do not establish prospective improving generations.",
      "runtime_symbols": [
        {
          "path": "formal/pon-nakamoto-v1/evaluation_bundle.py",
          "symbol": "freeze_bundle"
        },
        {
          "path": "formal/pon-nakamoto-v1/evaluation_bundle.py",
          "symbol": "evaluate_bundle"
        }
      ]
    },
    {
      "backend": "Read-only source/procedure binding checker",
      "controlled_entrypoint": {
        "path": "scripts/ci/check_repository.py",
        "symbol": "check"
      },
      "evidence_selectors": [],
      "implementation_kind": "pure-component",
      "module": "M17",
      "operation": "M17.CheckDetailedContracts",
      "ordinary_product_entrypoint": null,
      "packages": {
        "e3": {
          "artifact_integrity_verified": true,
          "changed_runtime_inputs": [],
          "changed_subjects": [],
          "complete_recorded_runtime_matches": true,
          "current_regression_support": false,
          "manifest": "evidence/pon-evaluation-bundle-v1/manifest.json",
          "measured_commit": "50e158640d8278ca94dbecb6539dab96c6a9fb84",
          "measured_tree": "d61a69d3433db127019924d269bf25ded3aecf60",
          "observed_selectors": [],
          "reexecuted_now": false,
          "runtime_inventory_added": [],
          "runtime_inventory_removed": [],
          "scope": "Sealed evaluation and full consent; actual zero adoption/reward and same-admin evaluator parity.",
          "source_binding_commit": "50e158640d8278ca94dbecb6539dab96c6a9fb84",
          "subject_bytes_match": false,
          "unobserved_selectors": [],
          "unrecorded_subjects": [
            "scripts/ci/check_detailed_contracts.py",
            "scripts/ci/check_repository.py"
          ]
        },
        "v1": {
          "artifact_integrity_verified": true,
          "changed_runtime_inputs": [
            "config/pon/devnet-v1.json",
            "config/pon/ledger-v1.json",
            "formal/pon-nakamoto-v1/experiments/local_network.py",
            "formal/pon-nakamoto-v1/experiments/model_loop.py",
            "formal/pon-nakamoto-v1/experiments/run_campaign.py",
            "formal/pon-nakamoto-v1/experiments/settle_model.py",
            "formal/pon-nakamoto-v1/ledger.py",
            "formal/pon-nakamoto-v1/test_contracts.py",
            "formal/pon-nakamoto-v1/vectors/expected.json",
            "formal/pon-nakamoto-v1/vectors/header-short.bin",
            "formal/pon-nakamoto-v1/vectors/header-trailing.bin",
            "formal/pon-nakamoto-v1/vectors/header-version.bin",
            "formal/pon-nakamoto-v1/vectors/header.bin",
            "formal/pon-nakamoto-v1/vectors/tx-01.bin",
            "formal/pon-nakamoto-v1/vectors/tx-02.bin",
            "formal/pon-nakamoto-v1/vectors/tx-03.bin",
            "formal/pon-nakamoto-v1/vectors/tx-04.bin",
            "formal/pon-nakamoto-v1/vectors/tx-05.bin",
            "formal/pon-nakamoto-v1/vectors/tx-06.bin",
            "formal/pon-nakamoto-v1/vectors/tx-07.bin",
            "formal/pon-nakamoto-v1/vectors/tx-08.bin",
            "formal/pon-nakamoto-v1/vectors/tx-09.bin",
            "formal/pon-nakamoto-v1/vectors/tx-10.bin",
            "formal/pon-nakamoto-v1/vectors/tx-11.bin",
            "formal/pon-nakamoto-v1/vectors/tx-12.bin",
            "formal/pon-nakamoto-v1/vectors/tx-bad-length.bin",
            "formal/pon-nakamoto-v1/vectors/tx-short.bin",
            "formal/pon-nakamoto-v1/vectors/tx-trailing.bin",
            "formal/pon-nakamoto-v1/vectors/tx-unknown.bin",
            "formal/pon-nakamoto-v1/vectors/tx-zero-nonce.bin",
            "formal/pon-nakamoto-v1/vectors/work.bin",
            "trillionnium/Cargo.lock",
            "trillionnium/crates/trnm-crypto-primitives/src/lib.rs",
            "trillionnium/crates/trnm-mvcc-fee/Cargo.toml",
            "trillionnium/crates/trnm-mvcc-fee/src/lib.rs",
            "trillionnium/crates/trnm-protocol/src/pon_wire.rs",
            "trillionnium/crates/trnm-transport/Cargo.toml",
            "trillionnium/crates/trnm-transport/src/lib.rs"
          ],
          "changed_subjects": [
            "config/pon/devnet-v1.json",
            "config/pon/ledger-v1.json"
          ],
          "complete_recorded_runtime_matches": false,
          "current_regression_support": false,
          "manifest": "evidence/pon-v1/manifest.json",
          "measured_commit": "8b87fee77ddee6a9778e8bebe880ba2627b05d5d",
          "measured_tree": null,
          "observed_selectors": [],
          "reexecuted_now": false,
          "runtime_inventory_added": [
            "formal/pon-nakamoto-v1/bounded_process.py",
            "formal/pon-nakamoto-v1/evaluation.py",
            "formal/pon-nakamoto-v1/evaluation_bundle.py",
            "formal/pon-nakamoto-v1/experiments/evaluation_host_parity.py",
            "formal/pon-nakamoto-v1/experiments/executor_comparison.py",
            "formal/pon-nakamoto-v1/experiments/learning_cycles.py",
            "formal/pon-nakamoto-v1/experiments/long_history.py",
            "formal/pon-nakamoto-v1/experiments/multihost_campaign.py",
            "formal/pon-nakamoto-v1/experiments/native_host_parity.py",
            "formal/pon-nakamoto-v1/experiments/parallel_cost.py",
            "formal/pon-nakamoto-v1/experiments/remote_peer.py",
            "formal/pon-nakamoto-v1/generate_accepted_block.py",
            "formal/pon-nakamoto-v1/inference_receipt.py",
            "formal/pon-nakamoto-v1/model_contract.py",
            "formal/pon-nakamoto-v1/native_execution.py",
            "formal/pon-nakamoto-v1/strict_signature.py",
            "formal/pon-nakamoto-v1/test_artifacts.py",
            "formal/pon-nakamoto-v1/test_bounded_process.py",
            "formal/pon-nakamoto-v1/test_evaluation.py",
            "formal/pon-nakamoto-v1/test_evaluation_bundle.py",
            "formal/pon-nakamoto-v1/test_inference_receipt.py",
            "formal/pon-nakamoto-v1/test_invariants.py",
            "formal/pon-nakamoto-v1/test_model_contract.py",
            "formal/pon-nakamoto-v1/test_native_execution.py",
            "formal/pon-nakamoto-v1/test_strict_signature.py",
            "formal/pon-nakamoto-v1/test_work_backend.py",
            "formal/pon-nakamoto-v1/vectors/accepted-block/expected.json",
            "formal/pon-nakamoto-v1/vectors/accepted-block/genesis-state.json",
            "formal/pon-nakamoto-v1/vectors/accepted-block/header.bin",
            "formal/pon-nakamoto-v1/vectors/accepted-block/post-state.json",
            "formal/pon-nakamoto-v1/vectors/accepted-block/transaction.bin",
            "formal/pon-nakamoto-v1/vectors/accepted-block/work.bin",
            "formal/pon-nakamoto-v1/work_backend.py",
            "trillionnium/crates/trnm-crypto-primitives/examples/pon_adversarial_cost.rs",
            "trillionnium/crates/trnm-crypto-primitives/examples/pon_work_io.rs",
            "trillionnium/crates/trnm-mvcc-fee/examples/pon_execute.rs",
            "trillionnium/crates/trnm-mvcc-fee/src/pon_executor.rs",
            "trillionnium/crates/trnm-transport/examples/pon_admission_load.rs",
            "trillionnium/crates/trnm-transport/src/proof_admission.rs"
          ],
          "runtime_inventory_removed": [],
          "scope": "Original revision1 work, ledger, model and loopback experiments; historical only.",
          "source_binding_commit": "5d59b9540268914794a62e8fa237caf999499314",
          "subject_bytes_match": false,
          "unobserved_selectors": [],
          "unrecorded_subjects": [
            "scripts/ci/check_detailed_contracts.py",
            "scripts/ci/check_repository.py"
          ]
        },
        "v3": {
          "artifact_integrity_verified": true,
          "changed_runtime_inputs": [
            "formal/pon-nakamoto-v1/evaluation.py",
            "formal/pon-nakamoto-v1/experiments/learning_cycles.py",
            "formal/pon-nakamoto-v1/experiments/model_loop.py",
            "formal/pon-nakamoto-v1/experiments/run_campaign.py",
            "formal/pon-nakamoto-v1/experiments/settle_model.py",
            "formal/pon-nakamoto-v1/inference_receipt.py",
            "formal/pon-nakamoto-v1/model_contract.py",
            "formal/pon-nakamoto-v1/test_evaluation.py",
            "formal/pon-nakamoto-v1/test_inference_receipt.py",
            "formal/pon-nakamoto-v1/test_native_execution.py",
            "trillionnium/crates/trnm-mvcc-fee/examples/pon_execute.rs",
            "trillionnium/crates/trnm-mvcc-fee/src/pon_executor.rs"
          ],
          "changed_subjects": [
            "scripts/ci/check_detailed_contracts.py"
          ],
          "complete_recorded_runtime_matches": false,
          "current_regression_support": false,
          "manifest": "evidence/pon-v3/manifest.json",
          "measured_commit": "242906bae4f281c738c60adbd2c053d2ded1eae5",
          "measured_tree": "160cc493ab4cfb7f3f8c26b2d1621691a0c49502",
          "observed_selectors": [],
          "reexecuted_now": false,
          "runtime_inventory_added": [
            "formal/pon-nakamoto-v1/evaluation_bundle.py",
            "formal/pon-nakamoto-v1/experiments/evaluation_host_parity.py",
            "formal/pon-nakamoto-v1/experiments/executor_comparison.py",
            "formal/pon-nakamoto-v1/experiments/native_host_parity.py",
            "formal/pon-nakamoto-v1/test_evaluation_bundle.py"
          ],
          "runtime_inventory_removed": [],
          "scope": "Recorded native/reference invariants, long history, work costs and same-admin host campaigns.",
          "source_binding_commit": "242906bae4f281c738c60adbd2c053d2ded1eae5",
          "subject_bytes_match": false,
          "unobserved_selectors": [],
          "unrecorded_subjects": []
        },
        "v4": {
          "artifact_integrity_verified": true,
          "changed_runtime_inputs": [
            "formal/pon-nakamoto-v1/evaluation.py",
            "formal/pon-nakamoto-v1/experiments/learning_cycles.py",
            "formal/pon-nakamoto-v1/experiments/model_loop.py",
            "formal/pon-nakamoto-v1/experiments/run_campaign.py",
            "formal/pon-nakamoto-v1/experiments/settle_model.py",
            "formal/pon-nakamoto-v1/inference_receipt.py",
            "formal/pon-nakamoto-v1/model_contract.py",
            "formal/pon-nakamoto-v1/test_evaluation.py",
            "formal/pon-nakamoto-v1/test_inference_receipt.py"
          ],
          "changed_subjects": [
            "scripts/ci/check_detailed_contracts.py"
          ],
          "complete_recorded_runtime_matches": false,
          "current_regression_support": false,
          "manifest": "evidence/pon-v4/manifest.json",
          "measured_commit": "30b85c34d1be404dcccd9f415286bb43b00f64ea",
          "measured_tree": "4ee1a9d265f09871b0f167d2a5be77ca4b9839c0",
          "observed_selectors": [],
          "reexecuted_now": false,
          "runtime_inventory_added": [
            "formal/pon-nakamoto-v1/evaluation_bundle.py",
            "formal/pon-nakamoto-v1/experiments/evaluation_host_parity.py",
            "formal/pon-nakamoto-v1/test_evaluation_bundle.py"
          ],
          "runtime_inventory_removed": [],
          "scope": "Block-scoped native comparison and same-admin binary parity; no public TPS.",
          "source_binding_commit": "30b85c34d1be404dcccd9f415286bb43b00f64ea",
          "subject_bytes_match": false,
          "unobserved_selectors": [],
          "unrecorded_subjects": []
        }
      },
      "persistence_owner": null,
      "remaining": "Current checker-source changes need their own executed PR checks; historic source-contract logs are not proof of this checker revision.",
      "runtime_symbols": [
        {
          "path": "scripts/ci/check_detailed_contracts.py",
          "symbol": "validate"
        }
      ]
    },
    {
      "backend": "Read-only immutable receipt and original-source validator",
      "controlled_entrypoint": {
        "path": "scripts/ci/check_evaluation_bundle_evidence.py",
        "symbol": "validate"
      },
      "evidence_selectors": [],
      "implementation_kind": "pure-component",
      "module": "M17",
      "operation": "M17.QualifyExecutedCampaign",
      "ordinary_product_entrypoint": null,
      "packages": {
        "e3": {
          "artifact_integrity_verified": true,
          "changed_runtime_inputs": [],
          "changed_subjects": [],
          "complete_recorded_runtime_matches": true,
          "current_regression_support": false,
          "manifest": "evidence/pon-evaluation-bundle-v1/manifest.json",
          "measured_commit": "50e158640d8278ca94dbecb6539dab96c6a9fb84",
          "measured_tree": "d61a69d3433db127019924d269bf25ded3aecf60",
          "observed_selectors": [],
          "reexecuted_now": false,
          "runtime_inventory_added": [],
          "runtime_inventory_removed": [],
          "scope": "Sealed evaluation and full consent; actual zero adoption/reward and same-admin evaluator parity.",
          "source_binding_commit": "50e158640d8278ca94dbecb6539dab96c6a9fb84",
          "subject_bytes_match": false,
          "unobserved_selectors": [],
          "unrecorded_subjects": [
            "scripts/ci/check_evaluation_bundle_evidence.py"
          ]
        },
        "v1": {
          "artifact_integrity_verified": true,
          "changed_runtime_inputs": [
            "config/pon/devnet-v1.json",
            "config/pon/ledger-v1.json",
            "formal/pon-nakamoto-v1/experiments/local_network.py",
            "formal/pon-nakamoto-v1/experiments/model_loop.py",
            "formal/pon-nakamoto-v1/experiments/run_campaign.py",
            "formal/pon-nakamoto-v1/experiments/settle_model.py",
            "formal/pon-nakamoto-v1/ledger.py",
            "formal/pon-nakamoto-v1/test_contracts.py",
            "formal/pon-nakamoto-v1/vectors/expected.json",
            "formal/pon-nakamoto-v1/vectors/header-short.bin",
            "formal/pon-nakamoto-v1/vectors/header-trailing.bin",
            "formal/pon-nakamoto-v1/vectors/header-version.bin",
            "formal/pon-nakamoto-v1/vectors/header.bin",
            "formal/pon-nakamoto-v1/vectors/tx-01.bin",
            "formal/pon-nakamoto-v1/vectors/tx-02.bin",
            "formal/pon-nakamoto-v1/vectors/tx-03.bin",
            "formal/pon-nakamoto-v1/vectors/tx-04.bin",
            "formal/pon-nakamoto-v1/vectors/tx-05.bin",
            "formal/pon-nakamoto-v1/vectors/tx-06.bin",
            "formal/pon-nakamoto-v1/vectors/tx-07.bin",
            "formal/pon-nakamoto-v1/vectors/tx-08.bin",
            "formal/pon-nakamoto-v1/vectors/tx-09.bin",
            "formal/pon-nakamoto-v1/vectors/tx-10.bin",
            "formal/pon-nakamoto-v1/vectors/tx-11.bin",
            "formal/pon-nakamoto-v1/vectors/tx-12.bin",
            "formal/pon-nakamoto-v1/vectors/tx-bad-length.bin",
            "formal/pon-nakamoto-v1/vectors/tx-short.bin",
            "formal/pon-nakamoto-v1/vectors/tx-trailing.bin",
            "formal/pon-nakamoto-v1/vectors/tx-unknown.bin",
            "formal/pon-nakamoto-v1/vectors/tx-zero-nonce.bin",
            "formal/pon-nakamoto-v1/vectors/work.bin",
            "trillionnium/Cargo.lock",
            "trillionnium/crates/trnm-crypto-primitives/src/lib.rs",
            "trillionnium/crates/trnm-mvcc-fee/Cargo.toml",
            "trillionnium/crates/trnm-mvcc-fee/src/lib.rs",
            "trillionnium/crates/trnm-protocol/src/pon_wire.rs",
            "trillionnium/crates/trnm-transport/Cargo.toml",
            "trillionnium/crates/trnm-transport/src/lib.rs"
          ],
          "changed_subjects": [
            "config/pon/devnet-v1.json",
            "config/pon/ledger-v1.json"
          ],
          "complete_recorded_runtime_matches": false,
          "current_regression_support": false,
          "manifest": "evidence/pon-v1/manifest.json",
          "measured_commit": "8b87fee77ddee6a9778e8bebe880ba2627b05d5d",
          "measured_tree": null,
          "observed_selectors": [],
          "reexecuted_now": false,
          "runtime_inventory_added": [
            "formal/pon-nakamoto-v1/bounded_process.py",
            "formal/pon-nakamoto-v1/evaluation.py",
            "formal/pon-nakamoto-v1/evaluation_bundle.py",
            "formal/pon-nakamoto-v1/experiments/evaluation_host_parity.py",
            "formal/pon-nakamoto-v1/experiments/executor_comparison.py",
            "formal/pon-nakamoto-v1/experiments/learning_cycles.py",
            "formal/pon-nakamoto-v1/experiments/long_history.py",
            "formal/pon-nakamoto-v1/experiments/multihost_campaign.py",
            "formal/pon-nakamoto-v1/experiments/native_host_parity.py",
            "formal/pon-nakamoto-v1/experiments/parallel_cost.py",
            "formal/pon-nakamoto-v1/experiments/remote_peer.py",
            "formal/pon-nakamoto-v1/generate_accepted_block.py",
            "formal/pon-nakamoto-v1/inference_receipt.py",
            "formal/pon-nakamoto-v1/model_contract.py",
            "formal/pon-nakamoto-v1/native_execution.py",
            "formal/pon-nakamoto-v1/strict_signature.py",
            "formal/pon-nakamoto-v1/test_artifacts.py",
            "formal/pon-nakamoto-v1/test_bounded_process.py",
            "formal/pon-nakamoto-v1/test_evaluation.py",
            "formal/pon-nakamoto-v1/test_evaluation_bundle.py",
            "formal/pon-nakamoto-v1/test_inference_receipt.py",
            "formal/pon-nakamoto-v1/test_invariants.py",
            "formal/pon-nakamoto-v1/test_model_contract.py",
            "formal/pon-nakamoto-v1/test_native_execution.py",
            "formal/pon-nakamoto-v1/test_strict_signature.py",
            "formal/pon-nakamoto-v1/test_work_backend.py",
            "formal/pon-nakamoto-v1/vectors/accepted-block/expected.json",
            "formal/pon-nakamoto-v1/vectors/accepted-block/genesis-state.json",
            "formal/pon-nakamoto-v1/vectors/accepted-block/header.bin",
            "formal/pon-nakamoto-v1/vectors/accepted-block/post-state.json",
            "formal/pon-nakamoto-v1/vectors/accepted-block/transaction.bin",
            "formal/pon-nakamoto-v1/vectors/accepted-block/work.bin",
            "formal/pon-nakamoto-v1/work_backend.py",
            "trillionnium/crates/trnm-crypto-primitives/examples/pon_adversarial_cost.rs",
            "trillionnium/crates/trnm-crypto-primitives/examples/pon_work_io.rs",
            "trillionnium/crates/trnm-mvcc-fee/examples/pon_execute.rs",
            "trillionnium/crates/trnm-mvcc-fee/src/pon_executor.rs",
            "trillionnium/crates/trnm-transport/examples/pon_admission_load.rs",
            "trillionnium/crates/trnm-transport/src/proof_admission.rs"
          ],
          "runtime_inventory_removed": [],
          "scope": "Original revision1 work, ledger, model and loopback experiments; historical only.",
          "source_binding_commit": "5d59b9540268914794a62e8fa237caf999499314",
          "subject_bytes_match": false,
          "unobserved_selectors": [],
          "unrecorded_subjects": [
            "scripts/ci/check_evaluation_bundle_evidence.py"
          ]
        },
        "v3": {
          "artifact_integrity_verified": true,
          "changed_runtime_inputs": [
            "formal/pon-nakamoto-v1/evaluation.py",
            "formal/pon-nakamoto-v1/experiments/learning_cycles.py",
            "formal/pon-nakamoto-v1/experiments/model_loop.py",
            "formal/pon-nakamoto-v1/experiments/run_campaign.py",
            "formal/pon-nakamoto-v1/experiments/settle_model.py",
            "formal/pon-nakamoto-v1/inference_receipt.py",
            "formal/pon-nakamoto-v1/model_contract.py",
            "formal/pon-nakamoto-v1/test_evaluation.py",
            "formal/pon-nakamoto-v1/test_inference_receipt.py",
            "formal/pon-nakamoto-v1/test_native_execution.py",
            "trillionnium/crates/trnm-mvcc-fee/examples/pon_execute.rs",
            "trillionnium/crates/trnm-mvcc-fee/src/pon_executor.rs"
          ],
          "changed_subjects": [],
          "complete_recorded_runtime_matches": false,
          "current_regression_support": false,
          "manifest": "evidence/pon-v3/manifest.json",
          "measured_commit": "242906bae4f281c738c60adbd2c053d2ded1eae5",
          "measured_tree": "160cc493ab4cfb7f3f8c26b2d1621691a0c49502",
          "observed_selectors": [],
          "reexecuted_now": false,
          "runtime_inventory_added": [
            "formal/pon-nakamoto-v1/evaluation_bundle.py",
            "formal/pon-nakamoto-v1/experiments/evaluation_host_parity.py",
            "formal/pon-nakamoto-v1/experiments/executor_comparison.py",
            "formal/pon-nakamoto-v1/experiments/native_host_parity.py",
            "formal/pon-nakamoto-v1/test_evaluation_bundle.py"
          ],
          "runtime_inventory_removed": [],
          "scope": "Recorded native/reference invariants, long history, work costs and same-admin host campaigns.",
          "source_binding_commit": "242906bae4f281c738c60adbd2c053d2ded1eae5",
          "subject_bytes_match": false,
          "unobserved_selectors": [],
          "unrecorded_subjects": [
            "scripts/ci/check_evaluation_bundle_evidence.py"
          ]
        },
        "v4": {
          "artifact_integrity_verified": true,
          "changed_runtime_inputs": [
            "formal/pon-nakamoto-v1/evaluation.py",
            "formal/pon-nakamoto-v1/experiments/learning_cycles.py",
            "formal/pon-nakamoto-v1/experiments/model_loop.py",
            "formal/pon-nakamoto-v1/experiments/run_campaign.py",
            "formal/pon-nakamoto-v1/experiments/settle_model.py",
            "formal/pon-nakamoto-v1/inference_receipt.py",
            "formal/pon-nakamoto-v1/model_contract.py",
            "formal/pon-nakamoto-v1/test_evaluation.py",
            "formal/pon-nakamoto-v1/test_inference_receipt.py"
          ],
          "changed_subjects": [],
          "complete_recorded_runtime_matches": false,
          "current_regression_support": false,
          "manifest": "evidence/pon-v4/manifest.json",
          "measured_commit": "30b85c34d1be404dcccd9f415286bb43b00f64ea",
          "measured_tree": "4ee1a9d265f09871b0f167d2a5be77ca4b9839c0",
          "observed_selectors": [],
          "reexecuted_now": false,
          "runtime_inventory_added": [
            "formal/pon-nakamoto-v1/evaluation_bundle.py",
            "formal/pon-nakamoto-v1/experiments/evaluation_host_parity.py",
            "formal/pon-nakamoto-v1/test_evaluation_bundle.py"
          ],
          "runtime_inventory_removed": [],
          "scope": "Block-scoped native comparison and same-admin binary parity; no public TPS.",
          "source_binding_commit": "30b85c34d1be404dcccd9f415286bb43b00f64ea",
          "subject_bytes_match": false,
          "unobserved_selectors": [],
          "unrecorded_subjects": [
            "scripts/ci/check_evaluation_bundle_evidence.py"
          ]
        }
      },
      "persistence_owner": null,
      "remaining": "Does not execute old tests again, confer scientific independence or grant deployment authority.",
      "runtime_symbols": [
        {
          "path": "scripts/ci/check_evaluation_bundle_evidence.py",
          "symbol": "validate"
        }
      ]
    }
  ],
  "schema": "pon-responsibility-evidence-report-v1",
  "tests_run_by_reporter": false
}
