   Compiling trnm-mempool v0.1.0 (/home/qian-qi/Documents/chain-pon-contract-authority-20260929/trillionnium/crates/trnm-mempool)
   Compiling version_check v0.9.5
   Compiling cfg-if v1.0.4
   Compiling typenum v1.19.0
   Compiling generic-array v0.14.7
   Compiling cpufeatures v0.2.17
   Compiling proc-macro2 v1.0.106
   Compiling unicode-ident v1.0.24
   Compiling quote v1.0.45
   Compiling crypto-common v0.1.7
   Compiling block-buffer v0.10.4
   Compiling digest v0.10.7
   Compiling sha2 v0.10.9
   Compiling syn v2.0.117
   Compiling semver v1.0.27
   Compiling rustc_version v0.4.1
   Compiling curve25519-dalek v4.1.3
   Compiling subtle v2.6.1
   Compiling zeroize v1.8.2
   Compiling hex v0.4.3
   Compiling signature v2.2.0
   Compiling ed25519 v2.2.3
   Compiling serde_core v1.0.228
   Compiling curve25519-dalek-derive v0.1.1
   Compiling libc v0.2.184
   Compiling serde v1.0.228
   Compiling zmij v1.0.21
   Compiling serde_derive v1.0.228
   Compiling ed25519-dalek v2.2.0
   Compiling serde_json v1.0.149
   Compiling bitflags v2.11.0
   Compiling itoa v1.0.18
   Compiling memchr v2.8.0
   Compiling rustix v1.1.4
   Compiling once_cell v1.21.4
   Compiling linux-raw-sys v0.12.1
   Compiling getrandom v0.4.2
   Compiling fastrand v2.3.0
   Compiling fs2 v0.4.3
   Compiling trnm-types v0.1.0 (/home/qian-qi/Documents/chain-pon-contract-authority-20260929/trillionnium/crates/trnm-types)
   Compiling tempfile v3.27.0
   Compiling zerocopy v0.8.48
   Compiling shlex v1.3.0
   Compiling ahash v0.8.12
   Compiling find-msvc-tools v0.1.9
   Compiling cc v1.2.59
   Compiling winnow v1.0.4
   Compiling vcpkg v0.2.15
   Compiling equivalent v1.0.2
   Compiling hashbrown v0.16.1
   Compiling pkg-config v0.3.32
   Compiling indexmap v2.13.1
   Compiling libsqlite3-sys v0.30.1
   Compiling toml_parser v1.1.3+spec-1.1.0
   Compiling trnm-peer-lease v0.1.0 (/home/qian-qi/Documents/chain-pon-contract-authority-20260929/trillionnium/crates/trnm-peer-lease)
   Compiling toml_datetime v1.1.1+spec-1.1.0
   Compiling anyhow v1.0.103
   Compiling toml_edit v0.25.13+spec-1.1.0
   Compiling hashbrown v0.14.5
   Compiling cfg_aliases v0.2.2
   Compiling borsh v1.8.0
   Compiling hashlink v0.9.1
   Compiling proc-macro-crate v3.5.0
   Compiling smallvec v1.15.1
   Compiling thiserror v1.0.69
   Compiling fallible-iterator v0.3.0
   Compiling fallible-streaming-iterator v0.1.9
   Compiling borsh-derive v1.8.0
   Compiling thiserror-impl v1.0.69
   Compiling trnm-crypto-primitives v0.1.0 (/home/qian-qi/Documents/chain-pon-contract-authority-20260929/trillionnium/crates/trnm-crypto-primitives)
   Compiling utf8parse v0.2.2
   Compiling anstyle-parse v1.0.0
   Compiling trnm-checkpoint-types v0.1.0 (/home/qian-qi/Documents/chain-pon-contract-authority-20260929/trillionnium/crates/trnm-checkpoint-types)
   Compiling anstyle-query v1.1.5
   Compiling colorchoice v1.0.5
   Compiling is_terminal_polyfill v1.70.2
   Compiling anstyle v1.0.14
   Compiling anstream v1.0.0
   Compiling trnm-protocol v0.1.0 (/home/qian-qi/Documents/chain-pon-contract-authority-20260929/trillionnium/crates/trnm-protocol)
   Compiling rusqlite v0.32.1
   Compiling trnm-task-kernel v0.1.0 (/home/qian-qi/Documents/chain-pon-contract-authority-20260929/trillionnium/crates/trnm-task-kernel)
   Compiling clap_lex v1.1.0
   Compiling heck v0.5.0
   Compiling strsim v0.11.1
   Compiling clap_builder v4.6.0
   Compiling clap_derive v4.6.0
   Compiling trnm-checkpoint-store v0.1.0 (/home/qian-qi/Documents/chain-pon-contract-authority-20260929/trillionnium/crates/trnm-checkpoint-store)
   Compiling trnm-audit-events v0.1.0 (/home/qian-qi/Documents/chain-pon-contract-authority-20260929/trillionnium/crates/trnm-audit-events)
   Compiling trnm-mvcc-fee v0.1.0 (/home/qian-qi/Documents/chain-pon-contract-authority-20260929/trillionnium/crates/trnm-mvcc-fee)
   Compiling clap v4.6.0
   Compiling trnm-research-protocol v0.1.0 (/home/qian-qi/Documents/chain-pon-contract-authority-20260929/trillionnium/crates/trnm-research-protocol)
   Compiling trnm-executor v0.1.0 (/home/qian-qi/Documents/chain-pon-contract-authority-20260929/trillionnium/crates/trnm-executor)
   Compiling wait-timeout v0.2.1
   Compiling trnm-verification-profiles v0.1.0 (/home/qian-qi/Documents/chain-pon-contract-authority-20260929/trillionnium/crates/trnm-verification-profiles)
   Compiling trnm-transport v0.1.0 (/home/qian-qi/Documents/chain-pon-contract-authority-20260929/trillionnium/crates/trnm-transport)
   Compiling shell-escape v0.1.5
   Compiling trnm-worker-agent v0.1.0 (/home/qian-qi/Documents/chain-pon-contract-authority-20260929/trillionnium/crates/trnm-worker-agent)
   Compiling trnm-bench v0.1.0 (/home/qian-qi/Documents/chain-pon-contract-authority-20260929/trillionnium/crates/trnm-bench)
   Compiling trnm-escrow-vault v0.1.0 (/home/qian-qi/Documents/chain-pon-contract-authority-20260929/trillionnium/crates/trnm-escrow-vault)
   Compiling trnm-governance-guard v0.1.0 (/home/qian-qi/Documents/chain-pon-contract-authority-20260929/trillionnium/crates/trnm-governance-guard)
   Compiling trnm-service-settlement v0.1.0 (/home/qian-qi/Documents/chain-pon-contract-authority-20260929/trillionnium/crates/trnm-service-settlement)
   Compiling trnm-data-availability v0.1.0 (/home/qian-qi/Documents/chain-pon-contract-authority-20260929/trillionnium/crates/trnm-data-availability)
   Compiling trnm-state-import v0.1.0 (/home/qian-qi/Documents/chain-pon-contract-authority-20260929/trillionnium/crates/trnm-state-import)
   Compiling trnm-oracle v0.1.0 (/home/qian-qi/Documents/chain-pon-contract-authority-20260929/trillionnium/crates/trnm-oracle)
   Compiling trnm-release-bundle v0.1.0 (/home/qian-qi/Documents/chain-pon-contract-authority-20260929/trillionnium/crates/trnm-release-bundle)
   Compiling trnm-control-plane v0.1.0 (/home/qian-qi/Documents/chain-pon-contract-authority-20260929/trillionnium/crates/trnm-control-plane)
    Finished `test` profile [unoptimized + debuginfo] target(s) in 2m 12s
     Running unittests src/lib.rs (/tmp/pon-contract-authority-20260929/target/debug/deps/trnm_audit_events-364338f19e3c774c)

running 3 tests
test tests::builder_setters_fill_normalized_fields ... ok
test tests::new_preserves_source_and_event_type ... ok
test tests::new_starts_with_all_optional_fields_absent ... ok

test result: ok. 3 passed; 0 failed; 0 ignored; 0 measured; 0 filtered out; finished in 0.00s

     Running unittests src/main.rs (/tmp/pon-contract-authority-20260929/target/debug/deps/trnm_bench-52da7d530c0d76d0)

running 11 tests
test tests::chrono_like_iso_formats_unix_epoch_and_next_second_stably ... ok
test tests::deterministic_digests_bind_input_and_ordered_groups ... ok
test tests::hot_streak_workload_avoids_duplicate_side_reads_when_keyspace_allows ... ok
test tests::hot_streak_workload_fail_closes_zero_inputs_to_single_key_single_read_stride ... ok
test tests::hot_streak_workload_keeps_deterministic_block_stm_style_streaks ... ok
test tests::mixed_workload_respects_read_fanout_and_write_every_stride ... ok
test tests::persist_profile_report_into_writes_self_describing_artifact_in_requested_dir ... ok
test tests::retry_fallback_new_group_share_tracks_scan_exhaustion_pressure ... ok
test tests::retry_scan_hit_and_miss_metrics_partition_candidate_scans ... ok
test tests::retry_stage_overlap_share_reports_double_counted_retry_hits ... ok
test tests::retry_telemetry_zero_denominator_metrics_fail_closed_to_zero ... ok

test result: ok. 11 passed; 0 failed; 0 ignored; 0 measured; 0 filtered out; finished in 0.01s

     Running unittests src/lib.rs (/tmp/pon-contract-authority-20260929/target/debug/deps/trnm_checkpoint_store-4cf6a46533fda939)

running 9 tests
test tests::activation_and_key_boundaries_remain_closed ... ok
test tests::authority_exact_cas_rejects_replay_and_reopens ... ok
test tests::bound_anchor_replacement_fails_closed_before_load ... ok
test tests::bound_lock_replacement_fails_closed_before_load ... ok
test tests::bound_log_replacement_fails_closed_before_load ... ok
test tests::bound_parent_directory_replacement_fails_closed_before_load ... ok
test tests::journal_truncation_and_byte_edit_fail_closed ... ok
test tests::replayed_record_fails_closed ... ok
test tests::unix_client_round_trip_uses_separate_thread_authority ... ok

test result: ok. 9 passed; 0 failed; 0 ignored; 0 measured; 0 filtered out; finished in 0.27s

     Running unittests src/main.rs (/tmp/pon-contract-authority-20260929/target/debug/deps/trnm_external_node_checkpoint_v2-2a548b3237a28640)

running 15 tests
test node_commit_ledger_v1::tests::abandoned_partial_temp_converges_to_source ... ok
test node_commit_ledger_v1::tests::coherent_rewritten_prefix_with_higher_head_is_rejected_v1 ... ok
test node_commit_ledger_v1::tests::cold_rollback_below_supplied_expected_source_is_rejected_v1 ... ok
test node_commit_ledger_v1::tests::corrupted_older_record_fences_owner_without_cleanup_v1 ... ok
test node_commit_ledger_v1::tests::durable_successor_reopens_exactly ... ok
test node_commit_ledger_v1::tests::exact_target_retry_is_read_only_and_does_not_append_v1 ... ok
test node_commit_ledger_v1::tests::expected_context_mismatch_preserves_journal_ahead_and_temp_evidence_v1 ... ok
test node_commit_ledger_v1::tests::journal_ahead_of_head_recovers_to_exact_target ... ok
test node_commit_ledger_v1::tests::live_coherent_anchor_rewrite_and_head_rollback_are_rejected_v1 ... ok
test node_commit_ledger_v1::tests::live_root_records_lock_and_anchor_replacements_fail_closed_v1 ... ok
test node_commit_ledger_v1::tests::missing_record_and_head_ahead_fail_before_repair_v1 ... ok
test node_commit_ledger_v1::tests::record_and_temp_links_are_rejected_without_deleting_targets_v1 ... ok
test node_commit_ledger_v1::tests::third_state_is_rejected ... ok
test node_commit_ledger_v1::tests::unknown_root_and_noncanonical_temp_names_are_retained_and_rejected_v1 ... ok
test node_commit_ledger_v1::tests::valid_extension_preserves_the_observed_live_prefix_v1 ... ok

test result: ok. 15 passed; 0 failed; 0 ignored; 0 measured; 0 filtered out; finished in 2.04s

     Running tests/cross_process.rs (/tmp/pon-contract-authority-20260929/target/debug/deps/cross_process-63fded85c66d18ca)

running 1 test
test standalone_daemon_is_cross_process_and_rejects_truncated_log ... ok

test result: ok. 1 passed; 0 failed; 0 ignored; 0 measured; 0 filtered out; finished in 0.05s

     Running unittests src/lib.rs (/tmp/pon-contract-authority-20260929/target/debug/deps/trnm_checkpoint_types-d12db91daf936dba)

running 0 tests

test result: ok. 0 passed; 0 failed; 0 ignored; 0 measured; 0 filtered out; finished in 0.00s

     Running unittests src/lib.rs (/tmp/pon-contract-authority-20260929/target/debug/deps/trnm_control_plane-204a649840a247fe)

running 5 tests
test tests::bounded_operational_plan_is_accepted ... ok
test tests::duplicate_parameter_targets_fail_closed ... ok
test tests::forbidden_authority_is_rejected_before_evaluation ... ok
test tests::placement_and_critical_parameters_remain_uncommissioned ... ok
test tests::same_generation_descriptor_substitution_fails_closed ... ok

test result: ok. 5 passed; 0 failed; 0 ignored; 0 measured; 0 filtered out; finished in 0.00s

     Running unittests src/lib.rs (/tmp/pon-contract-authority-20260929/target/debug/deps/trnm_crypto_primitives-dba8b8e37b595e63)

running 11 tests
test pon_work::tests::bad_proof_never_gains_a_verified_type ... ok
test pon_work::tests::decoded_output_is_the_real_matrix_product ... ok
test pon_work::tests::exact_length_and_field_are_required ... ok
test pon_work::tests::expansion_cannot_exceed_fixed_hash_budget ... ok
test pon_work::tests::final_output_only_shortcut_is_not_a_transcript_proof ... ok
test pon_work::tests::work_binds_challenge_and_inputs ... ok
test tests::domain_hash_is_framed_and_domain_separated ... ok
test tests::ed25519_roundtrip_rejects_tamper ... ok
test tests::fixed_hash_text_preserves_all_ascii_substitutions_and_error_precedence ... ok
test tests::fixed_hash_text_reproduces_every_byte_value_without_normalization ... ok
test tests::strict_signatures_reject_small_order_and_noncanonical_points ... ok

test result: ok. 11 passed; 0 failed; 0 ignored; 0 measured; 0 filtered out; finished in 0.56s

     Running unittests examples/pon_adversarial_cost.rs (/tmp/pon-contract-authority-20260929/target/debug/examples/pon_adversarial_cost-7bf1528074fc55ca)

running 0 tests

test result: ok. 0 passed; 0 failed; 0 ignored; 0 measured; 0 filtered out; finished in 0.00s

     Running unittests examples/pon_cost.rs (/tmp/pon-contract-authority-20260929/target/debug/examples/pon_cost-cda9e585796bb9a0)

running 0 tests

test result: ok. 0 passed; 0 failed; 0 ignored; 0 measured; 0 filtered out; finished in 0.00s

     Running unittests examples/pon_work.rs (/tmp/pon-contract-authority-20260929/target/debug/examples/pon_work-bf7b6237d91a54f4)

running 0 tests

test result: ok. 0 passed; 0 failed; 0 ignored; 0 measured; 0 filtered out; finished in 0.00s

     Running unittests examples/pon_work_io.rs (/tmp/pon-contract-authority-20260929/target/debug/examples/pon_work_io-e03b08dcb35da1ea)

running 0 tests

test result: ok. 0 passed; 0 failed; 0 ignored; 0 measured; 0 filtered out; finished in 0.00s

     Running unittests src/lib.rs (/tmp/pon-contract-authority-20260929/target/debug/deps/trnm_data_availability-1d5a7464aeccf096)

running 18 tests
test tests::admission_is_atomic_replay_safe_and_bounded ... ok
test tests::attestation_and_certificate_reject_foreign_committed_context ... ok
test tests::attestation_high_watermark_rejects_deleted_rows_and_sequence_reuse ... ok
test tests::attestation_manifest_is_stable_across_certificate_retention_and_repair ... ok
test tests::certified_batch_and_da_head_share_one_fresh_sqlite_snapshot ... ok
test tests::durable_before_attest_survives_reopen_and_rejects_bad_signature ... ok
test tests::open_existing_requires_precreated_regular_nonsymlink_store ... ok
test tests::row_tamper_is_rejected_on_reopen ... ok
test tests::schema_drift_and_sidecar_are_fail_closed_without_migration ... ok
test tests::signed_full_range_retrieval_proof_repairs_exact_certified_bytes_and_reopens ... ok
test tests::signed_full_range_retrieval_proof_time_chunk_and_store_binding_fail_closed ... ok
test tests::signed_full_range_retrieval_rejects_active_committee_nonmember_responder ... ok
test tests::signed_full_range_retrieval_rejects_certificate_author_key_outside_policy ... ok
test tests::signed_full_range_retrieval_signatures_and_fresh_readback_fail_closed ... ok
test tests::tamper_latches_unavailable_and_exact_repair_recovers ... ok
test tests::typed_namespace_and_batch_derivation_are_deterministic ... ok
test tests::under_quorum_and_signed_equivocation_are_distinct ... ok
test tests::weighted_certificate_retrieval_retention_and_gc_close ... ok

test result: ok. 18 passed; 0 failed; 0 ignored; 0 measured; 0 filtered out; finished in 8.51s

     Running unittests src/lib.rs (/tmp/pon-contract-authority-20260929/target/debug/deps/trnm_escrow_vault-c4f64effe68c393c)

running 33 tests
test tests::audit_log_records_vault_events ... ok
test tests::blank_or_padded_request_ids_are_rejected_without_state_or_audit_mutation ... ok
test tests::consume_audit_log_clears_buffer_and_preserves_normalized_semantics ... ok
test tests::deposit_lock_release_happy_path ... ok
test tests::deposit_overflow_fails_closed_without_crediting_or_logging_event ... ok
test tests::duplicate_request_is_rejected ... ok
test tests::failed_lock_does_not_create_zero_balance_account_entry ... ok
test tests::illegal_state_transition_is_rejected ... ok
test tests::normalized_vault_audit_mapping_keeps_field_discipline ... ok
test tests::overflow_paths_fail_closed_without_partial_state_mutation ... ok
test tests::pause_blocks_state_changes_until_unpause ... ok
test tests::paused_duplicate_lock_request_fails_closed_without_leaking_duplicate_state ... ok
test tests::paused_missing_requests_fail_closed_without_leaking_existence_or_mutating_audit ... ok
test tests::paused_owner_release_and_slash_fail_closed_without_state_or_audit_mutation ... ok
test tests::paused_release_fails_closed_without_mutating_lock_or_audit_log ... ok
test tests::paused_self_transfer_fails_closed_without_audit_mutation ... ok
test tests::paused_slash_fails_closed_without_mutating_lock_or_audit_log ... ok
test tests::rejected_actions_do_not_append_audit_events ... ok
test tests::release_overflow_fails_closed_without_unlocking_or_logging_event ... ok
test tests::repeated_pause_state_transitions_do_not_append_audit_events ... ok
test tests::self_transfer_preserves_balance_while_emitting_audit_event ... ok
test tests::slash_to_locked_or_empty_beneficiary_is_rejected_without_state_or_audit_mutation ... ok
test tests::slash_transfers_to_beneficiary ... ok
test tests::terminal_lock_operations_reject_replays_without_mutating_state_or_audit ... ok
test tests::terminal_lock_records_keep_request_ids_reserved ... ok
test tests::transfer_moves_balance_between_accounts ... ok
test tests::transfer_to_blank_beneficiary_fails_closed_without_state_or_audit_mutation ... ok
test tests::unauthorized_actions_are_rejected ... ok
test tests::unauthorized_actions_still_fail_closed_while_paused ... ok
test tests::unauthorized_duplicate_lock_attempt_fails_closed_without_leaking_request_state ... ok
test tests::unauthorized_pause_and_unpause_do_not_leak_state_or_append_audit_events ... ok
test tests::unauthorized_release_slash_and_transfer_fail_closed ... ok
test tests::zero_balances_are_pruned_after_lock_and_transfer ... ok

test result: ok. 33 passed; 0 failed; 0 ignored; 0 measured; 0 filtered out; finished in 0.01s

     Running unittests src/lib.rs (/tmp/pon-contract-authority-20260929/target/debug/deps/trnm_executor-cbdbdc58d8e23fe4)

running 262 tests
test hot_bucket_tests::hot_bucket_hint_fail_closes_to_bucket_zero_when_fanout_collapses ... ok
test hot_bucket_tests::hot_bucket_hint_is_stable_for_single_write_single_read_role_flips ... ok
test hot_bucket_tests::hot_bucket_hint_modulo_path_stays_stable_for_high_bit_role_flips ... ok
test hot_bucket_tests::hot_bucket_hint_power_of_two_fast_path_matches_modulo_mapping ... ok
test hot_bucket_tests::hot_bucket_hint_power_of_two_fast_path_stays_stable_for_high_bit_role_flips ... ok
test hot_bucket_tests::hot_bucket_hint_power_of_two_path_keeps_zero_primary_stable_under_asymmetric_role_flips ... ok
test hot_bucket_tests::hot_bucket_hint_single_bucket_count_fails_closed_to_bucket_zero ... ok
test hot_bucket_tests::hot_bucket_hint_stays_stable_when_echoed_primary_has_asymmetric_secondary_width ... ok
test hot_bucket_tests::hot_bucket_hint_treats_object_zero_as_real_canonical_lane_under_role_flips ... ok
test hot_bucket_tests::hot_bucket_hint_uses_full_u64_keyspace_before_bucket_reduce ... ok
test hot_bucket_tests::hot_bucket_hint_zero_bucket_count_fails_closed_to_bucket_zero ... ok
test hot_bucket_tests::hot_bucket_interleave_empty_batch_is_noop ... ok
test hot_bucket_tests::hot_bucket_interleave_fails_closed_to_stable_order_when_fanout_collapses_to_one_bucket ... ok
test hot_bucket_tests::hot_bucket_interleave_ignores_empty_access_noise_around_single_role_flipped_mixed_lane ... ok
test hot_bucket_tests::hot_bucket_interleave_ignores_empty_access_noise_around_single_signaled_lane ... ok
test hot_bucket_tests::hot_bucket_interleave_keeps_first_hint_when_it_is_already_sparse_seed ... ok
test hot_bucket_tests::hot_bucket_interleave_keeps_first_hint_when_skew_is_below_two_to_one_threshold ... ok
test hot_bucket_tests::hot_bucket_interleave_keeps_first_sparse_seed_when_bucket_fanout_is_clamped ... ok
test hot_bucket_tests::hot_bucket_interleave_keeps_real_two_lane_rotation_despite_empty_access_noise ... ok
test hot_bucket_tests::hot_bucket_interleave_prefers_a_sparse_bucket_under_moderate_two_to_one_skew ... ok
test hot_bucket_tests::hot_bucket_interleave_prefers_sparse_non_empty_bucket_under_heavy_skew ... ok
test hot_bucket_tests::hot_bucket_interleave_preserves_single_modulo_signaled_lane_with_empty_noise ... ok
test hot_bucket_tests::hot_bucket_interleave_preserves_single_role_flipped_mixed_lane_under_clamped_fanout ... ok
test hot_bucket_tests::hot_bucket_interleave_preserves_single_signaled_lane_under_input_clamped_fanout_with_empty_noise ... ok
test hot_bucket_tests::hot_bucket_interleave_seeds_initial_round_from_first_hot_key ... ok
test hot_bucket_tests::hot_bucket_interleave_short_circuits_all_singleton_buckets ... ok
test hot_bucket_tests::hot_bucket_interleave_short_circuits_empty_access_batches ... ok
test hot_bucket_tests::hot_bucket_interleave_short_circuits_single_bucket_hotspot ... ok
test hot_bucket_tests::hot_bucket_interleave_short_circuits_single_mixed_domain_lane_without_role_flip_drift ... ok
test hot_bucket_tests::hot_bucket_interleave_skips_micro_batches_to_preserve_low_latency_order ... ok
test hot_bucket_tests::hot_bucket_interleave_sparse_tie_prefers_nearest_bucket_across_ring_wrap ... ok
test hot_bucket_tests::hot_bucket_interleave_sparse_tie_rotates_from_first_hot_hint ... ok
test tests::access_domain_versions_are_consistent_for_duplicate_same_version_refs ... ok
test tests::access_domain_versions_are_inconsistent_for_mixed_version_refs ... ok
test tests::access_domain_versions_small_domain_fast_path_preserves_echo_and_skew_semantics ... ok
test tests::access_domain_versions_two_entry_fast_path_preserves_echo_and_skew_semantics ... ok
test tests::access_map_capacity_hint_keeps_minimum_floor_for_tiny_unique_domains ... ok
test tests::access_map_capacity_hint_rejects_cross_domain_version_skew_for_same_object_id - should panic ... ok
test tests::access_map_capacity_hint_sizes_from_unique_access_domain_keys ... ok
test tests::aggressive_fast_path_does_not_double_count_shared_read_write_domains ... ok
test tests::aggressive_fast_path_matches_original_when_deep_scan_is_disabled ... ok
test tests::aggressive_groups_are_pairwise_non_conflicting ... ok
test tests::aggressive_integer_env_parsers_accept_quoted_plus_prefixed_comma_grouped_values ... ok
test tests::aggressive_respects_skip_empty_stage_checks_toggle ... ok
test tests::aggressive_round_robin_cursor_avoids_even_id_bias ... ok
test tests::aggressive_round_robin_seed_parses_trimmed_numeric_env_values ... ok
test tests::aggressive_round_robin_seed_rejects_ambiguous_comma_decimal_values ... ok
test tests::aggressive_round_robin_seed_rotates_initial_probe_start ... ok
test tests::aggressive_round_robin_toggle_parser_accepts_quoted_tokens ... ok
test tests::aggressive_round_robin_toggle_parser_accepts_single_quoted_tokens ... ok
test tests::aggressive_round_robin_toggle_parser_handles_trimmed_false_and_true_tokens ... ok
test tests::aggressive_scan_window_accepts_comma_grouped_values ... ok
test tests::aggressive_scan_window_caps_candidate_probe_cost ... ok
test tests::aggressive_scan_window_ignores_zero_and_separator_only_values ... ok
test tests::aggressive_scan_window_is_clamped_to_prevent_misconfigured_probe_blowups ... ok
test tests::aggressive_scan_window_parses_trimmed_numeric_env_values ... ok
test tests::aggressive_scan_window_rejects_ambiguous_comma_decimal_values ... ok
test tests::aggressive_skip_empty_stage_checks_avoids_candidate_group_scans_for_empty_access ... ok
test tests::aggressive_skip_empty_stage_checks_keeps_conflict_check_metric_at_zero_for_empty_access ... ok
test tests::aggressive_toggle_parsers_accept_quoted_no_tokens ... ok
test tests::aggressive_toggle_parsers_accept_quoted_tokens_for_skip_empty_and_deep_scan ... ok
test tests::aggressive_toggle_parsers_fall_back_to_defaults_on_empty_or_separator_only_values ... ok
test tests::aggressive_unsigned_env_knobs_fail_closed_on_negative_values ... ok
test tests::auto_adaptive_canonicalizes_primary_access_key_across_equivalent_domain_orderings ... ok
test tests::auto_adaptive_decision_rejects_cross_domain_version_skew_for_same_object_id - should panic ... ok
test tests::auto_adaptive_default_min_batch_boundary_runs_hotspot_probe ... ok
test tests::auto_adaptive_default_sample_boundary_uses_direct_scan_for_read_only_tail_hotspots ... ok
test tests::auto_adaptive_default_sample_boundary_uses_direct_scan_for_tail_hotspots ... ok
test tests::auto_adaptive_detects_late_read_only_hotspots_after_keyless_prefixes ... ok
test tests::auto_adaptive_detects_late_write_hotspots_after_keyless_prefixes ... ok
test tests::auto_adaptive_detects_write_hotspots_even_with_shared_read_domains ... ok
test tests::auto_adaptive_direct_scan_detects_tail_hotspots_for_read_only_batches ... ok
test tests::auto_adaptive_direct_scan_detects_tail_hotspots_in_medium_batches ... ok
test tests::auto_adaptive_empty_access_samples_break_hot_streak_continuity ... ok
test tests::auto_adaptive_empty_batches_fail_closed_even_with_permissive_env_knobs ... ok
test tests::auto_adaptive_expected_gain_boundary_is_inclusive ... ok
test tests::auto_adaptive_expected_gain_gate_accepts_percent_form_env_values ... ok
test tests::auto_adaptive_expected_gain_gate_blocks_low_value_hotspot_switches ... ok
test tests::auto_adaptive_first_sampled_batch_boundary_preserves_tail_hotspot_visibility ... ok
test tests::auto_adaptive_first_sampled_batch_preserves_read_only_tail_hotspot_visibility ... ok
test tests::auto_adaptive_free_ingress_fast_path_keeps_profile_stable_and_ordered ... ok
test tests::auto_adaptive_hot_bucket_path_keeps_mixed_access_domain_skew_guardrails ... ok
test tests::auto_adaptive_keeps_duplicate_heavy_mixed_domains_on_same_write_lane_signal ... ok
test tests::auto_adaptive_keeps_equivalent_mixed_domains_on_same_lane_signal_when_roles_flip ... ok
test tests::auto_adaptive_keyless_batches_fail_closed_as_insufficient_sample ... ok
test tests::auto_adaptive_keyless_gaps_break_same_key_streaks_fail_closed ... ok
test tests::auto_adaptive_large_sample_prefers_write_signal_over_shared_read_domains ... ok
test tests::auto_adaptive_min_batch_len_is_clamped_to_safe_bounds ... ok
test tests::auto_adaptive_min_batch_len_rejects_ambiguous_grouped_comma_values ... ok
test tests::auto_adaptive_min_clamped_sample_len_still_detects_tail_hotspots ... ok
test tests::auto_adaptive_min_clamped_sample_len_still_detects_tail_hotspots_for_read_only_batches ... ok
test tests::auto_adaptive_mixed_domains_do_not_collapse_distinct_secondary_lane_hints ... ok
test tests::auto_adaptive_mixed_hot_key_probe_avoids_false_hotspots_from_shared_leading_writes ... ok
test tests::auto_adaptive_numeric_env_parser_accepts_comma_decimal_percent_values ... ok
test tests::auto_adaptive_numeric_env_parser_accepts_grouped_comma_decimal_percent_values ... ok
test tests::auto_adaptive_numeric_env_parser_accepts_percent_suffix_for_ratio_knobs ... ok
test tests::auto_adaptive_numeric_env_parser_accepts_plus_prefixed_values ... ok
test tests::auto_adaptive_numeric_env_parser_accepts_quoted_plus_prefixed_comma_decimal_percent_values ... ok
test tests::auto_adaptive_numeric_env_parser_accepts_quoted_values ... ok
test tests::auto_adaptive_numeric_env_parser_falls_back_to_defaults_on_invalid_values ... ok
test tests::auto_adaptive_numeric_env_parser_ignores_empty_or_separator_only_values ... ok
test tests::auto_adaptive_numeric_env_parser_rejects_ambiguous_multi_comma_ratio_values ... ok
test tests::auto_adaptive_numeric_env_parser_treats_all_zero_whole_comma_values_as_decimals ... ok
test tests::auto_adaptive_numeric_env_parser_treats_leading_comma_percent_values_as_decimals ... ok
test tests::auto_adaptive_numeric_env_parser_treats_leading_comma_values_as_decimals ... ok
test tests::auto_adaptive_numeric_env_parser_treats_plus_prefixed_leading_comma_values_as_decimals ... ok
test tests::auto_adaptive_numeric_env_parser_treats_zero_whole_comma_values_as_decimals ... ok
test tests::auto_adaptive_prefers_write_hotspot_signal_over_shared_read_domains ... ok
test tests::auto_adaptive_ratio_knobs_are_clamped_to_safe_bounds ... ok
test tests::auto_adaptive_read_only_expected_gain_gate_blocks_low_value_hotspot_switches ... ok
test tests::auto_adaptive_read_only_keyless_gaps_break_same_key_streaks_fail_closed ... ok
test tests::auto_adaptive_read_only_sparse_sampling_keeps_duplicate_indices_fail_closed ... ok
test tests::auto_adaptive_sample_len_is_env_tunable_and_clamped ... ok
test tests::auto_adaptive_sample_len_preserves_zero_for_empty_batches_even_with_env_floor ... ok
test tests::auto_adaptive_sample_len_rejects_ambiguous_grouped_comma_values ... ok
test tests::auto_adaptive_sampling_detects_late_batch_hotspots ... ok
test tests::auto_adaptive_sampling_detects_late_batch_hotspots_for_read_only_batches ... ok
test tests::auto_adaptive_sampling_includes_batch_tail_for_hotspot_estimate ... ok
test tests::auto_adaptive_sampling_includes_batch_tail_for_read_only_hotspot_estimate ... ok
test tests::auto_adaptive_sampling_with_sparse_window_keeps_duplicate_indices_fail_closed ... ok
test tests::auto_adaptive_small_batch_threshold_accepts_comma_grouped_env_values ... ok
test tests::auto_adaptive_small_batch_threshold_accepts_quoted_grouped_env_values ... ok
test tests::auto_adaptive_small_batch_threshold_is_env_tunable ... ok
test tests::auto_adaptive_sub_min_batch_hotspots_stay_fail_closed ... ok
test tests::auto_adaptive_threshold_boundaries_are_inclusive ... ok
test tests::auto_adaptive_treats_object_zero_as_real_singleton_hotspot_key ... ok
test tests::auto_adaptive_unsigned_env_knobs_fail_closed_on_negative_values ... ok
test tests::auto_threshold_env_parsers_accept_grouped_numeric_values ... ok
test tests::auto_threshold_env_parsers_accept_trimmed_numeric_values ... ok
test tests::build_parallel_groups_rejects_cross_domain_version_skew_for_same_object_id - should panic ... ok
test tests::combined_access_domain_versions_are_consistent_across_read_write_split ... ok
test tests::combined_access_domain_versions_are_consistent_for_mixed_singleton_distinct_ids ... ok
test tests::combined_access_domain_versions_are_consistent_for_small_duplicate_cross_domain_echoes ... ok
test tests::combined_access_domain_versions_are_inconsistent_across_read_write_split ... ok
test tests::combined_access_domain_versions_are_inconsistent_when_reads_are_empty ... ok
test tests::combined_access_domain_versions_are_inconsistent_when_writes_are_empty ... ok
test tests::dedup_access_keys_large_path_preserves_first_seen_order ... ok
test tests::detect_conflict_is_symmetric_for_read_write_fast_paths ... ok
test tests::detect_conflict_rejects_cross_domain_version_skew_for_same_object_id - should panic ... ok
test tests::dominant_retry_lead_share_collapses_for_mixed_stage_ties ... ok
test tests::dominant_retry_lead_share_stays_zero_without_conflicts ... ok
test tests::dominant_retry_lead_share_tracks_clear_stage_skew ... ok
test tests::empty_batch_fast_path_is_profile_stable_across_strategies ... ok
test tests::footprint_desc_reorder_panics_on_mixed_domain_version_skew - should panic ... ok
test tests::footprint_desc_reorder_uses_object_scoped_domains_not_raw_version_counts ... ok
test tests::free_ingress_batches_short_circuit_to_single_group_after_strategy_reorder ... ok
test tests::grouped_integer_env_parsers_accept_quoted_comma_grouped_values ... ok
test tests::grouping_parallel_safe ... ok
test tests::hot_bucket_count_is_clamped_to_safe_bounds ... ok
test tests::hot_bucket_count_parser_accepts_grouped_numeric_values ... ok
test tests::hot_bucket_count_parser_accepts_trimmed_numeric_values ... ok
test tests::hot_bucket_hint_dedups_same_version_cross_domain_echoes_before_mixing ... ok
test tests::hot_bucket_hint_is_stable_across_equivalent_access_domain_orderings ... ok
test tests::hot_bucket_hint_is_stable_for_duplicate_heavy_equivalent_mixed_domains ... ok
test tests::hot_bucket_hint_is_stable_for_duplicate_heavy_equivalent_read_only_domains ... ok
test tests::hot_bucket_hint_is_stable_when_read_write_roles_flip_for_same_domain ... ok
test tests::hot_bucket_hint_keeps_asymmetric_primary_echo_domains_on_same_lane ... ok
test tests::hot_bucket_hint_keeps_high_bit_domains_stable_when_zero_primary_flips_roles ... ok
test tests::hot_bucket_hint_keeps_object_zero_primary_stable_across_asymmetric_role_flips ... ok
test tests::hot_bucket_hint_keeps_singleton_bucket_for_same_version_cross_domain_echoes ... ok
test tests::hot_bucket_hint_keeps_stable_secondary_when_primary_echo_roles_flip_with_wide_domains ... ok
test tests::hot_bucket_hint_non_power_of_two_keeps_zero_primary_duplicate_heavy_domains_lane_stable ... ok
test tests::hot_bucket_hint_non_power_of_two_path_preserves_high_bit_lane_mapping ... ok
test tests::hot_bucket_hint_power_of_two_fast_path_keeps_zero_primary_mixed_domains_lane_stable ... ok
test tests::hot_bucket_hint_power_of_two_fast_path_matches_modulo_mapping ... ok
test tests::hot_bucket_hint_power_of_two_fast_path_preserves_high_bit_lane_mapping ... ok
test tests::hot_bucket_hint_rejects_cross_domain_version_skew_for_same_object_id - should panic ... ok
test tests::hot_bucket_hint_single_bucket_count_fails_closed_to_bucket_zero ... ok
test tests::hot_bucket_hint_singleton_domain_matches_direct_bucket_mapping ... ok
test tests::hot_bucket_hint_skips_duplicate_primary_echoes_before_using_read_domain_key ... ok
test tests::hot_bucket_hint_skips_duplicate_primary_key_when_mixing_read_write_domain ... ok
test tests::hot_bucket_hint_tracks_two_smallest_distinct_keys_when_new_min_arrives_last ... ok
test tests::hot_bucket_hint_treats_object_zero_as_real_secondary_domain_key ... ok
test tests::hot_bucket_hint_uses_first_read_key_as_secondary_mixed_domain_signal ... ok
test tests::hot_bucket_hint_uses_full_u64_keyspace_before_bucket_reduce ... ok
test tests::hot_bucket_hint_uses_stable_secondary_key_across_permuted_three_key_domains ... ok
test tests::hot_bucket_hint_zero_bucket_count_fails_closed_to_bucket_zero ... ok
test tests::hot_bucket_interleave_empty_batch_is_noop ... ok
test tests::hot_bucket_interleave_ignores_empty_access_noise_when_only_one_real_lane_exists ... ok
test tests::hot_bucket_interleave_keeps_first_hint_when_it_is_already_sparse_seed ... ok
test tests::hot_bucket_interleave_keeps_first_hint_when_skew_is_below_two_to_one_threshold ... ok
test tests::hot_bucket_interleave_keeps_first_sparse_seed_when_bucket_fanout_is_clamped ... ok
test tests::hot_bucket_interleave_keeps_first_sparse_seed_when_bucket_fanout_is_input_clamped ... ok
test tests::hot_bucket_interleave_prefers_a_sparse_bucket_under_moderate_two_to_one_skew ... ok
test tests::hot_bucket_interleave_prefers_sparse_non_empty_bucket_under_heavy_skew ... ok
test tests::hot_bucket_interleave_rejects_cross_domain_version_skew_before_micro_batch_short_circuit - should panic ... ok
test tests::hot_bucket_interleave_seeds_initial_round_from_first_hot_key ... ok
test tests::hot_bucket_interleave_short_circuits_all_singleton_buckets ... ok
test tests::hot_bucket_interleave_short_circuits_empty_access_batches ... ok
test tests::hot_bucket_interleave_short_circuits_single_bucket_hotspot ... ok
test tests::hot_bucket_interleave_short_circuits_single_bucket_hotspot_under_clamped_fanout ... ok
test tests::hot_bucket_interleave_skips_micro_batches_to_preserve_low_latency_order ... ok
test tests::hot_bucket_interleave_sparse_tie_prefers_nearest_bucket_across_ring_wrap ... ok
test tests::hot_bucket_interleave_sparse_tie_rotates_from_first_hot_hint ... ok
test tests::hot_bucket_keys_filter_shared_read_keys_before_selecting_second_domain_key ... ok
test tests::hot_bucket_keys_keep_global_secondary_when_primary_echo_role_flip_is_asymmetric ... ok
test tests::hot_bucket_keys_keep_global_secondary_when_primary_echo_roles_flip ... ok
test tests::hot_bucket_keys_keep_global_two_key_mixed_domain_hint_when_read_domain_is_primary ... ok
test tests::hot_bucket_keys_keep_object_zero_secondary_stable_across_role_flips ... ok
test tests::hot_bucket_keys_keep_smallest_secondary_when_shared_primary_echo_has_one_distinct_suffix_per_side ... ok
test tests::hot_bucket_keys_keep_write_first_secondary_stable_under_shared_primary_echo_noise ... ok
test tests::hot_bucket_keys_keep_zero_primary_echo_stable_when_single_suffix_flips_roles ... ok
test tests::hot_bucket_keys_keep_zero_primary_lane_stable_under_duplicate_heavy_role_flips ... ok
test tests::hot_bucket_keys_preserve_write_priority_under_duplicate_heavy_primary_echo ... ok
test tests::hot_bucket_keys_rejects_cross_domain_version_skew_for_same_object_id - should panic ... ok
test tests::hot_bucket_keys_skip_duplicate_leading_refs_and_preserve_write_priority ... ok
test tests::hot_bucket_keys_stay_stable_when_primary_echo_exists_in_both_domains ... ok
test tests::hot_bucket_keys_treat_object_zero_as_real_primary_domain_key ... ok
test tests::hot_object_share_rejects_cross_domain_version_skew_for_same_object_id - should panic ... ok
test tests::hot_object_share_stays_stable_for_duplicate_heavy_equivalent_mixed_domains ... ok
test tests::integer_env_parsers_accept_plus_prefixed_grouped_values ... ok
test tests::integer_env_parsers_accept_underscored_numeric_values ... ok
test tests::medium_small_vs_just_over_old_large_cutoff_preserves_semantics ... ok
test tests::medium_small_vs_large_conflict_path_avoids_hashset_and_preserves_semantics ... ok
test tests::medium_small_vs_very_large_conflict_path_preserves_semantics ... ok
test tests::no_conflict ... ok
test tests::original_conflict_only_batch_reports_singleton_profile_shape ... ok
test tests::original_free_ingress_fast_path_keeps_profile_stable_and_ordered ... ok
test tests::overlapping_read_write_domains_do_not_double_count_shared_object_conflicts ... ok
test tests::primary_access_domain_key_canonicalizes_duplicate_heavy_read_only_domains ... ok
test tests::primary_access_domain_key_ignores_same_version_cross_domain_echoes ... ok
test tests::primary_access_domain_key_keeps_object_zero_primary_stable_under_duplicate_heavy_role_flips ... ok
test tests::primary_access_domain_key_prefers_write_domain_over_lower_shared_read_keys ... ok
test tests::primary_access_domain_key_preserves_keyless_singleton_and_duplicate_write_domains ... ok
test tests::primary_access_domain_key_rejects_cross_domain_version_skew_for_same_object_id - should panic ... ok
test tests::primary_access_domain_key_rejects_read_only_version_skew_for_same_object_id - should panic ... ok
test tests::primary_access_domain_key_rejects_write_only_version_skew_for_same_object_id - should panic ... ok
test tests::primary_access_domain_key_stays_on_canonical_write_lane_under_duplicate_heavy_mixed_domains ... ok
test tests::primary_access_domain_key_treats_object_zero_as_real_key_for_write_and_read_fallback ... ok
test tests::primary_access_domain_key_two_entry_fast_path_canonicalizes_write_and_read_domains ... ok
test tests::read_domain_only_keys_large_write_domain_preserves_read_order_after_filtering ... ok
test tests::read_domain_only_keys_small_write_domain_preserves_read_order_after_filtering ... ok
test tests::read_domain_only_keys_treats_object_zero_as_real_shared_domain_key ... ok
test tests::read_only_overlap_is_non_conflicting ... ok
test tests::reorder_only_grouping_strategies_keep_mixed_access_domain_skew_guardrails ... ok
test tests::retry_attribution_metrics_surface_overlap_and_unattributed_hits ... ok
test tests::retry_scan_metrics_track_misses_hits_and_zero_denominators ... ok
test tests::retry_stage_concentration_drops_for_evenly_mixed_retries ... ok
test tests::retry_stage_concentration_peaks_for_single_stage_retries ... ok
test tests::retry_stage_concentration_stays_zero_without_conflicts ... ok
test tests::retry_stage_mix_entropy_peaks_for_evenly_mixed_non_overlapping_retries ... ok
test tests::rw_conflict ... ok
test tests::singleton_access_conflict_path_handles_skewed_footprints ... ok
test tests::skewed_small_vs_large_conflict_path_handles_large_domains ... ok
test tests::stage_retry_rate_and_per_tx_helpers_handle_zero_denominators ... ok
test tests::strategy_preserves_tx_count ... ok
test tests::tiny_footprint_conflict_check_handles_duplicates_without_false_positive ... ok
test tests::tx_access_domain_keys_dedups_shared_object_scope_across_read_and_write_sets ... ok
test tests::tx_access_domain_keys_match_hot_bucket_write_first_scope ... ok
test tests::tx_access_domain_keys_rejects_cross_domain_version_skew_for_same_object_id - should panic ... ok
test tests::tx_access_domain_keys_treat_object_zero_as_real_write_domain_member ... ok
test tests::vec_hashset_intersects_handles_singleton_hashset_domain ... ok
test tests::vec_hashset_intersects_large_duplicate_probe_path_preserves_semantics ... ok
test tests::vec_hashset_intersects_medium_duplicate_probe_path_preserves_semantics ... ok
test tests::vec_hashset_intersects_tiny_duplicate_probe_path_preserves_semantics ... ok
test tests::write_first_reorder_panics_on_mixed_domain_version_skew - should panic ... ok
test tests::write_first_reorder_uses_object_scoped_domains_not_raw_version_counts ... ok
test tests::write_last_reorder_panics_on_mixed_domain_version_skew - should panic ... ok
test tests::write_last_reorder_uses_object_scoped_domains_not_raw_version_counts ... ok
test tests::write_only_pairs_use_ww_semantics_for_hit_and_miss ... ok
test tests::ww_conflict ... ok
test tests::ww_conflict_treats_object_versions_as_one_write_domain ... ok

test result: ok. 262 passed; 0 failed; 0 ignored; 0 measured; 0 filtered out; finished in 0.14s

     Running unittests src/lib.rs (/tmp/pon-contract-authority-20260929/target/debug/deps/trnm_governance_guard-e785cfbc9d1a7f04)

running 41 tests
test tests::active_guardian_can_cancel_scheduled_unpause_after_original_guardian_revoked ... ok
test tests::audit_log_records_param_and_pause_events ... ok
test tests::cancelled_proposal_cannot_be_requeued_or_emit_duplicate_queue_audit ... ok
test tests::cancelled_unpause_allows_new_restore_schedule ... ok
test tests::cancelled_unpause_cannot_execute_and_keeps_pause_active ... ok
test tests::duplicate_execute_is_blocked ... ok
test tests::emergency_unpause_rejects_guardian_executor_even_when_not_proposer ... ok
test tests::emergency_unpause_requires_distinct_executor ... ok
test tests::emergency_unpause_self_execution_rejection_preserves_queue_and_audit_state ... ok
test tests::execute_fails_closed_if_executor_role_revoked_after_queue ... ok
test tests::execute_rejects_cancelled_param_proposal_as_already_finalized ... ok
test tests::execute_rejects_if_param_key_removed_after_queue ... ok
test tests::execute_rejects_if_param_value_drifts_before_execution ... ok
test tests::execute_rejects_if_param_version_and_value_both_drift ... ok
test tests::execute_rejects_if_param_version_drifts_without_value_change ... ok
test tests::execute_rejects_if_param_version_shifted ... ok
test tests::execute_unpause_fails_closed_if_executor_role_revoked_after_schedule ... ok
test tests::execute_unpause_fails_closed_if_guardian_role_revoked_after_schedule ... ok
test tests::execute_unpause_rejects_finalized_proposal_as_already_finalized ... ok
test tests::execute_unpause_rejects_if_pause_cleared_before_eta ... ok
test tests::execute_unpause_rejects_non_executor_caller ... ok
test tests::guardian_can_cancel_any_active_proposal ... ok
test tests::normalized_param_execution_carries_value_and_version_delta ... ok
test tests::normalized_pause_restore_schedule_carries_reason_and_eta ... ok
test tests::normalized_unpause_execution_note_omits_placeholder_version_suffix ... ok
test tests::param_proposal_cancel_rejects_proposer_after_proposer_role_revoked ... ok
test tests::pause_immediate_unpause_timelocked ... ok
test tests::permission_drift_revocation_fails_closed ... ok
test tests::proposer_can_cancel_own_proposal ... ok
test tests::queue_is_idempotent_without_duplicate_audit_events ... ok
test tests::queue_rejects_non_proposer_caller ... ok
test tests::queue_rejects_proposer_after_proposer_role_revoked ... ok
test tests::queue_rejects_scheduled_unpause_even_if_guardian_is_also_proposer ... ok
test tests::repeated_emergency_pause_is_idempotent_and_does_not_duplicate_audit ... ok
test tests::schedule_unpause_rejects_duplicate_active_restore_without_side_effects ... ok
test tests::schedule_unpause_rejects_eta_shorter_than_min_timelock_without_side_effects ... ok
test tests::schedule_unpause_rejects_when_pause_is_not_active ... ok
test tests::scheduled_unpause_cancel_rejects_proposer_after_guardian_role_revoked ... ok
test tests::timelock_bypass_fails_closed_without_side_effects ... ok
test tests::unauthorized_cancel_is_rejected ... ok
test tests::unauthorized_cancel_of_scheduled_unpause_preserves_queue_and_pause_state ... ok

test result: ok. 41 passed; 0 failed; 0 ignored; 0 measured; 0 filtered out; finished in 0.01s

     Running unittests src/lib.rs (/tmp/pon-contract-authority-20260929/target/debug/deps/trnm_mempool-2b66efdf32f37ff5)

running 153 tests
test tests::backpressured_tx_id_is_not_marked_seen_and_can_be_admitted_after_drain ... ok
test tests::borrowed_last_critical_slot_probe_noise_keeps_qos_snapshot_flat_until_drain ... ok
test tests::borrowed_last_critical_slot_same_class_duplicate_probe_keeps_qos_snapshot_flat ... ok
test tests::borrowed_last_idle_critical_slot_keeps_cross_class_fresh_retry_unpoisoned_until_drain ... ok
test tests::borrowed_last_idle_critical_slot_reopens_critical_retry_after_drain ... ok
test tests::critical_backpressured_tx_id_can_admit_from_other_class_after_drain ... ok
test tests::critical_lane_makes_progress_under_flood ... ok
test tests::critical_lane_spills_over_to_free_normal_capacity ... ok
test tests::critical_spillover_can_fill_normal_lane_until_global_capacity ... ok
test tests::critical_spillover_duplicate_probe_keeps_qos_flat_until_final_dedicated_normal_slot_is_claimed ... ok
test tests::critical_spillover_duplicate_probe_stays_globally_duplicate_until_spilled_copy_drains ... ok
test tests::critical_spillover_only_headroom_keeps_normal_closed_across_duplicate_and_retry_noise ... ok
test tests::critical_spillover_stays_fail_closed_once_dedicated_normal_headroom_is_gone ... ok
test tests::drained_ghost_id_from_repaired_seen_global_can_reenter_as_fresh ... ok
test tests::drained_standalone_duplicate_metadata_reopens_as_fresh_after_real_queue_drain ... ok
test tests::drained_standalone_fresh_retry_reopens_cleanly_across_idle_polls ... ok
test tests::duplicate_is_rejected_across_ingress_classes_until_drained ... ok
test tests::duplicate_or_backpressured_probe_noise_does_not_mutate_fairness_state ... ok
test tests::duplicate_probe_does_not_consume_reopened_zero_reserve_shared_slot ... ok
test tests::duplicate_semantics_survive_stale_seen_global_under_saturation ... ok
test tests::duplicate_stays_duplicate_when_lane_is_globally_full ... ok
test tests::equal_cardinality_cross_lane_and_global_skew_self_heals_without_false_duplicate_or_poisoned_retry ... ok
test tests::equal_cardinality_lane_seen_skew_does_not_false_duplicate_fresh_id ... ok
test tests::equal_cardinality_seen_global_skew_still_preserves_duplicate_semantics ... ok
test tests::equal_cardinality_skew_under_saturation_keeps_fresh_ids_backpressured_not_duplicated ... ok
test tests::fairness_warmup_does_not_slow_critical_when_normal_lane_drains ... ok
test tests::final_pop_clears_ghost_seen_global_when_drained_id_is_already_missing ... ok
test tests::full_critical_reserve_allows_normal_to_use_free_headroom_while_critical_busy ... ok
test tests::full_critical_reserve_allows_normal_when_critical_lane_idle ... ok
test tests::full_drain_clears_stale_lane_local_seen_without_waiting_for_next_admit ... ok
test tests::full_drain_clears_stale_seen_ghosts_before_next_fresh_admission ... ok
test tests::full_drain_cold_resets_fairness_even_when_pop_self_heals_seen_global ... ok
test tests::full_drain_resets_fairness_streak_immediately_without_waiting_for_next_admit ... ok
test tests::ghost_lane_seen_entry_does_not_misclassify_fresh_ingress_as_duplicate ... ok
test tests::ghost_seen_global_entry_with_matching_cardinality_does_not_poison_fresh_admit ... ok
test tests::guarded_last_reserved_slot_keeps_cross_class_normal_duplicate_flat ... ok
test tests::guarded_last_reserved_slot_keeps_queued_normal_retry_duplicate ... ok
test tests::guarded_last_reserved_slot_recloses_qos_after_fresh_critical_claims_it ... ok
test tests::guarded_normal_retry_can_escalate_via_critical_path_without_pre_poisoning_duplicate_state ... ok
test tests::guarded_normal_retry_stays_fresh_until_all_active_critical_backlog_clears ... ok
test tests::hard_stop_cross_class_duplicate_and_fresh_probe_noise_keeps_qos_flat_through_idle_poll ... ok
test tests::hard_stop_fresh_retry_burst_keeps_backpressure_guard_flat_across_classes ... ok
test tests::hard_stop_idle_polls_preserve_lane_local_duplicates_without_reviving_queue_state ... ok
test tests::hard_stop_idle_polls_preserve_mixed_restored_duplicate_sources_and_flat_qos ... ok
test tests::hard_stop_idle_pop_preserves_restored_duplicate_metadata ... ok
test tests::hard_stop_lane_local_duplicate_probe_noise_keeps_qos_snapshot_flat_without_seen_global ... ok
test tests::hard_stop_lane_local_duplicates_keep_qos_fail_closed_through_idle_polls ... ok
test tests::hard_stop_mode_lane_local_duplicate_survives_repeated_cross_class_probes_without_poisoning_fresh_ids ... ok
test tests::hard_stop_mode_preserves_duplicate_semantics_across_ingress_classes ... ok
test tests::hard_stop_mode_preserves_duplicate_semantics_for_restored_backlog ... ok
test tests::hard_stop_probe_noise_keeps_qos_snapshot_and_queue_counts_flat ... ok
test tests::hard_stop_seen_global_only_duplicate_survives_cross_class_retries_and_idle_polls ... ok
test tests::idle_lane_ghost_seen_entry_is_cleared_before_first_fresh_admission ... ok
test tests::idle_pop_clears_nonzero_capacity_ghost_seen_before_next_fresh_retry ... ok
test tests::idle_pop_ready_self_heals_stale_restored_state_without_waiting_for_admit ... ok
test tests::idle_self_heal_resets_stale_fairness_streak_before_new_mixed_ingress ... ok
test tests::lane_gate_enforces_global_capacity_even_when_lane_mins_apply ... ok
test tests::missing_lane_local_membership_rebuilds_seen_caches_before_repeated_duplicate_probe ... ok
test tests::newly_arrived_critical_backlog_preempts_normal_flood_without_waiting_for_burst_reset ... ok
test tests::newly_arrived_normal_backlog_gets_turn_during_critical_flood ... ok
test tests::normal_fairness_warmup_survives_active_critical_refill ... ok
test tests::normal_lane_can_borrow_last_critical_slot_when_critical_lane_idle ... ok
test tests::normal_lane_can_borrow_only_surplus_critical_headroom ... ok
test tests::normal_lane_can_still_borrow_surplus_reserved_headroom_while_critical_backlog_is_active ... ok
test tests::normal_lane_does_not_spill_when_critical_lane_is_busy ... ok
test tests::normal_lane_gets_turn_after_bounded_critical_burst ... ok
test tests::oversized_critical_reserve_clamp_preserves_zero_capacity_hard_stop ... ok
test tests::oversized_critical_reserve_clamp_reopens_both_classes_after_one_drain ... ok
test tests::oversized_critical_reserve_clamps_to_reserve_only_without_leaking_fake_normal_headroom ... ok
test tests::pop_ready_self_heals_stale_seen_global_without_new_admission ... ok
test tests::pop_ready_self_heals_when_ghost_id_survives_successful_remove ... ok
test tests::pop_self_heal_prunes_ghost_seen_global_so_cross_class_retry_can_admit_after_drain ... ok
test tests::qos_snapshot_exposes_guarded_class_admissibility_not_just_raw_headroom ... ok
test tests::qos_snapshot_fail_closes_in_zero_capacity_hard_stop_mode ... ok
test tests::qos_snapshot_keeps_last_reserved_critical_slot_guarded_under_active_backlog ... ok
test tests::qos_snapshot_keeps_normal_closed_until_last_active_critical_backlog_entry_drains ... ok
test tests::qos_snapshot_keeps_normal_closed_when_only_critical_spillover_headroom_remains ... ok
test tests::qos_snapshot_reopens_borrowed_last_critical_slot_after_critical_lane_drains ... ok
test tests::qos_snapshot_reopens_both_classes_immediately_after_one_reserve_only_drain ... ok
test tests::qos_snapshot_reopens_critical_admissibility_as_soon_as_dedicated_reserve_reopens ... ok
test tests::qos_snapshot_reopens_normal_only_after_critical_backlog_fully_clears ... ok
test tests::qos_snapshot_reports_borrowed_last_critical_slot_as_consumed ... ok
test tests::qos_snapshot_reports_lane_and_global_headroom ... ok
test tests::qos_snapshot_resets_cleanly_after_reserve_only_full_drain_and_idle_poll ... ok
test tests::qos_snapshot_resets_cleanly_after_spillover_full_drain_and_idle_poll ... ok
test tests::qos_snapshot_stays_flat_across_guarded_duplicate_and_fresh_normal_probe_noise ... ok
test tests::qos_snapshot_stays_flat_across_guarded_same_class_duplicate_probe_noise ... ok
test tests::qos_snapshot_stays_hard_stopped_while_restored_duplicate_metadata_survives_idle_polls ... ok
test tests::qos_snapshot_stops_advertising_fresh_critical_after_reserve_only_normal_borrows_last_slot ... ok
test tests::qos_snapshot_stops_advertising_fresh_normal_after_reserve_only_critical_consumes_last_slot ... ok
test tests::qos_snapshot_tracks_critical_spillover_into_free_normal_headroom ... ok
test tests::qos_snapshot_tracks_reserve_only_headroom_while_critical_backlog_is_active ... ok
test tests::qos_snapshot_tracks_zero_reserve_spillover_headroom ... ok
test tests::qos_snapshot_zero_reserve_recloses_after_critical_spillover_consumes_last_normal_slot ... ok
test tests::qos_snapshot_zero_reserve_recloses_after_normal_ingress_consumes_last_shared_slot ... ok
test tests::queued_counts_track_spillover_and_drain ... ok
test tests::reopened_dedicated_critical_reserve_keeps_qos_snapshot_flat_under_duplicate_probe_noise ... ok
test tests::reopened_surplus_reserved_headroom_is_borrowable_before_final_guard_slot ... ok
test tests::reserve_guard_seen_cache_skew_does_not_poison_fresh_retry_after_critical_backlog_clears ... ok
test tests::reserve_guarded_fresh_normal_retry_stays_fresh_until_critical_backlog_clears ... ok
test tests::reserve_guarded_normal_duplicate_probe_stays_duplicate_until_critical_copy_drains ... ok
test tests::reserve_guarded_normal_retry_burst_keeps_queue_counts_flat_until_critical_slot_reopens ... ok
test tests::reserve_only_active_critical_backlog_fresh_normal_retry_keeps_qos_snapshot_flat ... ok
test tests::reserve_only_backpressured_tx_id_stays_fresh_until_headroom_reopens ... ok
test tests::reserve_only_borrowed_last_slot_probe_noise_keeps_qos_snapshot_flat_until_drain ... ok
test tests::reserve_only_idle_self_heal_clears_stale_fairness_before_new_mixed_ingress ... ok
test tests::reserve_only_mode_keeps_fairness_streak_cold_during_spillover_drains ... ok
test tests::reserve_only_normal_borrowed_admission_is_globally_idempotent_until_drained ... ok
test tests::reserve_only_normal_borrowed_admission_stays_globally_idempotent ... ok
test tests::reserve_only_normal_borrowing_does_not_preempt_critical_drain_order ... ok
test tests::reserve_only_reopened_shared_slot_ignores_stale_critical_seen_metadata ... ok
test tests::reserve_only_stale_hot_fairness_does_not_synthesize_normal_preemption ... ok
test tests::reserve_only_stale_seen_metadata_does_not_hide_reopened_shared_slot ... ok
test tests::saturated_cross_lane_and_seen_global_skew_keeps_real_duplicate_and_ghost_retry_distinct ... ok
test tests::saturated_cross_lane_seen_membership_skew_keeps_duplicate_semantics ... ok
test tests::saturated_equal_cardinality_lane_local_ghost_seen_id_stays_backpressured_not_duplicate ... ok
test tests::saturated_retry_burst_stays_backpressured_until_headroom_reopens ... ok
test tests::seen_global_duplicate_without_lane_local_membership_self_heals_and_stays_duplicate ... ok
test tests::seen_global_len_matches_lane_queues_across_spillover_and_drain ... ok
test tests::spillover_admission_remains_globally_idempotent_until_drained ... ok
test tests::stale_cross_lane_seen_membership_self_heals_before_duplicate_classification ... ok
test tests::stale_dual_lane_seen_flags_do_not_poison_fresh_admission ... ok
test tests::stale_seen_global_ghost_id_cross_class_retry_stays_backpressured_until_drain ... ok
test tests::stale_seen_global_ghost_id_does_not_poison_fresh_admission_after_self_heal ... ok
test tests::stale_seen_global_ghost_id_is_healed_without_false_duplicate_under_saturation ... ok
test tests::stale_seen_global_self_heals_without_dropping_duplicate_or_fresh_semantics ... ok
test tests::sustained_dual_lane_backlog_keeps_normal_progress_after_first_fairness_turn ... ok
test tests::zero_capacity_admission_gate_does_not_poison_idempotency_after_backpressure ... ok
test tests::zero_capacity_admission_gate_preserves_restored_duplicate_metadata_across_idle_polls ... ok
test tests::zero_capacity_hard_stop_duplicate_probe_noise_keeps_qos_snapshot_flat ... ok
test tests::zero_capacity_hard_stop_idle_polls_preserve_restored_duplicate_knowledge_from_all_seen_caches ... ok
test tests::zero_critical_reserve_preserves_normal_capacity_with_critical_spillover ... ok
test tests::zero_reserve_full_shared_queue_keeps_qos_flat_across_cross_class_duplicate_and_retry_noise ... ok
test tests::zero_total_capacity_lane_gate_backpressures_all_ingress_without_poisoning_seen_ids ... ok
test tests::zero_total_capacity_preserves_duplicate_semantics_for_restored_seen_ids ... ok
test typed_admission::tests::duplicate_index_ghost_fails_closed_instead_of_returning_duplicate ... ok
test typed_admission::tests::duplicate_probe_revalidates_canonical_identity_and_queued_metadata ... ok
test typed_admission::tests::malformed_body_nonce_and_resource_claims_are_rejected ... ok
test typed_admission::tests::missing_canonical_validation_fails_closed_before_signature_hook ... ok
test typed_admission::tests::missing_signer_identity_fails_closed_before_signature_hook ... ok
test typed_admission::tests::mutable_envelope_digest_cannot_change_between_probe_and_snapshot ... ok
test typed_admission::tests::omitted_replay_or_recheck_authority_is_not_an_acceptance_path ... ok
test typed_admission::tests::pending_nonce_authority_rejection_is_fail_closed ... ok
test typed_admission::tests::pending_nonce_cancel_and_legacy_pop_release_once ... ok
test typed_admission::tests::pending_nonce_capacity_preflight_does_not_reserve ... ok
test typed_admission::tests::pending_nonce_duplicate_does_not_reserve_twice_and_scopes_nonce_by_signer ... ok
test typed_admission::tests::pending_nonce_handoff_and_commit_are_exactly_once ... ok
test typed_admission::tests::pending_nonce_recheck_failure_releases_once_and_can_retry ... ok
test typed_admission::tests::replay_hook_can_scope_nonce_to_canonical_signer_identity ... ok
test typed_admission::tests::saturated_retry_does_not_reserve_replay_state_before_capacity_reopens ... ok
test typed_admission::tests::signature_replay_and_recheck_hooks_each_fail_closed ... ok
test typed_admission::tests::typed_gate_retains_exact_metadata_and_dedupes_digest_across_lanes ... ok
test typed_admission::tests::valid_fresh_envelope_backpressures_without_mutating_digest_index ... ok

test result: ok. 153 passed; 0 failed; 0 ignored; 0 measured; 0 filtered out; finished in 0.02s

     Running unittests src/main.rs (/tmp/pon-contract-authority-20260929/target/debug/deps/trnm_mempool-ef78739dbd534744)

running 46 tests
test tests::accepted_retry_compacts_stale_backpressure_fifo_without_new_ingress ... ok
test tests::accepted_retry_id_is_removed_from_backpressure_set ... ok
test tests::admit_fast_path_clears_stale_retry_fifo_when_retry_set_is_empty ... ok
test tests::admitting_last_known_retry_clears_stale_retry_fifo_markers_immediately ... ok
test tests::backpressure_retry_cache_is_bounded_by_capacity ... ok
test tests::backpressure_retry_memory_survives_partial_drain_and_resaturation ... ok
test tests::burst_capacity_release_only_defers_fresh_ingress_for_known_retry_budget ... ok
test tests::capacity_exhaustion_triggers_backpressure ... ok
test tests::compaction_clears_stale_fifo_immediately_when_retry_set_is_empty ... ok
test tests::compaction_triggers_at_threshold_to_bound_stale_fifo_growth ... ok
test tests::draining_last_known_retry_clears_stale_fairness_reservations ... ok
test tests::duplicate_admission_is_idempotent ... ok
test tests::fairness_armed_fresh_acceptance_keeps_known_retry_memory_intact ... ok
test tests::fairness_deferral_does_not_evict_older_retries_from_bounded_memory ... ok
test tests::fairness_deferral_duplicate_increments_backpressure_duplicate_metric ... ok
test tests::fairness_deferred_repeat_stays_duplicate_after_queue_resaturates ... ok
test tests::fairness_marker_does_not_shadow_known_retry_id_admission ... ok
test tests::fairness_only_deferral_clears_stale_fifo_before_first_new_retry_marker ... ok
test tests::fairness_only_deferral_path_compacts_stale_fifo_markers ... ok
test tests::fairness_reservation_does_not_deadlock_fresh_ingress_when_retries_disappear ... ok
test tests::fairness_reservation_preserves_free_ingress_when_spare_capacity_exists ... ok
test tests::metrics_counters_saturate_instead_of_overflowing ... ok
test tests::opened_capacity_is_reserved_for_known_retries_before_fresh_ingress ... ok
test tests::pop_ready_clears_stale_fairness_marker_when_retry_memory_is_empty ... ok
test tests::pop_ready_compacts_oversized_retry_fifo_when_retry_memory_is_non_empty ... ok
test tests::released_slot_allows_new_admission ... ok
test tests::repeated_backpressured_retry_is_idempotent_until_capacity_opens ... ok
test tests::repeated_fairness_deferral_of_same_fresh_id_is_idempotent ... ok
test tests::repeated_single_slot_fairness_deferral_stays_idempotent ... ok
test tests::restored_retry_ids_rehydrate_fifo_before_bounded_eviction ... ok
test tests::restored_retry_set_trim_preserves_newly_backpressured_id_when_fifo_markers_missing ... ok
test tests::restored_retry_set_without_fifo_markers_is_rebounded_to_capacity ... ok
test tests::restored_retry_trim_rebuilds_fifo_after_stale_marker_eviction_fallback ... ok
test tests::retry_acceptance_clears_tracking_even_without_active_fairness_reservations ... ok
test tests::retry_reservation_is_capped_by_known_retry_population ... ok
test tests::saturated_known_retry_duplicate_does_not_churn_retry_fifo ... ok
test tests::saturated_retry_remains_idempotent_when_stale_fairness_marker_points_to_known_retry ... ok
test tests::stale_fairness_marker_is_cleared_after_successful_admission ... ok
test tests::stale_fairness_marker_without_known_retries_does_not_force_duplicate ... ok
test tests::stale_fifo_entries_do_not_break_bounded_retry_tracking ... ok
test tests::stale_retry_bookkeeping_is_cleared_before_free_ingress_admission ... ok
test tests::stale_retry_fifo_is_compacted_under_high_churn ... ok
test tests::stale_retry_reservation_is_clamped_before_fairness_deferral ... ok
test tests::stale_retry_reservations_are_clamped_before_fresh_ingress_deferral ... ok
test tests::zero_capacity_configuration_still_allows_progress ... ok
test tests::zero_capacity_is_clamped_to_keep_forward_progress ... ok

test result: ok. 46 passed; 0 failed; 0 ignored; 0 measured; 0 filtered out; finished in 0.01s

     Running tests/lane_anti_starvation_warmup_bound.rs (/tmp/pon-contract-authority-20260929/target/debug/deps/lane_anti_starvation_warmup_bound-836994a71d6648ff)

running 1 test
test newly_arrived_normal_backlog_gets_a_turn_within_one_dequeue_under_critical_pressure ... ok

test result: ok. 1 passed; 0 failed; 0 ignored; 0 measured; 0 filtered out; finished in 0.00s

     Running tests/lane_borrowed_duplicate_probe_critical_refill_bound.rs (/tmp/pon-contract-authority-20260929/target/debug/deps/lane_borrowed_duplicate_probe_critical_refill_bound-8699ada18b883a8c)

running 1 test
test borrowed_slot_duplicate_probe_noise_does_not_delay_next_real_critical_refill ... ok

test result: ok. 1 passed; 0 failed; 0 ignored; 0 measured; 0 filtered out; finished in 0.00s

     Running tests/lane_borrowed_duplicate_probe_fairness_reset_bound.rs (/tmp/pon-contract-authority-20260929/target/debug/deps/lane_borrowed_duplicate_probe_fairness_reset_bound-937a84095bc1fdc7)

running 1 test
test borrowed_duplicate_probe_full_drain_does_not_poison_next_mixed_batch_fairness ... ok

test result: ok. 1 passed; 0 failed; 0 ignored; 0 measured; 0 filtered out; finished in 0.00s

     Running tests/lane_borrowed_duplicate_probe_full_drain_reuse_bound.rs (/tmp/pon-contract-authority-20260929/target/debug/deps/lane_borrowed_duplicate_probe_full_drain_reuse_bound-830d4816b86ab601)

running 1 test
test borrowed_duplicate_probe_noise_does_not_poison_cross_class_reuse_after_full_drain ... ok

test result: ok. 1 passed; 0 failed; 0 ignored; 0 measured; 0 filtered out; finished in 0.00s

     Running tests/lane_borrowed_last_slot_backpressured_retry_reuse_bound.rs (/tmp/pon-contract-authority-20260929/target/debug/deps/lane_borrowed_last_slot_backpressured_retry_reuse_bound-2a1a3706bb9b38e7)

running 17 tests
test borrowed_idle_tail_slot_flips_from_borrowable_to_guarded_once_critical_backlog_appears ... ok
test borrowed_last_idle_critical_slot_duplicate_retry_wins_under_open_headroom_guard ... ok
test borrowed_last_idle_critical_slot_guarded_small_retry_burst_uses_stable_lane_snapshot ... ok
test borrowed_last_idle_critical_slot_keeps_backpressured_critical_retry_fresh_after_full_drain ... ok
test borrowed_last_idle_critical_slot_keeps_cross_class_duplicate_ahead_of_guarded_fresh_retries ... ok
test borrowed_last_idle_critical_slot_mixed_retry_burst_keeps_fresh_and_duplicate_outcomes_partitioned ... ok
test borrowed_last_idle_critical_slot_never_leaks_final_reserved_slot_once_critical_backlog_warms ... ok
test borrowed_last_idle_critical_slot_preserves_duplicate_before_guard_reopens ... ok
test borrowed_last_idle_critical_slot_repeated_guard_probes_do_not_flip_fresh_retry_duplicate ... ok
test borrowed_last_idle_critical_slot_small_retry_burst_keeps_guard_outcomes_stable ... ok
test guarded_last_critical_slot_critical_retry_stays_backpressured_until_reserved_headroom_reopens ... ok
test guarded_last_critical_slot_cross_class_retry_burst_flips_once_fresh_id_is_admitted ... ok
test guarded_last_critical_slot_duplicate_probe_wins_before_and_after_guard_block ... ok
test guarded_last_critical_slot_keeps_normal_retry_guard_stable_until_critical_fill_then_dedupes ... ok
test guarded_last_critical_slot_keeps_small_cross_class_retry_burst_stable_until_reopen ... ok
test guarded_last_critical_slot_preserves_cross_class_duplicate_before_reopen ... ok
test guarded_last_critical_slot_retry_burst_keeps_fresh_and_duplicate_outcomes_partitioned ... ok

test result: ok. 17 passed; 0 failed; 0 ignored; 0 measured; 0 filtered out; finished in 0.00s

     Running tests/lane_borrowed_last_slot_cross_class_normal_reopen_bound.rs (/tmp/pon-contract-authority-20260929/target/debug/deps/lane_borrowed_last_slot_cross_class_normal_reopen_bound-497637830eb4c747)

running 1 test
test borrowed_last_idle_critical_slot_keeps_cross_class_fresh_retry_unpoisoned_until_normal_reopens ... ok

test result: ok. 1 passed; 0 failed; 0 ignored; 0 measured; 0 filtered out; finished in 0.00s

     Running tests/lane_borrowed_last_slot_full_drain_retry_reuse_bound.rs (/tmp/pon-contract-authority-20260929/target/debug/deps/lane_borrowed_last_slot_full_drain_retry_reuse_bound-fd58cc6b75ef9516)

running 1 test
test borrowed_last_critical_slot_reuse_stays_fresh_after_full_drain ... ok

test result: ok. 1 passed; 0 failed; 0 ignored; 0 measured; 0 filtered out; finished in 0.00s

     Running tests/lane_borrowed_last_slot_idempotency_bound.rs (/tmp/pon-contract-authority-20260929/target/debug/deps/lane_borrowed_last_slot_idempotency_bound-834a922958daf31d)

running 1 test
test borrowed_last_idle_critical_slot_stays_globally_idempotent_under_saturation ... ok

test result: ok. 1 passed; 0 failed; 0 ignored; 0 measured; 0 filtered out; finished in 0.00s

     Running tests/lane_borrowed_last_slot_probe_noise_stability_bound.rs (/tmp/pon-contract-authority-20260929/target/debug/deps/lane_borrowed_last_slot_probe_noise_stability_bound-67d9e2847c53b27c)

running 1 test
test borrowed_last_idle_critical_slot_probe_noise_keeps_qos_snapshot_flat ... ok

test result: ok. 1 passed; 0 failed; 0 ignored; 0 measured; 0 filtered out; finished in 0.00s

     Running tests/lane_borrowed_last_slot_qos_snapshot_duplicate_stability_bound.rs (/tmp/pon-contract-authority-20260929/target/debug/deps/lane_borrowed_last_slot_qos_snapshot_duplicate_stability_bound-865faf7f92710bd6)

running 1 test
test borrowed_last_idle_critical_slot_duplicate_and_fresh_probe_noise_keep_qos_snapshot_flat_until_drain ... ok

test result: ok. 1 passed; 0 failed; 0 ignored; 0 measured; 0 filtered out; finished in 0.00s

     Running tests/lane_borrowed_last_slot_qos_snapshot_guard_bound.rs (/tmp/pon-contract-authority-20260929/target/debug/deps/lane_borrowed_last_slot_qos_snapshot_guard_bound-a6f14f6b8a3cf22c)

running 1 test
test borrowed_last_idle_critical_slot_snapshot_closes_normal_headroom_until_active_critical_backlog_truly_clears ... ok

test result: ok. 1 passed; 0 failed; 0 ignored; 0 measured; 0 filtered out; finished in 0.00s

     Running tests/lane_borrowed_reserve_guard_before_critical_arrival_bound.rs (/tmp/pon-contract-authority-20260929/target/debug/deps/lane_borrowed_reserve_guard_before_critical_arrival_bound-6cddd7e132dfe57d)

running 1 test
test borrowed_normal_spillover_guards_final_reserved_slot_before_any_critical_arrives ... ok

test result: ok. 1 passed; 0 failed; 0 ignored; 0 measured; 0 filtered out; finished in 0.00s

     Running tests/lane_borrowed_slot_critical_refill_closes_normal_headroom_bound.rs (/tmp/pon-contract-authority-20260929/target/debug/deps/lane_borrowed_slot_critical_refill_closes_normal_headroom_bound-d5748db95d23cf10)

running 1 test
test borrowed_critical_headroom_closes_to_normal_ingress_after_real_critical_refill ... ok

test result: ok. 1 passed; 0 failed; 0 ignored; 0 measured; 0 filtered out; finished in 0.00s

     Running tests/lane_borrowed_slot_duplicate_probe_recovery_bound.rs (/tmp/pon-contract-authority-20260929/target/debug/deps/lane_borrowed_slot_duplicate_probe_recovery_bound-89b253625f1bb605)

running 1 test
test borrowed_last_critical_slot_duplicate_probe_does_not_delay_critical_recovery_after_one_drain ... ok

test result: ok. 1 passed; 0 failed; 0 ignored; 0 measured; 0 filtered out; finished in 0.00s

     Running tests/lane_borrowed_slot_qos_snapshot_stability_bound.rs (/tmp/pon-contract-authority-20260929/target/debug/deps/lane_borrowed_slot_qos_snapshot_stability_bound-31d647b05502bdaa)

running 1 test
test borrowed_last_idle_critical_slot_keeps_qos_snapshot_flat_across_retry_and_duplicate_noise ... ok

test result: ok. 1 passed; 0 failed; 0 ignored; 0 measured; 0 filtered out; finished in 0.00s

     Running tests/lane_borrowed_slot_saturation_idempotency_bound.rs (/tmp/pon-contract-authority-20260929/target/debug/deps/lane_borrowed_slot_saturation_idempotency_bound-a81cb16e7d6eccc8)

running 1 test
test borrowed_last_reserved_slot_keeps_duplicate_semantics_while_saturated ... ok

test result: ok. 1 passed; 0 failed; 0 ignored; 0 measured; 0 filtered out; finished in 0.00s

     Running tests/lane_critical_preemption_bound.rs (/tmp/pon-contract-authority-20260929/target/debug/deps/lane_critical_preemption_bound-59163c84898ce64a)

running 1 test
test newly_arrived_critical_backlog_preempts_normal_flood_on_next_dequeue ... ok

test result: ok. 1 passed; 0 failed; 0 ignored; 0 measured; 0 filtered out; finished in 0.00s

     Running tests/lane_critical_preemption_warm_bound.rs (/tmp/pon-contract-authority-20260929/target/debug/deps/lane_critical_preemption_warm_bound-b287d8dd2104b3d6)

running 1 test
test newly_arrived_critical_backlog_preempts_normal_flood_without_extra_normal_turn ... ok

test result: ok. 1 passed; 0 failed; 0 ignored; 0 measured; 0 filtered out; finished in 0.00s

     Running tests/lane_critical_spillover_dedicated_normal_headroom_bound.rs (/tmp/pon-contract-authority-20260929/target/debug/deps/lane_critical_spillover_dedicated_normal_headroom_bound-d3ead6417a6da06f)

running 1 test
test critical_spillover_requires_real_dedicated_normal_headroom_and_reopens_after_drain ... ok

test result: ok. 1 passed; 0 failed; 0 ignored; 0 measured; 0 filtered out; finished in 0.00s

     Running tests/lane_critical_spillover_headroom_qos_stability_bound.rs (/tmp/pon-contract-authority-20260929/target/debug/deps/lane_critical_spillover_headroom_qos_stability_bound-87cf19094d09dd60)

running 1 test
test critical_only_spillover_headroom_keeps_normal_closed_until_real_critical_refill ... ok

test result: ok. 1 passed; 0 failed; 0 ignored; 0 measured; 0 filtered out; finished in 0.00s

     Running tests/lane_critical_spillover_only_headroom_qos_contract_bound.rs (/tmp/pon-contract-authority-20260929/target/debug/deps/lane_critical_spillover_only_headroom_qos_contract_bound-66686a1b4eaf76ec)

running 1 test
test critical_spillover_only_headroom_keeps_normal_closed_across_duplicate_and_retry_noise ... ok

test result: ok. 1 passed; 0 failed; 0 ignored; 0 measured; 0 filtered out; finished in 0.00s

     Running tests/lane_cross_class_duplicate_probe_no_prewarm_bound.rs (/tmp/pon-contract-authority-20260929/target/debug/deps/lane_cross_class_duplicate_probe_no_prewarm_bound-f5ae7b6e36bf7d08)

running 1 test
test cross_class_duplicate_probe_does_not_prewarm_fairness_before_real_normal_backlog ... ok

test result: ok. 1 passed; 0 failed; 0 ignored; 0 measured; 0 filtered out; finished in 0.00s

     Running tests/lane_duplicate_probe_warm_fairness_bound.rs (/tmp/pon-contract-authority-20260929/target/debug/deps/lane_duplicate_probe_warm_fairness_bound-9ec0d0257be3274c)

running 1 test
test duplicate_probe_noise_does_not_cool_warm_fairness_with_active_dual_backlog ... ok

test result: ok. 1 passed; 0 failed; 0 ignored; 0 measured; 0 filtered out; finished in 0.00s

     Running tests/lane_fairness_bound.rs (/tmp/pon-contract-authority-20260929/target/debug/deps/lane_fairness_bound-2cca8075b835c51b)

running 8 tests
test critical_spillover_in_normal_lane_gets_turn_within_one_pop_under_critical_pressure ... ok
test duplicate_probe_noise_does_not_make_warm_fairness_skip_oldest_normal ... ok
test fairness_warmup_serves_oldest_normal_first_under_active_critical_backlog ... ok
test full_drain_resets_fairness_streak_so_next_critical_is_not_delayed ... ok
test mixed_batch_after_full_drain_still_grants_normal_turn_within_one_pop ... ok
test normal_backlog_gets_service_within_one_pop_after_arrival_under_critical_pressure ... ok
test reserve_only_borrowed_normal_does_not_preempt_already_queued_critical ... ok
test sustained_critical_pressure_with_normal_backlog_keeps_normal_latency_bounded ... ok

test result: ok. 8 passed; 0 failed; 0 ignored; 0 measured; 0 filtered out; finished in 0.00s

     Running tests/lane_fairness_idle_reset_bound.rs (/tmp/pon-contract-authority-20260929/target/debug/deps/lane_fairness_idle_reset_bound-e982e1b13ab9be82)

running 1 test
test drained_lane_resets_fairness_before_new_critical_arrival ... ok

test result: ok. 1 passed; 0 failed; 0 ignored; 0 measured; 0 filtered out; finished in 0.00s

     Running tests/lane_fairness_warm_persistence_bound.rs (/tmp/pon-contract-authority-20260929/target/debug/deps/lane_fairness_warm_persistence_bound-0707f90e60656317)

running 1 test
test fairness_stays_warm_after_serving_one_normal_while_dual_backlog_remains ... ok

test result: ok. 1 passed; 0 failed; 0 ignored; 0 measured; 0 filtered out; finished in 0.00s

     Running tests/lane_fairness_warm_saturated_probe_persistence_bound.rs (/tmp/pon-contract-authority-20260929/target/debug/deps/lane_fairness_warm_saturated_probe_persistence_bound-e360b9de05726127)

running 1 test
test warmed_fairness_survives_saturated_fresh_probe_noise_after_first_normal_turn ... ok

test result: ok. 1 passed; 0 failed; 0 ignored; 0 measured; 0 filtered out; finished in 0.00s

     Running tests/lane_free_ingress_recovery_bound.rs (/tmp/pon-contract-authority-20260929/target/debug/deps/lane_free_ingress_recovery_bound-434305800de30fe3)

running 8 tests
test active_critical_backlog_blocks_normal_from_borrowing_last_reserved_slot ... ok
test active_critical_backlog_reopens_normal_retry_only_after_reserved_slot_is_truly_free ... ok
test borrowed_last_critical_slot_keeps_duplicate_probe_duplicate_while_guarded ... ok
test borrowed_last_critical_slot_keeps_fresh_critical_retry_backpressured_until_drain ... ok
test borrowed_last_critical_slot_recovers_to_critical_progress_after_one_dequeue ... ok
test reserve_only_backpressured_critical_id_remains_fresh_after_one_drain ... ok
test reserve_only_backpressured_critical_id_stays_fresh_across_cross_class_retries_until_drain ... ok
test reserve_only_backpressured_normal_id_stays_fresh_across_cross_class_retries_until_drain ... ok

test result: ok. 8 passed; 0 failed; 0 ignored; 0 measured; 0 filtered out; finished in 0.00s

     Running tests/lane_free_ingress_throughput_bound.rs (/tmp/pon-contract-authority-20260929/target/debug/deps/lane_free_ingress_throughput_bound-3e022142eafea3d2)

running 12 tests
test reserve_only_borrowed_normal_ingress_preserves_cross_class_idempotency_until_drain ... ok
test reserve_only_critical_ingress_preserves_cross_class_idempotency_until_drain ... ok
test reserve_only_full_drain_resets_idempotency_for_immediate_free_ingress_reuse ... ok
test reserve_only_mixed_ingress_keeps_fifo_progress_without_fairness_detours ... ok
test reserve_only_split_backpressured_id_is_not_poisoned_across_class_after_drain ... ok
test reserve_only_split_backpressured_id_is_not_poisoned_on_same_class_retry_after_drain ... ok
test reserve_only_split_backpressures_fresh_normal_ingress_once_borrowed_headroom_is_full ... ok
test reserve_only_split_fresh_backpressured_id_stays_backpressured_across_retries_until_drain ... ok
test reserve_only_split_keeps_normal_free_ingress_live_while_critical_headroom_exists ... ok
test reserve_only_split_repeated_retry_noise_keeps_fresh_backpressured_id_recoverable ... ok
test zero_capacity_duplicate_probe_noise_does_not_poison_cross_class_retry_after_recovery ... ok
test zero_reserve_critical_ingress_uses_free_normal_headroom_without_dedicated_critical_lane ... ok

test result: ok. 12 passed; 0 failed; 0 ignored; 0 measured; 0 filtered out; finished in 0.00s

     Running tests/lane_full_drain_backpressured_retry_recovery_bound.rs (/tmp/pon-contract-authority-20260929/target/debug/deps/lane_full_drain_backpressured_retry_recovery_bound-2cf16eeefc2c1515)

running 8 tests
test critical_retry_bursts_stay_backpressured_once_normal_headroom_is_exhausted ... ok
test full_drain_after_saturated_backpressure_keeps_fresh_cross_class_retry_admissible ... ok
test repeated_idle_polls_after_full_drain_do_not_resurrect_backpressured_retry_metadata ... ok
test repeated_same_id_saturated_retries_stay_backpressured_until_one_slot_reopens ... ok
test reserved_critical_slot_accepts_one_critical_retry_then_rebounds_normal_retries ... ok
test reserved_critical_slot_keeps_unsaturated_normal_retry_burst_backpressured_until_drain ... ok
test reserved_slot_reopens_normal_retry_once_critical_backlog_clears ... ok
test saturated_retry_burst_keeps_queue_counts_stable_until_headroom_reopens ... ok

test result: ok. 8 passed; 0 failed; 0 ignored; 0 measured; 0 filtered out; finished in 0.00s

     Running tests/lane_full_drain_saturated_probe_reset_bound.rs (/tmp/pon-contract-authority-20260929/target/debug/deps/lane_full_drain_saturated_probe_reset_bound-d20804f0e17b531a)

running 1 test
test saturated_probe_noise_before_full_drain_does_not_warm_next_batch ... ok

test result: ok. 1 passed; 0 failed; 0 ignored; 0 measured; 0 filtered out; finished in 0.00s

     Running tests/lane_full_drain_warm_duplicate_probe_fairness_reset_bound.rs (/tmp/pon-contract-authority-20260929/target/debug/deps/lane_full_drain_warm_duplicate_probe_fairness_reset_bound-da735fd294609be6)

running 1 test
test full_drain_after_warm_duplicate_probes_cold_resets_next_mixed_batch ... ok

test result: ok. 1 passed; 0 failed; 0 ignored; 0 measured; 0 filtered out; finished in 0.00s

     Running tests/lane_guarded_critical_refill_duplicate_qos_stability_bound.rs (/tmp/pon-contract-authority-20260929/target/debug/deps/lane_guarded_critical_refill_duplicate_qos_stability_bound-936c2197dabb7539)

running 1 test
test guarded_critical_refill_duplicate_probes_keep_qos_and_queue_counts_flat ... ok

test result: ok. 1 passed; 0 failed; 0 ignored; 0 measured; 0 filtered out; finished in 0.00s

     Running tests/lane_guarded_critical_refill_fresh_normal_probe_stability_bound.rs (/tmp/pon-contract-authority-20260929/target/debug/deps/lane_guarded_critical_refill_fresh_normal_probe_stability_bound-4ababe33c50f45cf)

running 1 test
test guarded_critical_refill_fresh_normal_probes_keep_qos_and_queue_counts_flat_until_real_critical_refill ... ok

test result: ok. 1 passed; 0 failed; 0 ignored; 0 measured; 0 filtered out; finished in 0.00s

     Running tests/lane_guarded_fresh_critical_cross_class_retry_bound.rs (/tmp/pon-contract-authority-20260929/target/debug/deps/lane_guarded_fresh_critical_cross_class_retry_bound-dbe18ce333c3ec75)

running 1 test
test guarded_fresh_critical_cross_class_retry_stays_fresh_and_admits_on_critical_path ... ok

test result: ok. 1 passed; 0 failed; 0 ignored; 0 measured; 0 filtered out; finished in 0.00s

     Running tests/lane_guarded_fresh_normal_reopens_after_final_critical_drain_bound.rs (/tmp/pon-contract-authority-20260929/target/debug/deps/lane_guarded_fresh_normal_reopens_after_final_critical_drain_bound-52a940be5e3b8f22)

running 1 test
test guarded_fresh_normal_reopens_as_fresh_after_final_critical_drain ... ok

test result: ok. 1 passed; 0 failed; 0 ignored; 0 measured; 0 filtered out; finished in 0.00s

     Running tests/lane_guarded_fresh_normal_retry_cross_class_critical_claim_bound.rs (/tmp/pon-contract-authority-20260929/target/debug/deps/lane_guarded_fresh_normal_retry_cross_class_critical_claim_bound-2172b1dba8a33f81)

running 1 test
test guarded_fresh_normal_retry_does_not_poison_cross_class_critical_claim_on_last_reserved_slot ... ok

test result: ok. 1 passed; 0 failed; 0 ignored; 0 measured; 0 filtered out; finished in 0.00s

     Running tests/lane_guarded_last_reserved_public_contract_bound.rs (/tmp/pon-contract-authority-20260929/target/debug/deps/lane_guarded_last_reserved_public_contract_bound-e421b6201f85b564)

running 1 test
test guarded_last_reserved_slot_keeps_public_qos_surface_honest ... ok

test result: ok. 1 passed; 0 failed; 0 ignored; 0 measured; 0 filtered out; finished in 0.00s

     Running tests/lane_guarded_last_reserved_reopen_duplicate_stability_bound.rs (/tmp/pon-contract-authority-20260929/target/debug/deps/lane_guarded_last_reserved_reopen_duplicate_stability_bound-e025edb478536546)

running 1 test
test guarded_last_reserved_reopens_cleanly_after_final_critical_drain_despite_cross_class_duplicate_noise ... ok

test result: ok. 1 passed; 0 failed; 0 ignored; 0 measured; 0 filtered out; finished in 0.00s

     Running tests/lane_guarded_normal_retry_qos_reopen_bound.rs (/tmp/pon-contract-authority-20260929/target/debug/deps/lane_guarded_normal_retry_qos_reopen_bound-9f6c4ad43cccc194)

running 1 test
test guarded_normal_retry_noise_stays_fresh_and_qos_flat_until_reserved_slot_reopens ... ok

test result: ok. 1 passed; 0 failed; 0 ignored; 0 measured; 0 filtered out; finished in 0.00s

     Running tests/lane_guarded_slot_accounting_partition_bound.rs (/tmp/pon-contract-authority-20260929/target/debug/deps/lane_guarded_slot_accounting_partition_bound-ca420fca1fd48d7a)

running 1 test
test guarded_last_reserved_slot_keeps_duplicate_vs_fresh_retry_accounting_flat_until_reopen ... ok

test result: ok. 1 passed; 0 failed; 0 ignored; 0 measured; 0 filtered out; finished in 0.00s

     Running tests/lane_guarded_slot_duplicate_partition_bound.rs (/tmp/pon-contract-authority-20260929/target/debug/deps/lane_guarded_slot_duplicate_partition_bound-d97957538e75e4c9)

running 1 test
test guarded_last_reserved_slot_keeps_fresh_normal_backpressured_while_duplicate_critical_stays_duplicate ... ok

test result: ok. 1 passed; 0 failed; 0 ignored; 0 measured; 0 filtered out; finished in 0.00s

     Running tests/lane_idempotency_bound.rs (/tmp/pon-contract-authority-20260929/target/debug/deps/lane_idempotency_bound-4fb1ce211999e910)

running 3 tests
test backpressured_id_does_not_poison_cross_class_retry_after_capacity_recovers ... ok
test reserve_only_saturated_lane_keeps_borrowed_duplicate_classification ... ok
test saturated_lane_preserves_duplicate_vs_backpressure_contract ... ok

test result: ok. 3 passed; 0 failed; 0 ignored; 0 measured; 0 filtered out; finished in 0.00s

     Running tests/lane_idle_last_slot_stale_duplicate_borrow_bound.rs (/tmp/pon-contract-authority-20260929/target/debug/deps/lane_idle_last_slot_stale_duplicate_borrow_bound-ca2dc317a370dd0a)

running 1 test
test stale_duplicate_memory_after_full_critical_drain_does_not_block_idle_last_slot_borrow ... ok

test result: ok. 1 passed; 0 failed; 0 ignored; 0 measured; 0 filtered out; finished in 0.00s

     Running tests/lane_idle_pop_noop_reset_bound.rs (/tmp/pon-contract-authority-20260929/target/debug/deps/lane_idle_pop_noop_reset_bound-57781a0c38418d00)

running 1 test
test repeated_empty_pop_after_full_drain_does_not_poison_next_batch_fairness_or_reuse ... ok

test result: ok. 1 passed; 0 failed; 0 ignored; 0 measured; 0 filtered out; finished in 0.00s

     Running tests/lane_idle_reset_cross_class_reuse_bound.rs (/tmp/pon-contract-authority-20260929/target/debug/deps/lane_idle_reset_cross_class_reuse_bound-52d8d1a55c9076cc)

running 1 test
test drained_lane_allows_cross_class_reuse_without_stale_duplicate_or_fairness_bias ... ok

test result: ok. 1 passed; 0 failed; 0 ignored; 0 measured; 0 filtered out; finished in 0.00s

     Running tests/lane_oversized_reserve_single_slot_reopen_duplicate_stability_bound.rs (/tmp/pon-contract-authority-20260929/target/debug/deps/lane_oversized_reserve_single_slot_reopen_duplicate_stability_bound-2b5bb90c957126d9)

running 1 test
test oversized_reserve_single_slot_reopen_stays_stable_across_duplicate_probe_noise ... ok

test result: ok. 1 passed; 0 failed; 0 ignored; 0 measured; 0 filtered out; finished in 0.00s

     Running tests/lane_probe_warm_fairness_persistence_bound.rs (/tmp/pon-contract-authority-20260929/target/debug/deps/lane_probe_warm_fairness_persistence_bound-091c8d93f2f2acc6)

running 1 test
test duplicate_probe_noise_does_not_cool_warm_fairness_with_dual_backlog ... ok

test result: ok. 1 passed; 0 failed; 0 ignored; 0 measured; 0 filtered out; finished in 0.00s

     Running tests/lane_qos_snapshot_borrowed_last_slot_reopen_bound.rs (/tmp/pon-contract-authority-20260929/target/debug/deps/lane_qos_snapshot_borrowed_last_slot_reopen_bound-6ddf7e8b0bfcd1e0)

running 1 test
test qos_snapshot_reopens_borrowable_last_reserved_slot_after_borrowed_occupant_drains ... ok

test result: ok. 1 passed; 0 failed; 0 ignored; 0 measured; 0 filtered out; finished in 0.00s

     Running tests/lane_qos_snapshot_borrowed_slot_guard_flip_bound.rs (/tmp/pon-contract-authority-20260929/target/debug/deps/lane_qos_snapshot_borrowed_slot_guard_flip_bound-a7875049e10a8fd3)

running 1 test
test qos_snapshot_flips_from_borrowable_to_guarded_once_critical_backlog_claims_final_reserved_slot ... ok

test result: ok. 1 passed; 0 failed; 0 ignored; 0 measured; 0 filtered out; finished in 0.00s

     Running tests/lane_qos_snapshot_guard_mixed_probe_stability_bound.rs (/tmp/pon-contract-authority-20260929/target/debug/deps/lane_qos_snapshot_guard_mixed_probe_stability_bound-a986d42c77a962b5)

running 1 test
test qos_snapshot_stays_flat_across_mixed_probe_noise_while_last_reserved_slot_is_guarded ... ok

test result: ok. 1 passed; 0 failed; 0 ignored; 0 measured; 0 filtered out; finished in 0.00s

     Running tests/lane_qos_snapshot_guard_probe_stability_bound.rs (/tmp/pon-contract-authority-20260929/target/debug/deps/lane_qos_snapshot_guard_probe_stability_bound-24a480e2aefbdf56)

running 1 test
test qos_snapshot_stays_stable_while_last_reserved_critical_slot_is_guarded ... ok

test result: ok. 1 passed; 0 failed; 0 ignored; 0 measured; 0 filtered out; finished in 0.00s

     Running tests/lane_qos_snapshot_guard_reopen_bound.rs (/tmp/pon-contract-authority-20260929/target/debug/deps/lane_qos_snapshot_guard_reopen_bound-3411c18908dd1acd)

running 1 test
test qos_snapshot_keeps_normal_guard_closed_until_last_active_critical_slot_truly_clears ... ok

test result: ok. 1 passed; 0 failed; 0 ignored; 0 measured; 0 filtered out; finished in 0.00s

     Running tests/lane_qos_snapshot_guard_reopen_duplicate_noise_bound.rs (/tmp/pon-contract-authority-20260929/target/debug/deps/lane_qos_snapshot_guard_reopen_duplicate_noise_bound-9148db220648aeb1)

running 1 test
test qos_snapshot_keeps_reopened_last_reserved_critical_slot_stable_under_duplicate_and_retry_noise ... ok

test result: ok. 1 passed; 0 failed; 0 ignored; 0 measured; 0 filtered out; finished in 0.00s

     Running tests/lane_qos_snapshot_guarded_reopen_cross_class_retry_stability_bound.rs (/tmp/pon-contract-authority-20260929/target/debug/deps/lane_qos_snapshot_guarded_reopen_cross_class_retry_stability_bound-50cb97730385b36d)

running 1 test
test reopened_last_reserved_critical_slot_stays_guarded_across_cross_class_duplicate_and_retry_noise ... ok

test result: ok. 1 passed; 0 failed; 0 ignored; 0 measured; 0 filtered out; finished in 0.00s

     Running tests/lane_qos_snapshot_guarded_reopen_probe_stability_bound.rs (/tmp/pon-contract-authority-20260929/target/debug/deps/lane_qos_snapshot_guarded_reopen_probe_stability_bound-3d6647336a07e7eb)

running 1 test
test qos_snapshot_stays_stable_when_last_reserved_critical_slot_is_still_guarded_after_reopen ... ok

test result: ok. 1 passed; 0 failed; 0 ignored; 0 measured; 0 filtered out; finished in 0.00s

     Running tests/lane_qos_snapshot_probe_stability_bound.rs (/tmp/pon-contract-authority-20260929/target/debug/deps/lane_qos_snapshot_probe_stability_bound-1c5a400268ed14de)

running 1 test
test qos_snapshot_stays_stable_across_guarded_fresh_and_duplicate_probe_noise ... ok

test result: ok. 1 passed; 0 failed; 0 ignored; 0 measured; 0 filtered out; finished in 0.00s

     Running tests/lane_qos_snapshot_reserve_only_drain_only_duplicate_retention_bound.rs (/tmp/pon-contract-authority-20260929/target/debug/deps/lane_qos_snapshot_reserve_only_drain_only_duplicate_retention_bound-d72824fd6e831da0)

running 1 test
test reserve_only_drain_only_duplicate_retention_keeps_shared_snapshot_closed_until_survivor_drains ... ok

test result: ok. 1 passed; 0 failed; 0 ignored; 0 measured; 0 filtered out; finished in 0.00s

     Running tests/lane_qos_snapshot_reserve_only_drain_only_full_drain_releases_duplicate_retention_bound.rs (/tmp/pon-contract-authority-20260929/target/debug/deps/lane_qos_snapshot_reserve_only_drain_only_full_drain_releases_duplicate_retention_bound-fa81f6ed9f60d135)

running 1 test
test reserve_only_drain_only_full_drain_releases_duplicate_retention_and_restores_shared_headroom ... ok

test result: ok. 1 passed; 0 failed; 0 ignored; 0 measured; 0 filtered out; finished in 0.00s

     Running tests/lane_qos_snapshot_reserve_only_drain_only_full_drain_releases_multi_refill_duplicate_retention_bound.rs (/tmp/pon-contract-authority-20260929/target/debug/deps/lane_qos_snapshot_reserve_only_drain_only_full_drain_releases_multi_refill_duplicate_retention_bound-1c2f9049b8ae2933)

running 1 test
test reserve_only_drain_only_full_drain_releases_multi_refill_duplicate_retention_and_restores_cross_class_reuse ... ok

test result: ok. 1 passed; 0 failed; 0 ignored; 0 measured; 0 filtered out; finished in 0.00s

     Running tests/lane_qos_snapshot_reserve_only_drain_only_full_drain_releases_refilled_duplicate_retention_bound.rs (/tmp/pon-contract-authority-20260929/target/debug/deps/lane_qos_snapshot_reserve_only_drain_only_full_drain_releases_refilled_duplicate_retention_bound-8699d55748bd7328)

running 1 test
test reserve_only_drain_only_full_drain_releases_refilled_duplicate_retention_and_restores_shared_reuse ... ok

test result: ok. 1 passed; 0 failed; 0 ignored; 0 measured; 0 filtered out; finished in 0.00s

     Running tests/lane_qos_snapshot_reserve_only_drain_only_multi_refill_probe_stability_bound.rs (/tmp/pon-contract-authority-20260929/target/debug/deps/lane_qos_snapshot_reserve_only_drain_only_multi_refill_probe_stability_bound-153edf1eb3f6243f)

running 1 test
test reserve_only_drain_only_qos_snapshot_preserves_multi_slot_refill_visibility_across_duplicate_noise ... ok

test result: ok. 1 passed; 0 failed; 0 ignored; 0 measured; 0 filtered out; finished in 0.00s

     Running tests/lane_qos_snapshot_reserve_only_drain_only_refilled_survivor_duplicate_stability_bound.rs (/tmp/pon-contract-authority-20260929/target/debug/deps/lane_qos_snapshot_reserve_only_drain_only_refilled_survivor_duplicate_stability_bound-a1b9ea3f3c31c872)

running 1 test
test reserve_only_drain_only_refilled_lane_keeps_survivor_duplicate_noise_from_masking_reopened_headroom ... ok

test result: ok. 1 passed; 0 failed; 0 ignored; 0 measured; 0 filtered out; finished in 0.00s

     Running tests/lane_qos_snapshot_reserve_only_drained_id_cross_class_reuse_bound.rs (/tmp/pon-contract-authority-20260929/target/debug/deps/lane_qos_snapshot_reserve_only_drained_id_cross_class_reuse_bound-0081e47078279562)

running 1 test
test reserve_only_drained_id_can_cross_class_reuse_reopened_slot_while_survivor_stays_duplicate ... ok

test result: ok. 1 passed; 0 failed; 0 ignored; 0 measured; 0 filtered out; finished in 0.00s

     Running tests/lane_qos_snapshot_reserve_only_drained_retry_duplicate_noise_bound.rs (/tmp/pon-contract-authority-20260929/target/debug/deps/lane_qos_snapshot_reserve_only_drained_retry_duplicate_noise_bound-787850554d8b7d48)

running 1 test
test reserve_only_reopened_snapshot_survives_duplicate_noise_before_drained_retry_resaturates ... ok

test result: ok. 1 passed; 0 failed; 0 ignored; 0 measured; 0 filtered out; finished in 0.00s

     Running tests/lane_qos_snapshot_reserve_only_drained_retry_reopen_bound.rs (/tmp/pon-contract-authority-20260929/target/debug/deps/lane_qos_snapshot_reserve_only_drained_retry_reopen_bound-94597101f43edfe7)

running 1 test
test reserve_only_qos_snapshot_reopen_allows_drained_id_retry_across_ingress_classes ... ok

test result: ok. 1 passed; 0 failed; 0 ignored; 0 measured; 0 filtered out; finished in 0.00s

     Running tests/lane_qos_snapshot_reserve_only_drained_retry_resaturates_bound.rs (/tmp/pon-contract-authority-20260929/target/debug/deps/lane_qos_snapshot_reserve_only_drained_retry_resaturates_bound-ed75bba5c7b332f5)

running 1 test
test reserve_only_drained_retry_resaturates_snapshot_and_backpressures_fresh_cross_class_probe ... ok

test result: ok. 1 passed; 0 failed; 0 ignored; 0 measured; 0 filtered out; finished in 0.00s

     Running tests/lane_qos_snapshot_reserve_only_drained_retry_same_class_noise_bound.rs (/tmp/pon-contract-authority-20260929/target/debug/deps/lane_qos_snapshot_reserve_only_drained_retry_same_class_noise_bound-80078f000e2decf6)

running 1 test
test reserve_only_reopened_snapshot_survives_duplicate_noise_before_same_class_drained_retry_resaturates ... ok

test result: ok. 1 passed; 0 failed; 0 ignored; 0 measured; 0 filtered out; finished in 0.00s

     Running tests/lane_qos_snapshot_reserve_only_duplicate_then_refill_cross_class_freeze_bound.rs (/tmp/pon-contract-authority-20260929/target/debug/deps/lane_qos_snapshot_reserve_only_duplicate_then_refill_cross_class_freeze_bound-f5b762ce6251cde2)

running 1 test
test reserve_only_duplicate_probe_does_not_consume_reopened_shared_slot_before_cross_class_refill_refreezes_it ... ok

test result: ok. 1 passed; 0 failed; 0 ignored; 0 measured; 0 filtered out; finished in 0.00s

     Running tests/lane_qos_snapshot_reserve_only_duplicate_then_refill_cross_class_freeze_symmetry_bound.rs (/tmp/pon-contract-authority-20260929/target/debug/deps/lane_qos_snapshot_reserve_only_duplicate_then_refill_cross_class_freeze_symmetry_bound-04006e9ad2ce1cb8)

running 1 test
test reserve_only_duplicate_probe_does_not_consume_reopened_shared_slot_before_cross_class_refill_refreezes_it_symmetrically ... ok

test result: ok. 1 passed; 0 failed; 0 ignored; 0 measured; 0 filtered out; finished in 0.00s

     Running tests/lane_qos_snapshot_reserve_only_full_drain_releases_duplicate_retention_bound.rs (/tmp/pon-contract-authority-20260929/target/debug/deps/lane_qos_snapshot_reserve_only_full_drain_releases_duplicate_retention_bound-08debc8f818e3ff6)

running 1 test
test reserve_only_full_drain_releases_duplicate_retention_and_restores_shared_headroom ... ok

test result: ok. 1 passed; 0 failed; 0 ignored; 0 measured; 0 filtered out; finished in 0.00s

     Running tests/lane_qos_snapshot_reserve_only_full_drain_releases_refilled_duplicate_retention_bound.rs (/tmp/pon-contract-authority-20260929/target/debug/deps/lane_qos_snapshot_reserve_only_full_drain_releases_refilled_duplicate_retention_bound-62dbab048458b20a)

running 1 test
test reserve_only_full_drain_releases_refilled_duplicate_retention_and_restores_cross_class_reuse ... ok

test result: ok. 1 passed; 0 failed; 0 ignored; 0 measured; 0 filtered out; finished in 0.00s

     Running tests/lane_qos_snapshot_reserve_only_idle_poll_stability_bound.rs (/tmp/pon-contract-authority-20260929/target/debug/deps/lane_qos_snapshot_reserve_only_idle_poll_stability_bound-8833025bf39a01ad)

running 1 test
test reserve_only_qos_snapshot_stays_cold_and_reopened_across_idle_polls_after_full_drain ... ok

test result: ok. 1 passed; 0 failed; 0 ignored; 0 measured; 0 filtered out; finished in 0.00s

     Running tests/lane_qos_snapshot_reserve_only_immediate_reopen_bound.rs (/tmp/pon-contract-authority-20260929/target/debug/deps/lane_qos_snapshot_reserve_only_immediate_reopen_bound-7c177c936230dc4e)

running 1 test
test reserve_only_qos_snapshot_reopens_immediately_after_last_borrowed_slot_drains ... ok

test result: ok. 1 passed; 0 failed; 0 ignored; 0 measured; 0 filtered out; finished in 0.00s

     Running tests/lane_qos_snapshot_reserve_only_multi_refill_mixed_probe_stability_bound.rs (/tmp/pon-contract-authority-20260929/target/debug/deps/lane_qos_snapshot_reserve_only_multi_refill_mixed_probe_stability_bound-3e11bfb925191e74)

running 1 test
test reserve_only_qos_snapshot_preserves_multi_slot_refill_visibility_across_mixed_probe_noise ... ok

test result: ok. 1 passed; 0 failed; 0 ignored; 0 measured; 0 filtered out; finished in 0.00s

     Running tests/lane_qos_snapshot_reserve_only_multi_refill_probe_stability_bound.rs (/tmp/pon-contract-authority-20260929/target/debug/deps/lane_qos_snapshot_reserve_only_multi_refill_probe_stability_bound-a82e23db365fcd1d)

running 1 test
test reserve_only_qos_snapshot_preserves_multi_slot_refill_visibility_across_duplicate_noise ... ok

test result: ok. 1 passed; 0 failed; 0 ignored; 0 measured; 0 filtered out; finished in 0.00s

     Running tests/lane_qos_snapshot_reserve_only_probe_stability_bound.rs (/tmp/pon-contract-authority-20260929/target/debug/deps/lane_qos_snapshot_reserve_only_probe_stability_bound-c21046151731ca76)

running 1 test
test reserve_only_qos_snapshot_stays_stable_across_shared_lane_probe_noise ... ok

test result: ok. 1 passed; 0 failed; 0 ignored; 0 measured; 0 filtered out; finished in 0.00s

     Running tests/lane_qos_snapshot_reserve_only_refill_boundary_bound.rs (/tmp/pon-contract-authority-20260929/target/debug/deps/lane_qos_snapshot_reserve_only_refill_boundary_bound-78db4a0cf6bcc642)

running 1 test
test reserve_only_qos_snapshot_preserves_refill_visibility_across_duplicate_probe_noise ... ok

test result: ok. 1 passed; 0 failed; 0 ignored; 0 measured; 0 filtered out; finished in 0.00s

     Running tests/lane_qos_snapshot_reserve_only_refill_cross_class_noise_bound.rs (/tmp/pon-contract-authority-20260929/target/debug/deps/lane_qos_snapshot_reserve_only_refill_cross_class_noise_bound-b19581decc409839)

running 1 test
test reserve_only_refilled_shared_slot_stays_closed_under_cross_class_duplicate_noise ... ok

test result: ok. 1 passed; 0 failed; 0 ignored; 0 measured; 0 filtered out; finished in 0.00s

     Running tests/lane_qos_snapshot_reserve_only_refill_duplicate_retention_bound.rs (/tmp/pon-contract-authority-20260929/target/debug/deps/lane_qos_snapshot_reserve_only_refill_duplicate_retention_bound-18116ec39f6e5929)

running 1 test
test reserve_only_refilled_shared_slot_keeps_duplicate_retention_without_masking_reopened_headroom ... ok

test result: ok. 1 passed; 0 failed; 0 ignored; 0 measured; 0 filtered out; finished in 0.00s

     Running tests/lane_qos_snapshot_reserve_only_refill_from_critical_bound.rs (/tmp/pon-contract-authority-20260929/target/debug/deps/lane_qos_snapshot_reserve_only_refill_from_critical_bound-f33dfe39c4e38e3d)

running 1 test
test reserve_only_qos_snapshot_closes_when_critical_consumes_last_refill_slot_after_duplicate_noise ... ok

test result: ok. 1 passed; 0 failed; 0 ignored; 0 measured; 0 filtered out; finished in 0.00s

     Running tests/lane_qos_snapshot_reserve_only_refill_from_normal_bound.rs (/tmp/pon-contract-authority-20260929/target/debug/deps/lane_qos_snapshot_reserve_only_refill_from_normal_bound-2a2269c90ef3f844)

running 1 test
test reserve_only_qos_snapshot_closes_when_normal_consumes_last_refill_slot_after_duplicate_noise ... ok

test result: ok. 1 passed; 0 failed; 0 ignored; 0 measured; 0 filtered out; finished in 0.00s

     Running tests/lane_qos_snapshot_reserve_only_refilled_survivor_reopen_duplicate_stability_bound.rs (/tmp/pon-contract-authority-20260929/target/debug/deps/lane_qos_snapshot_reserve_only_refilled_survivor_reopen_duplicate_stability_bound-3121dd98e3feca74)

running 1 test
test reserve_only_refilled_survivor_drain_reopens_shared_slot_without_duplicate_masking ... ok

test result: ok. 1 passed; 0 failed; 0 ignored; 0 measured; 0 filtered out; finished in 0.00s

     Running tests/lane_qos_snapshot_reserve_only_reopen_critical_refill_bound.rs (/tmp/pon-contract-authority-20260929/target/debug/deps/lane_qos_snapshot_reserve_only_reopen_critical_refill_bound-d840e89354f0d618)

running 1 test
test reserve_only_qos_snapshot_closes_when_critical_consumes_reopened_shared_slot_after_duplicate_noise ... ok

test result: ok. 1 passed; 0 failed; 0 ignored; 0 measured; 0 filtered out; finished in 0.00s

     Running tests/lane_qos_snapshot_reserve_only_reopen_cross_class_duplicate_stability_bound.rs (/tmp/pon-contract-authority-20260929/target/debug/deps/lane_qos_snapshot_reserve_only_reopen_cross_class_duplicate_stability_bound-6c3abdb2dc9acfa1)

running 1 test
test reserve_only_qos_snapshot_reopened_shared_slot_survives_cross_class_duplicate_noise ... ok

test result: ok. 1 passed; 0 failed; 0 ignored; 0 measured; 0 filtered out; finished in 0.00s

     Running tests/lane_qos_snapshot_reserve_only_reopen_idle_stability_bound.rs (/tmp/pon-contract-authority-20260929/target/debug/deps/lane_qos_snapshot_reserve_only_reopen_idle_stability_bound-e35222fc17454dae)

running 1 test
test reserve_only_qos_snapshot_keeps_reopened_shared_slot_visible_across_idle_polls_and_duplicate_noise ... ok

test result: ok. 1 passed; 0 failed; 0 ignored; 0 measured; 0 filtered out; finished in 0.00s

     Running tests/lane_qos_snapshot_reserve_only_reopen_mixed_duplicate_stability_bound.rs (/tmp/pon-contract-authority-20260929/target/debug/deps/lane_qos_snapshot_reserve_only_reopen_mixed_duplicate_stability_bound-1f39f08c1e2ee51e)

running 1 test
test reserve_only_qos_snapshot_reopened_shared_slot_survives_mixed_duplicate_noise ... ok

test result: ok. 1 passed; 0 failed; 0 ignored; 0 measured; 0 filtered out; finished in 0.00s

     Running tests/lane_qos_snapshot_reserve_only_reopen_normal_refill_bound.rs (/tmp/pon-contract-authority-20260929/target/debug/deps/lane_qos_snapshot_reserve_only_reopen_normal_refill_bound-f32be39300110d14)

running 1 test
test reserve_only_qos_snapshot_closes_when_normal_consumes_reopened_shared_slot_after_duplicate_noise ... ok

test result: ok. 1 passed; 0 failed; 0 ignored; 0 measured; 0 filtered out; finished in 0.00s

     Running tests/lane_qos_snapshot_reserve_only_reopen_probe_stability_bound.rs (/tmp/pon-contract-authority-20260929/target/debug/deps/lane_qos_snapshot_reserve_only_reopen_probe_stability_bound-9baef334997b78a8)

running 1 test
test reserve_only_qos_snapshot_stays_stable_across_probe_noise_after_reopen ... ok

test result: ok. 1 passed; 0 failed; 0 ignored; 0 measured; 0 filtered out; finished in 0.00s

     Running tests/lane_qos_snapshot_reserve_only_reopen_same_class_probe_stability_bound.rs (/tmp/pon-contract-authority-20260929/target/debug/deps/lane_qos_snapshot_reserve_only_reopen_same_class_probe_stability_bound-9898fdc52150ecf3)

running 1 test
test reserve_only_qos_snapshot_reopened_shared_slot_survives_same_class_duplicate_noise ... ok

test result: ok. 1 passed; 0 failed; 0 ignored; 0 measured; 0 filtered out; finished in 0.00s

     Running tests/lane_qos_snapshot_spillover_full_drain_immediate_reopen_bound.rs (/tmp/pon-contract-authority-20260929/target/debug/deps/lane_qos_snapshot_spillover_full_drain_immediate_reopen_bound-be906b80717f58b7)

running 1 test
test qos_snapshot_reopens_immediately_after_spillover_full_drain_without_idle_poll ... ok

test result: ok. 1 passed; 0 failed; 0 ignored; 0 measured; 0 filtered out; finished in 0.00s

     Running tests/lane_qos_snapshot_spillover_full_drain_reuse_observability_bound.rs (/tmp/pon-contract-authority-20260929/target/debug/deps/lane_qos_snapshot_spillover_full_drain_reuse_observability_bound-dc258fe8b65c39c5)

running 1 test
test qos_snapshot_stays_consistent_when_spillover_lane_reuses_drained_id_after_full_drain ... ok

test result: ok. 1 passed; 0 failed; 0 ignored; 0 measured; 0 filtered out; finished in 0.00s

     Running tests/lane_qos_snapshot_zero_capacity_stability_bound.rs (/tmp/pon-contract-authority-20260929/target/debug/deps/lane_qos_snapshot_zero_capacity_stability_bound-36babd0ae803f49f)

running 1 test
test zero_capacity_qos_snapshot_stays_hard_stopped_across_probe_noise_and_idle_polls ... ok

test result: ok. 1 passed; 0 failed; 0 ignored; 0 measured; 0 filtered out; finished in 0.00s

     Running tests/lane_qos_snapshot_zero_reserve_reuse_observability_bound.rs (/tmp/pon-contract-authority-20260929/target/debug/deps/lane_qos_snapshot_zero_reserve_reuse_observability_bound-c15b0233d86aae37)

running 1 test
test zero_reserve_qos_snapshot_reopens_cleanly_for_cross_class_reuse_after_full_drain ... ok

test result: ok. 1 passed; 0 failed; 0 ignored; 0 measured; 0 filtered out; finished in 0.00s

     Running tests/lane_queued_count_full_drain_idle_reuse_bound.rs (/tmp/pon-contract-authority-20260929/target/debug/deps/lane_queued_count_full_drain_idle_reuse_bound-c5cf51477d051ac0)

running 1 test
test queued_counts_reset_cleanly_after_spillover_full_drain_and_idle_poll ... ok

test result: ok. 1 passed; 0 failed; 0 ignored; 0 measured; 0 filtered out; finished in 0.00s

     Running tests/lane_queued_counts_idempotency_bound.rs (/tmp/pon-contract-authority-20260929/target/debug/deps/lane_queued_counts_idempotency_bound-696d27085e6ab1b1)

running 1 test
test queued_counts_stay_stable_across_duplicate_and_backpressured_retries ... ok

test result: ok. 1 passed; 0 failed; 0 ignored; 0 measured; 0 filtered out; finished in 0.00s

     Running tests/lane_reopened_dedicated_reserve_public_contract_bound.rs (/tmp/pon-contract-authority-20260929/target/debug/deps/lane_reopened_dedicated_reserve_public_contract_bound-0b6128db8300c228)

running 1 test
test reopened_dedicated_critical_reserve_stays_visible_through_cross_class_duplicate_noise ... ok

test result: ok. 1 passed; 0 failed; 0 ignored; 0 measured; 0 filtered out; finished in 0.00s

     Running tests/lane_reopened_surplus_reserved_borrow_bound.rs (/tmp/pon-contract-authority-20260929/target/debug/deps/lane_reopened_surplus_reserved_borrow_bound-f55360a7e109d483)

running 1 test
test reopened_surplus_reserved_headroom_is_borrowable_before_final_guard_slot ... ok

test result: ok. 1 passed; 0 failed; 0 ignored; 0 measured; 0 filtered out; finished in 0.00s

     Running tests/lane_reserve_clamp_borrow_policy_bound.rs (/tmp/pon-contract-authority-20260929/target/debug/deps/lane_reserve_clamp_borrow_policy_bound-7fc128448ca43233)

running 1 test
test oversized_reserve_clamp_keeps_last_free_shared_slot_borrowable_under_active_backlog ... ok

test result: ok. 1 passed; 0 failed; 0 ignored; 0 measured; 0 filtered out; finished in 0.00s

     Running tests/lane_reserve_clamp_full_drain_reset_bound.rs (/tmp/pon-contract-authority-20260929/target/debug/deps/lane_reserve_clamp_full_drain_reset_bound-0161f5a9d6307977)

running 1 test
test oversized_critical_reserve_full_drain_resets_for_cross_class_reuse_and_cold_fifo_progress ... ok

test result: ok. 1 passed; 0 failed; 0 ignored; 0 measured; 0 filtered out; finished in 0.00s

     Running tests/lane_reserve_clamp_idempotency_bound.rs (/tmp/pon-contract-authority-20260929/target/debug/deps/lane_reserve_clamp_idempotency_bound-7c45be449db46061)

running 1 test
test oversized_critical_reserve_clamps_to_total_and_preserves_reserve_only_idempotency ... ok

test result: ok. 1 passed; 0 failed; 0 ignored; 0 measured; 0 filtered out; finished in 0.00s

     Running tests/lane_reserve_clamp_idle_reset_reuse_bound.rs (/tmp/pon-contract-authority-20260929/target/debug/deps/lane_reserve_clamp_idle_reset_reuse_bound-d8a9726e467767d1)

running 1 test
test oversized_critical_reserve_full_drain_and_idle_polls_do_not_poison_next_batch_reuse_or_fifo ... ok

test result: ok. 1 passed; 0 failed; 0 ignored; 0 measured; 0 filtered out; finished in 0.00s

     Running tests/lane_reserve_clamp_mixed_reopen_stability_bound.rs (/tmp/pon-contract-authority-20260929/target/debug/deps/lane_reserve_clamp_mixed_reopen_stability_bound-bcc52b4a2ef30fba)

running 1 test
test oversized_reserve_clamp_mixed_backlog_reopens_shared_slot_without_stale_duplicate_poison ... ok

test result: ok. 1 passed; 0 failed; 0 ignored; 0 measured; 0 filtered out; finished in 0.00s

     Running tests/lane_reserve_clamp_qos_snapshot_bound.rs (/tmp/pon-contract-authority-20260929/target/debug/deps/lane_reserve_clamp_qos_snapshot_bound-6c07d999a7107bc1)

running 1 test
test oversized_critical_reserve_clamps_qos_snapshot_to_reserve_only_contract ... ok

test result: ok. 1 passed; 0 failed; 0 ignored; 0 measured; 0 filtered out; finished in 0.00s

     Running tests/lane_reserve_clamp_qos_snapshot_reopen_duplicate_stability_bound.rs (/tmp/pon-contract-authority-20260929/target/debug/deps/lane_reserve_clamp_qos_snapshot_reopen_duplicate_stability_bound-bf1cc90ace1d50b4)

running 1 test
test oversized_reserve_clamp_reopen_keeps_qos_snapshot_flat_across_duplicate_probe_noise_until_refill ... ok

test result: ok. 1 passed; 0 failed; 0 ignored; 0 measured; 0 filtered out; finished in 0.00s

     Running tests/lane_reserve_clamp_saturated_probe_full_drain_reuse_bound.rs (/tmp/pon-contract-authority-20260929/target/debug/deps/lane_reserve_clamp_saturated_probe_full_drain_reuse_bound-994f5dfd60166353)

running 1 test
test oversized_critical_reserve_saturated_duplicate_probe_then_full_drain_allows_cold_cross_class_reuse ... ok

test result: ok. 1 passed; 0 failed; 0 ignored; 0 measured; 0 filtered out; finished in 0.00s

     Running tests/lane_reserve_clamp_single_slot_boundary_bound.rs (/tmp/pon-contract-authority-20260929/target/debug/deps/lane_reserve_clamp_single_slot_boundary_bound-ccc15639d21c3e51)

running 1 test
test oversized_reserve_single_slot_clamp_preserves_fail_closed_and_reopen_contract ... ok

test result: ok. 1 passed; 0 failed; 0 ignored; 0 measured; 0 filtered out; finished in 0.00s

     Running tests/lane_reserve_only_cross_class_retry_reuse_bound.rs (/tmp/pon-contract-authority-20260929/target/debug/deps/lane_reserve_only_cross_class_retry_reuse_bound-5ddc5cde69f6a788)

running 1 test
test reserve_only_fresh_normal_retry_does_not_poison_later_cross_class_critical_admission ... ok

test result: ok. 1 passed; 0 failed; 0 ignored; 0 measured; 0 filtered out; finished in 0.00s

     Running tests/lane_reserve_only_duplicate_probe_idle_reset_reuse_bound.rs (/tmp/pon-contract-authority-20260929/target/debug/deps/lane_reserve_only_duplicate_probe_idle_reset_reuse_bound-2b255687c25b6aff)

running 1 test
test reserve_only_duplicate_probe_noise_and_idle_polls_do_not_poison_cross_class_reuse ... ok

test result: ok. 1 passed; 0 failed; 0 ignored; 0 measured; 0 filtered out; finished in 0.00s

     Running tests/lane_reserve_only_duplicate_probe_recovery_bound.rs (/tmp/pon-contract-authority-20260929/target/debug/deps/lane_reserve_only_duplicate_probe_recovery_bound-b8d81de963a7374b)

running 1 test
test reserve_only_borrowed_duplicate_probe_does_not_delay_fresh_critical_retry_after_one_drain ... ok

test result: ok. 1 passed; 0 failed; 0 ignored; 0 measured; 0 filtered out; finished in 0.00s

     Running tests/lane_reserve_only_full_drain_cross_class_reuse_bound.rs (/tmp/pon-contract-authority-20260929/target/debug/deps/lane_reserve_only_full_drain_cross_class_reuse_bound-8895b94145a8a5c9)

running 1 test
test reserve_only_full_drain_allows_cross_class_reuse_without_stale_duplicate_poisoning ... ok

test result: ok. 1 passed; 0 failed; 0 ignored; 0 measured; 0 filtered out; finished in 0.00s

     Running tests/lane_reserve_only_idle_pop_noop_reset_bound.rs (/tmp/pon-contract-authority-20260929/target/debug/deps/lane_reserve_only_idle_pop_noop_reset_bound-5d71e49852331323)

running 1 test
test repeated_empty_pop_after_reserve_only_full_drain_does_not_poison_next_batch_reuse_or_fifo ... ok

test result: ok. 1 passed; 0 failed; 0 ignored; 0 measured; 0 filtered out; finished in 0.00s

     Running tests/lane_reserve_only_idle_reset_reuse_bound.rs (/tmp/pon-contract-authority-20260929/target/debug/deps/lane_reserve_only_idle_reset_reuse_bound-d09d702d2374cee2)

running 1 test
test reserve_only_full_drain_resets_for_cross_class_reuse_and_fresh_critical_progress ... ok

test result: ok. 1 passed; 0 failed; 0 ignored; 0 measured; 0 filtered out; finished in 0.00s

     Running tests/lane_reserve_only_qos_snapshot_duplicate_noise_stability_bound.rs (/tmp/pon-contract-authority-20260929/target/debug/deps/lane_reserve_only_qos_snapshot_duplicate_noise_stability_bound-7dbbcb9a6822d343)

running 1 test
test reserve_only_duplicate_noise_does_not_reopen_hard_stopped_qos_snapshot ... ok

test result: ok. 1 passed; 0 failed; 0 ignored; 0 measured; 0 filtered out; finished in 0.00s

     Running tests/lane_reserve_only_queued_counts_idempotency_bound.rs (/tmp/pon-contract-authority-20260929/target/debug/deps/lane_reserve_only_queued_counts_idempotency_bound-14de3da893c127f7)

running 1 test
test reserve_only_queued_counts_stay_stable_across_borrowed_duplicates_and_recovered_retry ... ok

test result: ok. 1 passed; 0 failed; 0 ignored; 0 measured; 0 filtered out; finished in 0.00s

     Running tests/lane_reserve_only_reopened_cross_class_fresh_retry_bound.rs (/tmp/pon-contract-authority-20260929/target/debug/deps/lane_reserve_only_reopened_cross_class_fresh_retry_bound-1b213a7008bdfb18)

running 1 test
test reserve_only_reopened_shared_slot_admits_prior_cross_class_fresh_retry_without_stale_duplicate_poisoning ... ok

test result: ok. 1 passed; 0 failed; 0 ignored; 0 measured; 0 filtered out; finished in 0.00s

     Running tests/lane_reserve_only_saturated_probe_full_drain_reuse_bound.rs (/tmp/pon-contract-authority-20260929/target/debug/deps/lane_reserve_only_saturated_probe_full_drain_reuse_bound-22f4a92bbeca54ba)

running 1 test
test reserve_only_saturated_fresh_probe_noise_full_drain_allows_immediate_cross_class_reuse ... ok

test result: ok. 1 passed; 0 failed; 0 ignored; 0 measured; 0 filtered out; finished in 0.00s

     Running tests/lane_reserve_only_shared_lane_duplicate_refill_bound.rs (/tmp/pon-contract-authority-20260929/target/debug/deps/lane_reserve_only_shared_lane_duplicate_refill_bound-e4ed2096f691ea9f)

running 1 test
test reserve_only_shared_lane_duplicate_probe_does_not_poison_following_critical_refill ... ok

test result: ok. 1 passed; 0 failed; 0 ignored; 0 measured; 0 filtered out; finished in 0.00s

     Running tests/lane_reserve_only_shared_lane_normal_refill_bound.rs (/tmp/pon-contract-authority-20260929/target/debug/deps/lane_reserve_only_shared_lane_normal_refill_bound-4ec83a5b205ec8eb)

running 1 test
test reserve_only_shared_lane_duplicate_probe_does_not_poison_following_normal_refill ... ok

test result: ok. 1 passed; 0 failed; 0 ignored; 0 measured; 0 filtered out; finished in 0.00s

     Running tests/lane_reserve_only_shared_lane_qos_snapshot_backpressure_stability_bound.rs (/tmp/pon-contract-authority-20260929/target/debug/deps/lane_reserve_only_shared_lane_qos_snapshot_backpressure_stability_bound-8bc9b57d12ca75b7)

running 1 test
test reserve_only_shared_lane_fresh_retry_noise_keeps_qos_snapshot_stable_until_real_refill ... ok

test result: ok. 1 passed; 0 failed; 0 ignored; 0 measured; 0 filtered out; finished in 0.00s

     Running tests/lane_reserve_only_shared_lane_qos_snapshot_duplicate_stability_bound.rs (/tmp/pon-contract-authority-20260929/target/debug/deps/lane_reserve_only_shared_lane_qos_snapshot_duplicate_stability_bound-2b83542005ed6c1a)

running 1 test
test reserve_only_shared_lane_duplicate_probe_keeps_qos_snapshot_stable_until_real_refill ... ok

test result: ok. 1 passed; 0 failed; 0 ignored; 0 measured; 0 filtered out; finished in 0.00s

     Running tests/lane_reserve_only_shared_lane_qos_snapshot_reopen_after_probe_noise_bound.rs (/tmp/pon-contract-authority-20260929/target/debug/deps/lane_reserve_only_shared_lane_qos_snapshot_reopen_after_probe_noise_bound-c1a20b6f85e0f160)

running 1 test
test reserve_only_shared_lane_probe_noise_keeps_qos_snapshot_flat_until_one_real_drain_reopens_both_classes ... ok

test result: ok. 1 passed; 0 failed; 0 ignored; 0 measured; 0 filtered out; finished in 0.00s

     Running tests/lane_reserved_slot_guard_retry_snapshot_stability_bound.rs (/tmp/pon-contract-authority-20260929/target/debug/deps/lane_reserved_slot_guard_retry_snapshot_stability_bound-f7a66c4f4f0a5383)

running 1 test
test guarded_last_critical_slot_keeps_qos_snapshot_stable_across_repeated_normal_retries ... ok

test result: ok. 1 passed; 0 failed; 0 ignored; 0 measured; 0 filtered out; finished in 0.00s

     Running tests/lane_saturated_duplicate_probe_warm_fairness_bound.rs (/tmp/pon-contract-authority-20260929/target/debug/deps/lane_saturated_duplicate_probe_warm_fairness_bound-79af5baed53d14af)

running 1 test
test saturated_duplicate_probe_noise_does_not_cool_warm_fairness_with_dual_backlog ... ok

test result: ok. 1 passed; 0 failed; 0 ignored; 0 measured; 0 filtered out; finished in 0.00s

     Running tests/lane_saturated_probe_warm_fairness_bound.rs (/tmp/pon-contract-authority-20260929/target/debug/deps/lane_saturated_probe_warm_fairness_bound-e1e827f7909b5b3c)

running 1 test
test saturated_fresh_probe_noise_does_not_cool_warm_fairness_with_dual_backlog ... ok

test result: ok. 1 passed; 0 failed; 0 ignored; 0 measured; 0 filtered out; finished in 0.00s

     Running tests/lane_saturation_probe_fairness_bound.rs (/tmp/pon-contract-authority-20260929/target/debug/deps/lane_saturation_probe_fairness_bound-3d72a77f22682127)

running 1 test
test saturated_duplicate_probes_do_not_disturb_next_fair_normal_turn ... ok

test result: ok. 1 passed; 0 failed; 0 ignored; 0 measured; 0 filtered out; finished in 0.00s

     Running tests/lane_spillover_backpressure_full_drain_reuse_bound.rs (/tmp/pon-contract-authority-20260929/target/debug/deps/lane_spillover_backpressure_full_drain_reuse_bound-c3f12df157dd7136)

running 4 tests
test repeated_spillover_backpressure_retries_stay_flat_across_a_small_burst ... ok
test spillover_backpressure_small_burst_keeps_duplicates_and_fresh_retries_bounded ... ok
test spillover_backpressured_cross_class_retries_leave_queue_accounting_flat_until_recovery ... ok
test spillover_backpressured_id_recovers_then_becomes_reusable_after_full_drain ... ok

test result: ok. 4 passed; 0 failed; 0 ignored; 0 measured; 0 filtered out; finished in 0.00s

     Running tests/lane_spillover_backpressure_recovery_idempotency_bound.rs (/tmp/pon-contract-authority-20260929/target/debug/deps/lane_spillover_backpressure_recovery_idempotency_bound-2ac316086f557693)

running 2 tests
test spillover_saturation_backpressured_id_recovers_after_one_drain_and_then_dedupes_globally ... ok
test spillover_saturation_preserves_duplicate_before_fresh_normal_retry_recovers ... ok

test result: ok. 2 passed; 0 failed; 0 ignored; 0 measured; 0 filtered out; finished in 0.00s

     Running tests/lane_spillover_duplicate_probe_fairness_bound.rs (/tmp/pon-contract-authority-20260929/target/debug/deps/lane_spillover_duplicate_probe_fairness_bound-ac15cb4d0903506a)

running 1 test
test duplicate_probe_against_spillovered_critical_does_not_cool_first_real_normal_turn ... ok

test result: ok. 1 passed; 0 failed; 0 ignored; 0 measured; 0 filtered out; finished in 0.00s

     Running tests/lane_spillover_duplicate_probe_full_drain_fairness_reset_bound.rs (/tmp/pon-contract-authority-20260929/target/debug/deps/lane_spillover_duplicate_probe_full_drain_fairness_reset_bound-96d2f2911cb0bd51)

running 1 test
test critical_spillover_duplicate_probe_full_drain_does_not_poison_next_mixed_batch_fairness ... ok

test result: ok. 1 passed; 0 failed; 0 ignored; 0 measured; 0 filtered out; finished in 0.00s

     Running tests/lane_spillover_fail_closed_public_contract_bound.rs (/tmp/pon-contract-authority-20260929/target/debug/deps/lane_spillover_fail_closed_public_contract_bound-5f5b5be9ca00e129)

running 1 test
test exhausted_spillover_headroom_keeps_public_qos_surface_fail_closed ... ok

test result: ok. 1 passed; 0 failed; 0 ignored; 0 measured; 0 filtered out; finished in 0.00s

     Running tests/lane_spillover_full_drain_retry_reuse_bound.rs (/tmp/pon-contract-authority-20260929/target/debug/deps/lane_spillover_full_drain_retry_reuse_bound-a766dda68d723140)

running 1 test
test spillover_duplicate_probe_id_can_reenter_as_fresh_after_full_drain ... ok

test result: ok. 1 passed; 0 failed; 0 ignored; 0 measured; 0 filtered out; finished in 0.00s

     Running tests/lane_spillover_idle_pop_reset_reuse_bound.rs (/tmp/pon-contract-authority-20260929/target/debug/deps/lane_spillover_idle_pop_reset_reuse_bound-ef8463f4d553efb5)

running 1 test
test repeated_empty_pop_after_spillover_full_drain_does_not_poison_cross_class_reuse_or_cold_progress ... ok

test result: ok. 1 passed; 0 failed; 0 ignored; 0 measured; 0 filtered out; finished in 0.00s

     Running tests/lane_spillover_pop_reuse_fairness_bound.rs (/tmp/pon-contract-authority-20260929/target/debug/deps/lane_spillover_pop_reuse_fairness_bound-210567a093539974)

running 1 test
test popped_spillover_id_can_reenter_without_cooling_warm_fairness ... ok

test result: ok. 1 passed; 0 failed; 0 ignored; 0 measured; 0 filtered out; finished in 0.00s

     Running tests/lane_spillover_post_head_probe_accounting_bound.rs (/tmp/pon-contract-authority-20260929/target/debug/deps/lane_spillover_post_head_probe_accounting_bound-3088fff726120aae)

running 1 test
test spillover_head_drain_probe_noise_keeps_queue_accounting_and_next_normal_turn_stable ... ok

test result: ok. 1 passed; 0 failed; 0 ignored; 0 measured; 0 filtered out; finished in 0.00s

     Running tests/lane_spillover_qos_snapshot_probe_stability_bound.rs (/tmp/pon-contract-authority-20260929/target/debug/deps/lane_spillover_qos_snapshot_probe_stability_bound-b8515c911b6a048c)

running 1 test
test spillover_qos_snapshot_stays_stable_across_saturated_fresh_and_duplicate_probe_noise ... ok

test result: ok. 1 passed; 0 failed; 0 ignored; 0 measured; 0 filtered out; finished in 0.00s

     Running tests/lane_spillover_recovered_qos_snapshot_duplicate_stability_bound.rs (/tmp/pon-contract-authority-20260929/target/debug/deps/lane_spillover_recovered_qos_snapshot_duplicate_stability_bound-08c24ae9930cb030)

running 1 test
test spillover_recovered_id_duplicate_probe_keeps_qos_snapshot_stable_until_next_real_drain ... ok

test result: ok. 1 passed; 0 failed; 0 ignored; 0 measured; 0 filtered out; finished in 0.00s

     Running tests/lane_spillover_recovered_retry_accounting_bound.rs (/tmp/pon-contract-authority-20260929/target/debug/deps/lane_spillover_recovered_retry_accounting_bound-1f17eb50bddb1b1b)

running 3 tests
test spillover_recovered_id_and_next_fresh_admit_keep_cross_class_dedup_and_queue_accounting_stable ... ok
test spillover_recovered_id_keeps_cross_class_duplicate_contract_without_queue_count_drift ... ok
test spillover_recovered_id_re_dedupes_without_perturbing_queue_accounting ... ok

test result: ok. 3 passed; 0 failed; 0 ignored; 0 measured; 0 filtered out; finished in 0.00s

     Running tests/lane_spillover_reentry_dedup_fairness_bound.rs (/tmp/pon-contract-authority-20260929/target/debug/deps/lane_spillover_reentry_dedup_fairness_bound-0d8905adfa26b7b7)

running 1 test
test spillover_head_reentry_rededupes_across_classes_without_cooling_next_real_normal_turn ... ok

test result: ok. 1 passed; 0 failed; 0 ignored; 0 measured; 0 filtered out; finished in 0.00s

     Running tests/lane_spillover_reopened_last_idle_reserve_recloses_qos_bound.rs (/tmp/pon-contract-authority-20260929/target/debug/deps/lane_spillover_reopened_last_idle_reserve_recloses_qos_bound-f327b7a784efeb33)

running 1 test
test spillover_reopened_last_idle_reserve_admits_one_fresh_normal_borrow_then_recloses_qos ... ok

test result: ok. 1 passed; 0 failed; 0 ignored; 0 measured; 0 filtered out; finished in 0.00s

     Running tests/lane_spillover_saturated_probe_fairness_bound.rs (/tmp/pon-contract-authority-20260929/target/debug/deps/lane_spillover_saturated_probe_fairness_bound-516721aac2f98e2e)

running 1 test
test spillover_warm_fairness_survives_saturated_fresh_probe_noise_before_first_real_normal_turn ... ok

test result: ok. 1 passed; 0 failed; 0 ignored; 0 measured; 0 filtered out; finished in 0.00s

     Running tests/lane_spillover_saturated_probe_full_drain_reuse_bound.rs (/tmp/pon-contract-authority-20260929/target/debug/deps/lane_spillover_saturated_probe_full_drain_reuse_bound-97a85379851bd68d)

running 1 test
test spillover_saturated_fresh_probe_noise_full_drain_allows_immediate_cross_class_reuse ... ok

test result: ok. 1 passed; 0 failed; 0 ignored; 0 measured; 0 filtered out; finished in 0.00s

     Running tests/lane_spillover_warm_persistence_bound.rs (/tmp/pon-contract-authority-20260929/target/debug/deps/lane_spillover_warm_persistence_bound-ae530fd18973bcd8)

running 1 test
test spillover_warm_fairness_stays_live_after_first_spillover_turn_with_refill_and_probe_noise ... ok

test result: ok. 1 passed; 0 failed; 0 ignored; 0 measured; 0 filtered out; finished in 0.00s

     Running tests/lane_spillover_warmup_fairness_bound.rs (/tmp/pon-contract-authority-20260929/target/debug/deps/lane_spillover_warmup_fairness_bound-69e38b1903eea8ef)

running 1 test
test critical_spillover_warms_fairness_for_subsequent_normal_backlog ... ok

test result: ok. 1 passed; 0 failed; 0 ignored; 0 measured; 0 filtered out; finished in 0.00s

     Running tests/lane_zero_capacity_cross_class_retry_contract_bound.rs (/tmp/pon-contract-authority-20260929/target/debug/deps/lane_zero_capacity_cross_class_retry_contract_bound-aeaa0c19f4654ea4)

running 1 test
test zero_capacity_cross_class_fresh_retry_noise_stays_fail_closed ... ok

test result: ok. 1 passed; 0 failed; 0 ignored; 0 measured; 0 filtered out; finished in 0.00s

     Running tests/lane_zero_capacity_distinct_probe_qos_stability_bound.rs (/tmp/pon-contract-authority-20260929/target/debug/deps/lane_zero_capacity_distinct_probe_qos_stability_bound-7cc80f1a129c3d8a)

running 1 test
test zero_total_capacity_distinct_cross_class_probe_noise_keeps_qos_snapshot_hard_stopped ... ok

test result: ok. 1 passed; 0 failed; 0 ignored; 0 measured; 0 filtered out; finished in 0.00s

     Running tests/lane_zero_capacity_idle_duplicate_metadata_bound.rs (/tmp/pon-contract-authority-20260929/target/debug/deps/lane_zero_capacity_idle_duplicate_metadata_bound-e7cecc0af5b96af0)

running 2 tests
test zero_total_capacity_idle_polls_do_not_change_retry_semantics_or_fabricate_queue_state ... ok
test zero_total_capacity_qos_snapshot_stays_hard_stopped_across_fresh_retry_noise_and_idle_polls ... ok

test result: ok. 2 passed; 0 failed; 0 ignored; 0 measured; 0 filtered out; finished in 0.00s

     Running tests/lane_zero_capacity_idle_poll_public_invariants_bound.rs (/tmp/pon-contract-authority-20260929/target/debug/deps/lane_zero_capacity_idle_poll_public_invariants_bound-d75a09a87cf71f9b)

running 1 test
test hard_stop_idle_polls_keep_public_queue_and_qos_invariants_flat_across_fresh_retry_noise ... ok

test result: ok. 1 passed; 0 failed; 0 ignored; 0 measured; 0 filtered out; finished in 0.00s

     Running tests/lane_zero_capacity_public_contract_bound.rs (/tmp/pon-contract-authority-20260929/target/debug/deps/lane_zero_capacity_public_contract_bound-6d418324942e6fff)

running 1 test
test zero_total_capacity_keeps_fresh_retries_backpressured_without_duplicate_poisoning ... ok

test result: ok. 1 passed; 0 failed; 0 ignored; 0 measured; 0 filtered out; finished in 0.00s

     Running tests/lane_zero_capacity_restored_duplicate_qos_contract_bound.rs (/tmp/pon-contract-authority-20260929/target/debug/deps/lane_zero_capacity_restored_duplicate_qos_contract_bound-87864e036e5a6d80)

running 1 test
test reserve_only_backpressured_retry_keeps_public_qos_surface_frozen_until_real_drain ... ok

test result: ok. 1 passed; 0 failed; 0 ignored; 0 measured; 0 filtered out; finished in 0.00s

     Running tests/lane_zero_reserve_duplicate_probe_recovery_bound.rs (/tmp/pon-contract-authority-20260929/target/debug/deps/lane_zero_reserve_duplicate_probe_recovery_bound-29aa1b2623bb3fd3)

running 1 test
test zero_reserve_spillover_duplicate_probe_does_not_block_fresh_retry_after_one_drain ... ok

test result: ok. 1 passed; 0 failed; 0 ignored; 0 measured; 0 filtered out; finished in 0.00s

     Running tests/lane_zero_reserve_full_drain_fairness_reset_bound.rs (/tmp/pon-contract-authority-20260929/target/debug/deps/lane_zero_reserve_full_drain_fairness_reset_bound-d8ec11e2b1f594e3)

running 1 test
test zero_reserve_full_drain_resets_fairness_so_fresh_critical_is_not_delayed ... ok

test result: ok. 1 passed; 0 failed; 0 ignored; 0 measured; 0 filtered out; finished in 0.00s

     Running tests/lane_zero_reserve_full_drain_retry_reuse_bound.rs (/tmp/pon-contract-authority-20260929/target/debug/deps/lane_zero_reserve_full_drain_retry_reuse_bound-bbf0b20ac40c0bc9)

running 1 test
test zero_reserve_saturated_retry_then_full_drain_allows_cross_class_reuse_of_same_id ... ok

test result: ok. 1 passed; 0 failed; 0 ignored; 0 measured; 0 filtered out; finished in 0.00s

     Running tests/lane_zero_reserve_full_drain_reuse_bound.rs (/tmp/pon-contract-authority-20260929/target/debug/deps/lane_zero_reserve_full_drain_reuse_bound-6a31f32dadca43d1)

running 1 test
test zero_reserve_full_drain_allows_cross_class_reuse_without_stale_duplicate_state ... ok

test result: ok. 1 passed; 0 failed; 0 ignored; 0 measured; 0 filtered out; finished in 0.00s

     Running tests/lane_zero_reserve_idle_pop_reset_bound.rs (/tmp/pon-contract-authority-20260929/target/debug/deps/lane_zero_reserve_idle_pop_reset_bound-981d53c2b5823e22)

running 1 test
test repeated_empty_pop_after_zero_reserve_full_drain_does_not_poison_next_batch_reuse_or_priority ... ok

test result: ok. 1 passed; 0 failed; 0 ignored; 0 measured; 0 filtered out; finished in 0.00s

     Running tests/lane_zero_reserve_idle_reuse_spillover_bound.rs (/tmp/pon-contract-authority-20260929/target/debug/deps/lane_zero_reserve_idle_reuse_spillover_bound-e5a5805824674464)

running 1 test
test zero_reserve_full_drain_allows_reuse_of_prior_critical_spillover_id_in_next_mixed_batch ... ok

test result: ok. 1 passed; 0 failed; 0 ignored; 0 measured; 0 filtered out; finished in 0.00s

     Running tests/lane_zero_reserve_qos_snapshot_probe_stability_bound.rs (/tmp/pon-contract-authority-20260929/target/debug/deps/lane_zero_reserve_qos_snapshot_probe_stability_bound-adc665c8f4222abe)

running 1 test
test zero_reserve_qos_snapshot_stays_stable_across_saturated_fresh_and_duplicate_probe_noise ... ok

test result: ok. 1 passed; 0 failed; 0 ignored; 0 measured; 0 filtered out; finished in 0.00s

     Running tests/lane_zero_reserve_qos_snapshot_reopen_after_one_drain_bound.rs (/tmp/pon-contract-authority-20260929/target/debug/deps/lane_zero_reserve_qos_snapshot_reopen_after_one_drain_bound-e01901fb8d6eafb4)

running 1 test
test zero_reserve_qos_snapshot_reopens_both_classes_after_one_shared_slot_drains ... ok

test result: ok. 1 passed; 0 failed; 0 ignored; 0 measured; 0 filtered out; finished in 0.00s

     Running tests/lane_zero_reserve_qos_snapshot_reopen_after_probe_noise_bound.rs (/tmp/pon-contract-authority-20260929/target/debug/deps/lane_zero_reserve_qos_snapshot_reopen_after_probe_noise_bound-15f290985460ff85)

running 1 test
test zero_reserve_probe_noise_keeps_qos_snapshot_flat_until_one_real_drain_reopens_both_classes ... ok

test result: ok. 1 passed; 0 failed; 0 ignored; 0 measured; 0 filtered out; finished in 0.00s

     Running tests/lane_zero_reserve_shared_fifo_bound.rs (/tmp/pon-contract-authority-20260929/target/debug/deps/lane_zero_reserve_shared_fifo_bound-7b95d9fa6af86ded)

running 1 test
test zero_reserve_mixed_ingress_preserves_shared_queue_fifo_order ... ok

test result: ok. 1 passed; 0 failed; 0 ignored; 0 measured; 0 filtered out; finished in 0.00s

     Running tests/lane_zero_reserve_single_slot_boundary_bound.rs (/tmp/pon-contract-authority-20260929/target/debug/deps/lane_zero_reserve_single_slot_boundary_bound-d27aa27af2f1da4f)

running 1 test
test zero_reserve_single_shared_slot_preserves_fail_closed_and_reopen_contract ... ok

test result: ok. 1 passed; 0 failed; 0 ignored; 0 measured; 0 filtered out; finished in 0.00s

     Running tests/lane_zero_reserve_spillover_idempotency_bound.rs (/tmp/pon-contract-authority-20260929/target/debug/deps/lane_zero_reserve_spillover_idempotency_bound-741b236b7205189f)

running 2 tests
test zero_reserve_critical_spillover_retry_stays_fresh_until_drain_and_then_dedupes ... ok
test zero_reserve_full_drain_resets_cross_class_reuse_without_stale_duplicate_state ... ok

test result: ok. 2 passed; 0 failed; 0 ignored; 0 measured; 0 filtered out; finished in 0.00s

     Running tests/typed_admission_contract.rs (/tmp/pon-contract-authority-20260929/target/debug/deps/typed_admission_contract-436c239d2ea1e772)

running 1 test
test typed_admission_stays_key_free_and_explicitly_non_durable ... ok

test result: ok. 1 passed; 0 failed; 0 ignored; 0 measured; 0 filtered out; finished in 0.00s

     Running unittests src/lib.rs (/tmp/pon-contract-authority-20260929/target/debug/deps/trnm_mvcc_fee-05e2bf18a4552dd6)

running 27 tests
test deterministic_parallel_v1::tests::canonical_indices_and_unique_transaction_ids_are_required ... ok
test deterministic_parallel_v1::tests::fee_limit_and_worker_bounds_fail_closed ... ok
test deterministic_parallel_v1::tests::reverted_and_out_of_resource_never_write ... ok
test deterministic_parallel_v1::tests::undeclared_access_and_noncanonical_sets_fail_closed ... ok
test deterministic_parallel_v1::tests::worker_count_does_not_change_roots_or_receipts ... ok
test store::object_delta_tests::object_delta_detects_committed_parent_drift_before_first_write_v1 ... ok
test store::object_delta_tests::object_delta_empty_initialization_and_noop_have_exact_write_counts_v1 ... ok
test store::object_delta_tests::object_delta_insert_update_delete_matches_complete_target_v1 ... ok
test store::object_delta_tests::object_delta_parent_drift_under_write_lock_rejects_and_rolls_back_v1 ... ok
test store::object_delta_tests::object_delta_sqlite_full_after_partial_writes_rolls_back_exactly_v1 ... ok
test store::object_delta_tests::object_delta_unexpected_parent_row_is_not_erased_v1 ... ok
test tests::committed_sparse_block_writes_only_changed_objects_and_replays_exactly_v1 ... ok
test tests::conflicts_outcomes_resources_and_fee_reduction_are_deterministic ... ok
test tests::crash_outcomes_reopen_to_exact_source_target_or_fence ... ok
test tests::exact_replay_and_parent_identity_are_fail_closed ... ok
test tests::execution_preview_executes_full_fee_path_without_advancing_the_store ... ok
test tests::open_existing_requires_precreated_regular_nonsymlink_store ... ok
test tests::parallel_execution_tests::hotspot_revert_and_resource_exhaustion_match_sequential_journal_oracle ... ok
test tests::parallel_execution_tests::multiple_speculative_failures_report_the_canonical_transaction_error ... ok
test tests::parallel_execution_tests::speculative_insufficient_funds_is_retried_after_predecessor_funds_payer_or_source ... ok
test tests::parallel_execution_tests::stale_speculative_success_cannot_publish_when_canonical_payer_is_exhausted ... ok
test tests::parallel_execution_tests::workers_compute_program_meter_fees_and_successors_on_immutable_parent ... ok
test tests::persistent_parallel_worker_count_bounds_fail_closed ... ok
test tests::persistent_parallel_worker_counts_reopen_to_identical_canonical_results ... ok
test tests::schema_sidecar_and_self_consistent_row_tamper_fail_closed ... ok
test tests::static_access_fee_and_arithmetic_mutants_fail_before_commit ... ok
test tests::vector_inventory_matches_executable_candidate_assertions ... ok

test result: ok. 27 passed; 0 failed; 0 ignored; 0 measured; 0 filtered out; finished in 5.22s

     Running unittests examples/pon_execute.rs (/tmp/pon-contract-authority-20260929/target/debug/examples/pon_execute-bfc28a3cf6a766e2)

running 0 tests

test result: ok. 0 passed; 0 failed; 0 ignored; 0 measured; 0 filtered out; finished in 0.00s

     Running unittests src/lib.rs (/tmp/pon-contract-authority-20260929/target/debug/deps/trnm_oracle-821acaca040af09d)

running 118 tests
test tests::accepts_deserialized_repeated_observations_with_matching_hash ... ok
test tests::accepts_deserialized_sample_count_exactly_at_update_rate_cap_with_matching_hash ... ok
test tests::accepts_deserialized_snapshot_timestamp_exactly_at_window_end_boundary ... ok
test tests::accepts_deserialized_zero_width_window_at_boundary_with_matching_hash ... ok
test tests::accepts_policy_when_max_deviation_bps_hits_guardrail_cap ... ok
test tests::accepts_policy_when_min_sources_matches_update_rate_cap ... ok
test tests::accepts_repeated_observations_when_sample_count_exceeds_unique_sources ... ok
test tests::accepts_sample_count_exactly_at_update_rate_cap ... ok
test tests::accepts_snapshot_timestamp_exactly_at_window_end_boundary ... ok
test tests::accepts_zero_width_window_at_boundary ... ok
test tests::bridge_contract_consistent_accepts_unclassified_update_rate_fail_closed_report ... ok
test tests::bridge_contract_consistent_rejects_accepted_report_with_zero_source_cardinality ... ok
test tests::bridge_contract_consistent_rejects_blank_unclassified_error_label ... ok
test tests::bridge_contract_consistent_rejects_classified_error_label_without_classified_counters ... ok
test tests::bridge_contract_consistent_rejects_empty_bridge_sample_even_when_counters_align ... ok
test tests::bridge_contract_consistent_rejects_metrics_sample_count_mismatch ... ok
test tests::bridge_contract_consistent_rejects_ok_error_coherence_drift ... ok
test tests::bridge_contract_consistent_rejects_unclassified_error_label_with_classified_counters ... ok
test tests::deviation_bps_saturates_at_cap_for_extreme_values ... ok
test tests::observation_helpers_keep_unclassified_errors_out_of_classified_totals ... ok
test tests::observation_helpers_match_metrics_helpers_for_classified_outcomes ... ok
test tests::observed_report_accepts_exact_match_under_zero_deviation_policy ... ok
test tests::observed_report_accepts_sample_count_exactly_at_update_rate_cap ... ok
test tests::observed_report_accepts_snapshot_timestamp_exactly_at_window_end_boundary ... ok
test tests::observed_report_caps_extreme_drift_boundary_to_guardrail_ceiling ... ok
test tests::observed_report_classifies_empty_snapshot_hash_as_quorum_failure ... ok
test tests::observed_report_classifies_empty_source_id_as_quorum_failure ... ok
test tests::observed_report_classifies_future_snapshot_as_stale_temporal_failure ... ok
test tests::observed_report_classifies_invalid_snapshot_hash_format_as_quorum_failure ... ok
test tests::observed_report_classifies_non_canonical_snapshot_hash_as_quorum_failure ... ok
test tests::observed_report_classifies_non_canonical_source_id_as_quorum_failure ... ok
test tests::observed_report_classifies_non_canonical_source_ordering_as_quorum_failure ... ok
test tests::observed_report_deduplicates_mixed_alias_blank_and_duplicate_sources_for_cardinality ... ok
test tests::observed_report_deduplicates_tab_and_newline_wrapped_source_aliases_for_cardinality ... ok
test tests::observed_report_excludes_all_blank_source_ids_from_canonical_source_cardinality ... ok
test tests::observed_report_excludes_blank_source_ids_from_canonical_source_cardinality ... ok
test tests::observed_report_helpers_exclude_unclassified_errors_from_reject_total ... ok
test tests::observed_report_keeps_single_snapshot_source_cardinality_on_unclassified_error ... ok
test tests::observed_report_keeps_source_cardinality_distinct_from_repeated_observation_count ... ok
test tests::observed_report_keeps_source_cardinality_on_invalid_quorum_floor_policy_error ... ok
test tests::observed_report_keeps_source_cardinality_on_zero_staleness_policy_error ... ok
test tests::observed_report_keeps_source_cardinality_on_zero_update_rate_policy_error ... ok
test tests::observed_report_maps_drift_rejection_to_stable_error_label ... ok
test tests::observed_report_maps_future_snapshot_to_stale_error_label ... ok
test tests::observed_report_maps_inconsistent_sample_count_to_quorum_error_label ... ok
test tests::observed_report_maps_invalid_window_timestamp_to_stale_without_counter_drift ... ok
test tests::observed_report_maps_invalid_window_to_stale_without_counter_drift ... ok
test tests::observed_report_maps_quorum_rejection_to_stable_error_label ... ok
test tests::observed_report_maps_stale_rejection_to_stable_error_label ... ok
test tests::observed_report_maps_success_to_stable_metrics_contract ... ok
test tests::observed_report_maps_update_rate_rejection_to_stable_error_label ... ok
test tests::observed_report_prefers_future_stale_label_over_quorum_and_drift_failures ... ok
test tests::observed_report_prefers_future_stale_label_over_rate_failure ... ok
test tests::observed_report_preserves_canonical_source_cardinality_under_empty_feed_guard ... ok
test tests::observed_report_preserves_empty_feed_id_error_without_counter_drift ... ok
test tests::observed_report_preserves_exact_drift_boundary_as_drift_label ... ok
test tests::observed_report_preserves_invalid_policy_error_without_counter_drift ... ok
test tests::observed_report_preserves_invalid_quorum_floor_policy_error_without_counter_drift ... ok
test tests::observed_report_preserves_non_canonical_feed_id_error_without_counter_drift ... ok
test tests::observed_report_preserves_single_snapshot_counter_conservation_for_classified_outcomes ... ok
test tests::observed_report_preserves_snapshot_hash_mismatch_details_with_classified_quorum_failure ... ok
test tests::observed_report_preserves_snapshot_hash_mismatch_details_with_quorum_accounting ... ok
test tests::observed_report_preserves_source_cardinality_on_future_snapshot_stale_label ... ok
test tests::observed_report_preserves_unsorted_source_error_without_counter_drift ... ok
test tests::observed_report_preserves_zero_deviation_boundary_as_drift_label ... ok
test tests::observed_report_preserves_zero_sample_count_error_without_counter_drift ... ok
test tests::observed_report_preserves_zero_staleness_policy_error_without_counter_drift ... ok
test tests::observed_report_preserves_zero_update_rate_policy_error_without_counter_drift ... ok
test tests::observed_report_treats_deserialized_duplicate_sources_as_contract_consistent_quorum_failure ... ok
test tests::observed_report_treats_exact_staleness_boundary_as_accepted_without_counter_drift ... ok
test tests::observed_report_uses_canonical_source_cardinality_for_deserialized_duplicates ... ok
test tests::observed_report_uses_canonical_source_cardinality_for_deserialized_source_aliases ... ok
test tests::policy_accepts_snapshot_exactly_at_staleness_boundary ... ok
test tests::rejects_deserialized_blank_snapshot_hash_before_digest_compare ... ok
test tests::rejects_deserialized_duplicate_source_aliases_even_with_matching_hash ... ok
test tests::rejects_deserialized_duplicate_sources_even_with_matching_hash ... ok
test tests::rejects_deserialized_empty_feed_id_even_with_matching_hash ... ok
test tests::rejects_deserialized_empty_source_id_even_with_matching_hash ... ok
test tests::rejects_deserialized_insufficient_sources_even_with_matching_hash ... ok
test tests::rejects_deserialized_invalid_window_even_with_matching_hash ... ok
test tests::rejects_deserialized_non_canonical_feed_id_even_with_matching_hash ... ok
test tests::rejects_deserialized_non_canonical_snapshot_hash_before_digest_compare ... ok
test tests::rejects_deserialized_non_canonical_source_id_even_with_matching_hash ... ok
test tests::rejects_deserialized_non_canonical_source_ordering_even_with_matching_hash ... ok
test tests::rejects_deserialized_snapshot_timestamp_before_window_end ... ok
test tests::rejects_deserialized_unsorted_sources_even_with_matching_hash ... ok
test tests::rejects_deserialized_zero_sample_count_even_with_matching_hash ... ok
test tests::rejects_deviation_exactly_at_threshold ... ok
test tests::rejects_deviation_exceeded ... ok
test tests::rejects_duplicate_sources_when_building_snapshot ... ok
test tests::rejects_empty_feed_id_when_building_snapshot ... ok
test tests::rejects_feed_id_with_internal_whitespace_and_control_chars ... ok
test tests::rejects_future_snapshot_timestamp ... ok
test tests::rejects_insufficient_sources ... ok
test tests::rejects_non_canonical_feed_id_when_building_snapshot ... ok
test tests::rejects_non_canonical_source_id_when_building_snapshot ... ok
test tests::rejects_policy_when_max_staleness_is_zero ... ok
test tests::rejects_policy_when_max_update_rate_is_zero ... ok
test tests::rejects_policy_when_min_sources_exceeds_update_rate_cap ... ok
test tests::rejects_policy_when_min_sources_is_zero ... ok
test tests::rejects_sample_count_above_update_rate_cap ... ok
test tests::rejects_sample_count_below_distinct_source_count ... ok
test tests::rejects_sample_count_below_source_cardinality ... ok
test tests::rejects_snapshot_timestamp_before_window_end_when_building_snapshot ... ok
test tests::rejects_stale_snapshot ... ok
test tests::rejects_zero_sample_count_as_invalid_accounting ... ok
test tests::rejects_zero_sample_count_even_when_multiple_sources_are_present ... ok
test tests::snapshot_hash_is_reproducible ... ok
test tests::sorts_sources_canonically_when_building_snapshot ... ok
test tests::source_id_parse_rejects_internal_whitespace_and_control_chars ... ok
test tests::source_id_parse_rejects_non_canonical_whitespace_and_uppercase ... ok
test tests::source_order_canonicalization_stabilizes_snapshot_hash ... ok
test tests::validate_hash_rejects_non_hex_snapshot_digest_surface ... ok
test tests::validate_hash_rejects_short_snapshot_digest_surface ... ok
test tests::validate_hash_rejects_uppercase_snapshot_digest_surface ... ok
test tests::validate_hash_rejects_whitespace_padded_snapshot_digest_surface ... ok
test tests::zero_baseline_cap_boundary_is_treated_as_drift_guardrail ... ok
test tests::zero_deviation_policy_accepts_only_exact_median_matches ... ok

test result: ok. 118 passed; 0 failed; 0 ignored; 0 measured; 0 filtered out; finished in 0.03s

     Running unittests src/lib.rs (/tmp/pon-contract-authority-20260929/target/debug/deps/trnm_peer_lease-50fd7d9d736d980a)

running 94 tests
test payload::tests::context_and_direction_are_part_of_the_fence ... FAILED
test payload::tests::directory_owner_survives_child_publication_and_reopen_v1 ... FAILED
test payload::tests::endpoint_identity_rejects_head_and_lock_replacement_before_admit ... FAILED
test payload::tests::endpoint_identity_rejects_lookup_slot_conflict ... FAILED
test payload::tests::endpoint_identity_rejects_wal_replacement_before_lookup ... FAILED
test payload::tests::exact_lookup_checks_context_before_index_and_poisoned_head ... FAILED
test payload::tests::exact_lookup_recovers_receipt_across_reopen_and_rejects_slot_conflicts ... FAILED
test payload::tests::generation_and_sequence_are_durable_and_strict ... FAILED
test payload::tests::generation_successor_fails_closed_at_u64_max ... ok
test payload::tests::head_temp_paths_use_a_process_nonce ... ok
test payload::tests::oversized_payload_wal_is_rejected_before_snapshot_allocation ... FAILED
test payload::tests::post_append_failures_have_an_explicit_ambiguous_commit_marker ... ok
test payload::tests::private_file_validation_rejects_directories_and_symlink_aliased_parents ... ok
test payload::tests::stale_head_publication_requires_recovery ... FAILED
test payload::tests::stale_head_scan_is_bounded_before_directory_fanout ... ok
test payload::tests::truncation_mutation_and_prefix_sidecar_fail_closed ... FAILED
test payload_body::tests::conflicting_duplicate_body_or_metadata_is_rejected ... FAILED
test payload_body::tests::durable_publication_sidecars_are_private ... FAILED
test payload_body::tests::endpoint_identity_rejects_body_head_replacement_before_refresh ... FAILED
test payload_body::tests::endpoint_identity_rejects_body_lock_replacement_before_admit ... FAILED
test payload_body::tests::endpoint_identity_rejects_body_wal_replacement_before_resolve ... FAILED
test payload_body::tests::exact_body_roundtrip_reopen_and_idempotent_duplicate ... FAILED
test payload_body::tests::head_mutation_and_receipt_mismatch_fail_closed ... FAILED
test payload_body::tests::length_mismatch_is_rejected_before_append ... FAILED
test payload_body::tests::private_paths_and_retained_head_temporary_fail_closed ... FAILED
test payload_body::tests::truncation_and_body_tamper_fail_closed_on_reopen ... FAILED
test payload_recovery::projection_tests::canonical_projection_round_trips_all_status_shapes ... ok
test payload_recovery::projection_tests::owner_status_projection_reuses_endpoint_fence ... FAILED
test payload_recovery::projection_tests::projection_decoder_rejects_tamper_and_trailing_bytes ... ok
test payload_recovery::projection_tests::projection_digest_binds_target_and_status ... ok
test payload_recovery::projection_tests::projection_is_self_consistent_and_candidate_only ... ok
test payload_recovery::recovery_socket::socket_tests::client_transport_errors_are_not_owner_fatal ... ok
test payload_recovery::recovery_socket::socket_tests::error_message_is_bounded_without_promoting_truth ... ok
test payload_recovery::recovery_socket::socket_tests::recovery_socket_directory_pin_allows_children_but_rejects_replacement_v1 ... FAILED
test payload_recovery::recovery_socket::socket_tests::request_shapes_are_fixed_and_ack_binds_exact_digest ... ok
test payload_recovery::recovery_socket::socket_tests::socket_path_rejects_traversal_and_long_names ... ok
test payload_recovery::recovery_socket::socket_tests::truncated_and_slow_client_frames_are_tagged_client_scoped ... ok
test payload_recovery::tests::acknowledgement_requires_publication_recovery_first ... FAILED
test payload_recovery::tests::broad_acknowledgement_root_is_rejected ... FAILED
test payload_recovery::tests::conflicting_acknowledgement_fails_closed ... FAILED
test payload_recovery::tests::endpoint_identity_rejects_acknowledgement_root_replacement_after_open ... FAILED
test payload_recovery::tests::endpoint_identity_rejects_head_replacement_after_open ... FAILED
test payload_recovery::tests::endpoint_identity_rejects_lock_replacement_after_open ... FAILED
test payload_recovery::tests::endpoint_identity_rejects_payload_replacement_after_open ... FAILED
test payload_recovery::tests::exact_one_record_head_lag_and_retained_temp_are_recovered ... FAILED
test payload_recovery::tests::head_lag_longer_than_one_target_record_is_rejected ... FAILED
test payload_recovery::tests::live_payload_owner_blocks_external_recovery_owner ... FAILED
test payload_recovery::tests::mismatched_target_fails_before_acknowledgement ... FAILED
test payload_recovery::tests::recovery_rejects_oversized_wal_before_snapshot_allocation ... ok
test payload_recovery::tests::recovery_temporary_path_collections_are_bounded ... ok
test payload_recovery::tests::reports_admitted_then_acknowledged_and_reopens_idempotently ... FAILED
test payload_recovery::tests::retained_ack_temporary_is_an_ambiguous_stop_condition ... FAILED
test payload_recovery::tests::symlinked_head_temporary_is_rejected ... FAILED
test payload_recovery::tests::tampered_acknowledgement_is_rejected ... FAILED
test payload_recovery::tests::two_link_ack_publication_residue_is_ambiguous ... FAILED
test payload_recovery::tests::wrong_namespace_fails_full_wal_replay ... FAILED
test protocol::tests::malformed_and_partial_frames_fail_closed ... ok
test protocol::tests::request_and_response_round_trip_are_exact ... ok
test protocol::tests::unauthorized_peer_rejection_round_trips ... ok
test source_truth_tests::activation_and_credential_boundaries_remain_false ... ok
test store::tests::acquire_retry_for_same_session_is_idempotent_after_durable_commit ... FAILED
test store::tests::anchor_publication_failure_poisoned_store_cannot_continue ... FAILED
test store::tests::anchor_temp_paths_use_a_process_nonce ... ok
test store::tests::authority_files_reject_hardlink_aliases ... ok
test store::tests::byte_tamper_and_partial_record_are_fail_stop ... FAILED
test store::tests::clock_rollback_and_second_store_open_fail_closed ... FAILED
test store::tests::expiry_observation_cannot_be_undone_by_live_clock_rollback_v1 ... FAILED
test store::tests::journal_restarts_and_fences_stale_generation ... FAILED
test store::tests::open_creates_missing_parent_components_private ... FAILED
test store::tests::oversized_anchor_is_rejected_before_allocation ... FAILED
test store::tests::oversized_journal_is_rejected_before_replay_read ... FAILED
test store::tests::read_and_exact_retry_share_live_clock_floor_without_journal_writes_v1 ... FAILED
test store::tests::replay_rejects_observed_clock_rollback ... FAILED
test store::tests::stale_anchor_publication_requires_recovery ... FAILED
test unix::connection_service::tests::actual_authority_failure_is_not_a_connection_failure ... FAILED
test unix::connection_service::tests::fragmented_request_keeps_original_deadline_without_store_effects ... FAILED
test unix::connection_service::tests::header_rejects_oversize_before_body_allocation_or_authority ... FAILED
test unix::connection_service::tests::zero_daemon_timeout_rejects_before_creating_authority_state ... ok
test unix::tests::authority_fault_keeps_priority_over_response_deadline_v1 ... FAILED
test unix::tests::backpressured_writer_retains_one_absolute_deadline_v1 ... ok
test unix::tests::binding_digest_is_stable_and_changes_on_socket_replacement ... FAILED
test unix::tests::client_connect_rejects_expired_deadline_before_syscall ... ok
test unix::tests::client_deadline_covers_fragmented_response_as_one_operation ... FAILED
test unix::tests::client_request_shape_binds_direction_and_token_fields ... ok
test unix::tests::committed_lease_after_deadline_has_no_success_response_v1 ... FAILED
test unix::tests::complete_response_survives_peer_close_before_reader_v1 ... ok
test unix::tests::daemon_deadline_covers_fragmented_request_as_one_operation ... FAILED
test unix::tests::daemon_response_write_rejects_expired_operation_deadline ... ok
test unix::tests::journal_io_is_fatal_even_with_a_socket_like_error_kind_v1 ... ok
test unix::tests::lease_response_loss_retains_exact_acquire_retry_v1 ... FAILED
test unix::tests::peer_authorization_matches_effective_uid_only ... ok
test unix::tests::socket_cleanup_guard_does_not_remove_replacement_inode ... ok
test unix::tests::socket_path_validation_rejects_traversal_length_and_sidecar_collisions ... ok
test unix::tests::truncated_closed_response_is_eof_not_a_timeout_setup_failure_v1 ... ok

failures:

---- payload::tests::context_and_direction_are_part_of_the_fence stdout ----

thread 'payload::tests::context_and_direction_are_part_of_the_fence' (1191987) panicked at crates/trnm-peer-lease/src/payload.rs:2264:63:
called `Result::unwrap()` on an `Err` value: InvalidRequest("journal parent ancestry must not be group/world writable")
note: run with `RUST_BACKTRACE=1` environment variable to display a backtrace

---- payload::tests::directory_owner_survives_child_publication_and_reopen_v1 stdout ----

thread 'payload::tests::directory_owner_survives_child_publication_and_reopen_v1' (1191988) panicked at crates/trnm-peer-lease/src/payload.rs:1894:63:
called `Result::unwrap()` on an `Err` value: InvalidRequest("journal parent ancestry must not be group/world writable")

---- payload::tests::endpoint_identity_rejects_head_and_lock_replacement_before_admit stdout ----

thread 'payload::tests::endpoint_identity_rejects_head_and_lock_replacement_before_admit' (1191989) panicked at crates/trnm-peer-lease/src/payload.rs:2459:63:
called `Result::unwrap()` on an `Err` value: InvalidRequest("journal parent ancestry must not be group/world writable")

---- payload::tests::endpoint_identity_rejects_lookup_slot_conflict stdout ----

thread 'payload::tests::endpoint_identity_rejects_lookup_slot_conflict' (1191990) panicked at crates/trnm-peer-lease/src/payload.rs:2416:63:
called `Result::unwrap()` on an `Err` value: InvalidRequest("journal parent ancestry must not be group/world writable")

---- payload::tests::endpoint_identity_rejects_wal_replacement_before_lookup stdout ----

thread 'payload::tests::endpoint_identity_rejects_wal_replacement_before_lookup' (1191991) panicked at crates/trnm-peer-lease/src/payload.rs:2372:63:
called `Result::unwrap()` on an `Err` value: InvalidRequest("journal parent ancestry must not be group/world writable")

---- payload::tests::exact_lookup_checks_context_before_index_and_poisoned_head stdout ----

thread 'payload::tests::exact_lookup_checks_context_before_index_and_poisoned_head' (1191992) panicked at crates/trnm-peer-lease/src/payload.rs:2170:63:
called `Result::unwrap()` on an `Err` value: InvalidRequest("journal parent ancestry must not be group/world writable")

---- payload::tests::exact_lookup_recovers_receipt_across_reopen_and_rejects_slot_conflicts stdout ----

thread 'payload::tests::exact_lookup_recovers_receipt_across_reopen_and_rejects_slot_conflicts' (1191993) panicked at crates/trnm-peer-lease/src/payload.rs:2113:63:
called `Result::unwrap()` on an `Err` value: InvalidRequest("journal parent ancestry must not be group/world writable")

---- payload::tests::generation_and_sequence_are_durable_and_strict stdout ----

thread 'payload::tests::generation_and_sequence_are_durable_and_strict' (1191994) panicked at crates/trnm-peer-lease/src/payload.rs:1938:63:
called `Result::unwrap()` on an `Err` value: InvalidRequest("journal parent ancestry must not be group/world writable")

---- payload::tests::oversized_payload_wal_is_rejected_before_snapshot_allocation stdout ----

thread 'payload::tests::oversized_payload_wal_is_rejected_before_snapshot_allocation' (1191997) panicked at crates/trnm-peer-lease/src/payload.rs:2060:9:
assertion failed: matches!(PayloadReplayStoreV1::open(&path, namespace()),
    Err(PayloadReplayErrorV1::TooLarge))

---- payload::tests::stale_head_publication_requires_recovery stdout ----

thread 'payload::tests::stale_head_publication_requires_recovery' (1192000) panicked at crates/trnm-peer-lease/src/payload.rs:2323:9:
assertion failed: matches!(PayloadReplayStoreV1::open(&path, namespace()),
    Err(PayloadReplayErrorV1::Corrupt))

---- payload::tests::truncation_mutation_and_prefix_sidecar_fail_closed stdout ----

thread 'payload::tests::truncation_mutation_and_prefix_sidecar_fail_closed' (1192030) panicked at crates/trnm-peer-lease/src/payload.rs:2210:63:
called `Result::unwrap()` on an `Err` value: InvalidRequest("journal parent ancestry must not be group/world writable")

---- payload_body::tests::conflicting_duplicate_body_or_metadata_is_rejected stdout ----

thread 'payload_body::tests::conflicting_duplicate_body_or_metadata_is_rejected' (1192032) panicked at crates/trnm-peer-lease/src/payload_body.rs:1260:67:
called `Result::unwrap()` on an `Err` value: InvalidRequest("journal parent ancestry must not be group/world writable")

---- payload_body::tests::durable_publication_sidecars_are_private stdout ----

thread 'payload_body::tests::durable_publication_sidecars_are_private' (1192033) panicked at crates/trnm-peer-lease/src/payload_body.rs:1399:67:
called `Result::unwrap()` on an `Err` value: InvalidRequest("journal parent ancestry must not be group/world writable")

---- payload_body::tests::endpoint_identity_rejects_body_head_replacement_before_refresh stdout ----

thread 'payload_body::tests::endpoint_identity_rejects_body_head_replacement_before_refresh' (1192034) panicked at crates/trnm-peer-lease/src/payload_body.rs:1438:67:
called `Result::unwrap()` on an `Err` value: InvalidRequest("journal parent ancestry must not be group/world writable")

---- payload_body::tests::endpoint_identity_rejects_body_lock_replacement_before_admit stdout ----

thread 'payload_body::tests::endpoint_identity_rejects_body_lock_replacement_before_admit' (1192035) panicked at crates/trnm-peer-lease/src/payload_body.rs:1461:67:
called `Result::unwrap()` on an `Err` value: InvalidRequest("journal parent ancestry must not be group/world writable")

---- payload_body::tests::endpoint_identity_rejects_body_wal_replacement_before_resolve stdout ----

thread 'payload_body::tests::endpoint_identity_rejects_body_wal_replacement_before_resolve' (1192036) panicked at crates/trnm-peer-lease/src/payload_body.rs:1416:67:
called `Result::unwrap()` on an `Err` value: InvalidRequest("journal parent ancestry must not be group/world writable")

---- payload_body::tests::exact_body_roundtrip_reopen_and_idempotent_duplicate stdout ----

thread 'payload_body::tests::exact_body_roundtrip_reopen_and_idempotent_duplicate' (1192037) panicked at crates/trnm-peer-lease/src/payload_body.rs:1234:67:
called `Result::unwrap()` on an `Err` value: InvalidRequest("journal parent ancestry must not be group/world writable")

---- payload_body::tests::head_mutation_and_receipt_mismatch_fail_closed stdout ----

thread 'payload_body::tests::head_mutation_and_receipt_mismatch_fail_closed' (1192038) panicked at crates/trnm-peer-lease/src/payload_body.rs:1305:67:
called `Result::unwrap()` on an `Err` value: InvalidRequest("journal parent ancestry must not be group/world writable")

---- payload_body::tests::length_mismatch_is_rejected_before_append stdout ----

thread 'payload_body::tests::length_mismatch_is_rejected_before_append' (1192039) panicked at crates/trnm-peer-lease/src/payload_body.rs:1330:67:
called `Result::unwrap()` on an `Err` value: InvalidRequest("journal parent ancestry must not be group/world writable")

---- payload_body::tests::private_paths_and_retained_head_temporary_fail_closed stdout ----

thread 'payload_body::tests::private_paths_and_retained_head_temporary_fail_closed' (1192040) panicked at crates/trnm-peer-lease/src/payload_body.rs:1348:9:
assertion failed: matches!(PayloadReplayBodyStoreV1::open(&path, namespace()),
    Err(PayloadReplayErrorV1::InvalidRequest(reason)) if
    reason.contains("private regular file"))

---- payload_body::tests::truncation_and_body_tamper_fail_closed_on_reopen stdout ----

thread 'payload_body::tests::truncation_and_body_tamper_fail_closed_on_reopen' (1192041) panicked at crates/trnm-peer-lease/src/payload_body.rs:1278:67:
called `Result::unwrap()` on an `Err` value: InvalidRequest("journal parent ancestry must not be group/world writable")

---- payload_recovery::projection_tests::owner_status_projection_reuses_endpoint_fence stdout ----

thread 'payload_recovery::projection_tests::owner_status_projection_reuses_endpoint_fence' (1192043) panicked at crates/trnm-peer-lease/src/payload_recovery/part_06_projection.rs:480:18:
projection payload store: InvalidRequest("journal parent ancestry must not be group/world writable")

---- payload_recovery::recovery_socket::socket_tests::recovery_socket_directory_pin_allows_children_but_rejects_replacement_v1 stdout ----

thread 'payload_recovery::recovery_socket::socket_tests::recovery_socket_directory_pin_allows_children_but_rejects_replacement_v1' (1192049) panicked at crates/trnm-peer-lease/src/payload_recovery/part_07_socket.rs:1356:84:
called `Result::unwrap()` on an `Err` value: InvalidRequest("journal parent ancestry must not be group/world writable")

---- payload_recovery::tests::acknowledgement_requires_publication_recovery_first stdout ----

thread 'payload_recovery::tests::acknowledgement_requires_publication_recovery_first' (1192064) panicked at crates/trnm-peer-lease/src/payload_recovery/part_05_tests.rs:188:77:
called `Result::unwrap()` on an `Err` value: InvalidRequest("journal parent ancestry must not be group/world writable")

---- payload_recovery::tests::broad_acknowledgement_root_is_rejected stdout ----

thread 'payload_recovery::tests::broad_acknowledgement_root_is_rejected' (1192065) panicked at crates/trnm-peer-lease/src/payload_recovery/part_05_tests.rs:51:73:
called `Result::unwrap()` on an `Err` value: InvalidRequest("journal parent ancestry must not be group/world writable")

---- payload_recovery::tests::conflicting_acknowledgement_fails_closed stdout ----

thread 'payload_recovery::tests::conflicting_acknowledgement_fails_closed' (1192066) panicked at crates/trnm-peer-lease/src/payload_recovery/part_05_tests.rs:127:77:
called `Result::unwrap()` on an `Err` value: InvalidRequest("journal parent ancestry must not be group/world writable")

---- payload_recovery::tests::endpoint_identity_rejects_acknowledgement_root_replacement_after_open stdout ----

thread 'payload_recovery::tests::endpoint_identity_rejects_acknowledgement_root_replacement_after_open' (1192067) panicked at crates/trnm-peer-lease/src/payload_recovery/part_05_tests.rs:51:73:
called `Result::unwrap()` on an `Err` value: InvalidRequest("journal parent ancestry must not be group/world writable")

---- payload_recovery::tests::endpoint_identity_rejects_head_replacement_after_open stdout ----

thread 'payload_recovery::tests::endpoint_identity_rejects_head_replacement_after_open' (1192068) panicked at crates/trnm-peer-lease/src/payload_recovery/part_05_tests.rs:51:73:
called `Result::unwrap()` on an `Err` value: InvalidRequest("journal parent ancestry must not be group/world writable")

---- payload_recovery::tests::endpoint_identity_rejects_lock_replacement_after_open stdout ----

thread 'payload_recovery::tests::endpoint_identity_rejects_lock_replacement_after_open' (1192069) panicked at crates/trnm-peer-lease/src/payload_recovery/part_05_tests.rs:51:73:
called `Result::unwrap()` on an `Err` value: InvalidRequest("journal parent ancestry must not be group/world writable")

---- payload_recovery::tests::endpoint_identity_rejects_payload_replacement_after_open stdout ----

thread 'payload_recovery::tests::endpoint_identity_rejects_payload_replacement_after_open' (1192070) panicked at crates/trnm-peer-lease/src/payload_recovery/part_05_tests.rs:51:73:
called `Result::unwrap()` on an `Err` value: InvalidRequest("journal parent ancestry must not be group/world writable")

---- payload_recovery::tests::exact_one_record_head_lag_and_retained_temp_are_recovered stdout ----

thread 'payload_recovery::tests::exact_one_record_head_lag_and_retained_temp_are_recovered' (1192071) panicked at crates/trnm-peer-lease/src/payload_recovery/part_05_tests.rs:153:77:
called `Result::unwrap()` on an `Err` value: InvalidRequest("journal parent ancestry must not be group/world writable")

---- payload_recovery::tests::head_lag_longer_than_one_target_record_is_rejected stdout ----

thread 'payload_recovery::tests::head_lag_longer_than_one_target_record_is_rejected' (1192072) panicked at crates/trnm-peer-lease/src/payload_recovery/part_05_tests.rs:364:73:
called `Result::unwrap()` on an `Err` value: InvalidRequest("journal parent ancestry must not be group/world writable")

---- payload_recovery::tests::live_payload_owner_blocks_external_recovery_owner stdout ----

thread 'payload_recovery::tests::live_payload_owner_blocks_external_recovery_owner' (1192073) panicked at crates/trnm-peer-lease/src/payload_recovery/part_05_tests.rs:210:73:
called `Result::unwrap()` on an `Err` value: InvalidRequest("journal parent ancestry must not be group/world writable")

---- payload_recovery::tests::mismatched_target_fails_before_acknowledgement stdout ----

thread 'payload_recovery::tests::mismatched_target_fails_before_acknowledgement' (1192074) panicked at crates/trnm-peer-lease/src/payload_recovery/part_05_tests.rs:227:77:
called `Result::unwrap()` on an `Err` value: InvalidRequest("journal parent ancestry must not be group/world writable")

---- payload_recovery::tests::reports_admitted_then_acknowledged_and_reopens_idempotently stdout ----

thread 'payload_recovery::tests::reports_admitted_then_acknowledged_and_reopens_idempotently' (1192077) panicked at crates/trnm-peer-lease/src/payload_recovery/part_05_tests.rs:79:77:
called `Result::unwrap()` on an `Err` value: InvalidRequest("journal parent ancestry must not be group/world writable")

---- payload_recovery::tests::retained_ack_temporary_is_an_ambiguous_stop_condition stdout ----

thread 'payload_recovery::tests::retained_ack_temporary_is_an_ambiguous_stop_condition' (1192078) panicked at crates/trnm-peer-lease/src/payload_recovery/part_05_tests.rs:51:73:
called `Result::unwrap()` on an `Err` value: InvalidRequest("journal parent ancestry must not be group/world writable")

---- payload_recovery::tests::symlinked_head_temporary_is_rejected stdout ----

thread 'payload_recovery::tests::symlinked_head_temporary_is_rejected' (1192079) panicked at crates/trnm-peer-lease/src/payload_recovery/part_05_tests.rs:51:73:
called `Result::unwrap()` on an `Err` value: InvalidRequest("journal parent ancestry must not be group/world writable")

---- payload_recovery::tests::tampered_acknowledgement_is_rejected stdout ----

thread 'payload_recovery::tests::tampered_acknowledgement_is_rejected' (1192080) panicked at crates/trnm-peer-lease/src/payload_recovery/part_05_tests.rs:51:73:
called `Result::unwrap()` on an `Err` value: InvalidRequest("journal parent ancestry must not be group/world writable")

---- payload_recovery::tests::two_link_ack_publication_residue_is_ambiguous stdout ----

thread 'payload_recovery::tests::two_link_ack_publication_residue_is_ambiguous' (1192081) panicked at crates/trnm-peer-lease/src/payload_recovery/part_05_tests.rs:51:73:
called `Result::unwrap()` on an `Err` value: InvalidRequest("journal parent ancestry must not be group/world writable")

---- payload_recovery::tests::wrong_namespace_fails_full_wal_replay stdout ----

thread 'payload_recovery::tests::wrong_namespace_fails_full_wal_replay' (1192082) panicked at crates/trnm-peer-lease/src/payload_recovery/part_05_tests.rs:51:73:
called `Result::unwrap()` on an `Err` value: InvalidRequest("journal parent ancestry must not be group/world writable")

---- store::tests::acquire_retry_for_same_session_is_idempotent_after_durable_commit stdout ----

thread 'store::tests::acquire_retry_for_same_session_is_idempotent_after_durable_commit' (1192087) panicked at crates/trnm-peer-lease/src/store.rs:1187:55:
called `Result::unwrap()` on an `Err` value: InvalidRequest("journal parent ancestry must not be group/world writable")

---- store::tests::anchor_publication_failure_poisoned_store_cannot_continue stdout ----

thread 'store::tests::anchor_publication_failure_poisoned_store_cannot_continue' (1192088) panicked at crates/trnm-peer-lease/src/store.rs:1322:55:
valid journal: InvalidRequest("journal parent ancestry must not be group/world writable")

---- store::tests::byte_tamper_and_partial_record_are_fail_stop stdout ----

thread 'store::tests::byte_tamper_and_partial_record_are_fail_stop' (1192091) panicked at crates/trnm-peer-lease/src/store.rs:1388:55:
called `Result::unwrap()` on an `Err` value: InvalidRequest("journal parent ancestry must not be group/world writable")

---- store::tests::clock_rollback_and_second_store_open_fail_closed stdout ----

thread 'store::tests::clock_rollback_and_second_store_open_fail_closed' (1192092) panicked at crates/trnm-peer-lease/src/store.rs:1519:55:
called `Result::unwrap()` on an `Err` value: InvalidRequest("journal parent ancestry must not be group/world writable")

---- store::tests::expiry_observation_cannot_be_undone_by_live_clock_rollback_v1 stdout ----

thread 'store::tests::expiry_observation_cannot_be_undone_by_live_clock_rollback_v1' (1192093) panicked at crates/trnm-peer-lease/src/store.rs:1451:55:
called `Result::unwrap()` on an `Err` value: InvalidRequest("journal parent ancestry must not be group/world writable")

---- store::tests::journal_restarts_and_fences_stale_generation stdout ----

thread 'store::tests::journal_restarts_and_fences_stale_generation' (1192094) panicked at crates/trnm-peer-lease/src/store.rs:1163:55:
called `Result::unwrap()` on an `Err` value: InvalidRequest("journal parent ancestry must not be group/world writable")

---- store::tests::open_creates_missing_parent_components_private stdout ----

thread 'store::tests::open_creates_missing_parent_components_private' (1192095) panicked at crates/trnm-peer-lease/src/store.rs:1223:52:
missing parent chain is created: InvalidRequest("journal parent ancestry must not be group/world writable")

---- store::tests::oversized_anchor_is_rejected_before_allocation stdout ----

thread 'store::tests::oversized_anchor_is_rejected_before_allocation' (1192096) panicked at crates/trnm-peer-lease/src/store.rs:1297:51:
valid journal: InvalidRequest("journal parent ancestry must not be group/world writable")

---- store::tests::oversized_journal_is_rejected_before_replay_read stdout ----

thread 'store::tests::oversized_journal_is_rejected_before_replay_read' (1192097) panicked at crates/trnm-peer-lease/src/store.rs:1284:9:
assertion failed: matches!(PeerLeaseStoreV1::open(&path),
    Err(PeerLeaseErrorV1::Rejected(LeaseRejectCodeV1::AuthorityCorrupt)))

---- store::tests::read_and_exact_retry_share_live_clock_floor_without_journal_writes_v1 stdout ----

thread 'store::tests::read_and_exact_retry_share_live_clock_floor_without_journal_writes_v1' (1192098) panicked at crates/trnm-peer-lease/src/store.rs:1487:55:
called `Result::unwrap()` on an `Err` value: InvalidRequest("journal parent ancestry must not be group/world writable")

---- store::tests::replay_rejects_observed_clock_rollback stdout ----

thread 'store::tests::replay_rejects_observed_clock_rollback' (1192099) panicked at crates/trnm-peer-lease/src/store.rs:1376:9:
assertion failed: matches!(PeerLeaseStoreV1::open(&path),
    Err(PeerLeaseErrorV1::Rejected(LeaseRejectCodeV1::AuthorityCorrupt)))

---- store::tests::stale_anchor_publication_requires_recovery stdout ----

thread 'store::tests::stale_anchor_publication_requires_recovery' (1192100) panicked at crates/trnm-peer-lease/src/store.rs:1252:9:
assertion failed: matches!(PeerLeaseStoreV1::open(&path),
    Err(PeerLeaseErrorV1::Rejected(LeaseRejectCodeV1::AuthorityCorrupt)))

---- unix::connection_service::tests::actual_authority_failure_is_not_a_connection_failure stdout ----

thread 'unix::connection_service::tests::actual_authority_failure_is_not_a_connection_failure' (1192101) panicked at crates/trnm-peer-lease/src/unix/connection_service.rs:237:74:
called `Result::unwrap()` on an `Err` value: InvalidRequest("journal parent ancestry must not be group/world writable")

---- unix::connection_service::tests::fragmented_request_keeps_original_deadline_without_store_effects stdout ----

thread 'unix::connection_service::tests::fragmented_request_keeps_original_deadline_without_store_effects' (1192102) panicked at crates/trnm-peer-lease/src/unix/connection_service.rs:237:74:
called `Result::unwrap()` on an `Err` value: InvalidRequest("journal parent ancestry must not be group/world writable")

---- unix::connection_service::tests::header_rejects_oversize_before_body_allocation_or_authority stdout ----

thread 'unix::connection_service::tests::header_rejects_oversize_before_body_allocation_or_authority' (1192103) panicked at crates/trnm-peer-lease/src/unix/connection_service.rs:237:74:
called `Result::unwrap()` on an `Err` value: InvalidRequest("journal parent ancestry must not be group/world writable")

---- unix::tests::authority_fault_keeps_priority_over_response_deadline_v1 stdout ----

thread 'unix::tests::authority_fault_keeps_priority_over_response_deadline_v1' (1192105) panicked at crates/trnm-peer-lease/src/unix.rs:1083:55:
called `Result::unwrap()` on an `Err` value: InvalidRequest("journal parent ancestry must not be group/world writable")

---- unix::tests::binding_digest_is_stable_and_changes_on_socket_replacement stdout ----

thread 'unix::tests::binding_digest_is_stable_and_changes_on_socket_replacement' (1192136) panicked at crates/trnm-peer-lease/src/unix.rs:842:48:
called `Result::unwrap()` on an `Err` value: InvalidRequest("journal parent ancestry must not be group/world writable")

---- unix::tests::client_deadline_covers_fragmented_response_as_one_operation stdout ----

thread 'unix::tests::client_deadline_covers_fragmented_response_as_one_operation' (1192138) panicked at crates/trnm-peer-lease/src/unix.rs:888:9:
assertion failed: matches!(result, Err(PeerLeaseErrorV1::Io(error)) if error.kind() ==
    io::ErrorKind::TimedOut)

---- unix::tests::committed_lease_after_deadline_has_no_success_response_v1 stdout ----

thread 'unix::tests::committed_lease_after_deadline_has_no_success_response_v1' (1192141) panicked at crates/trnm-peer-lease/src/unix.rs:1132:55:
called `Result::unwrap()` on an `Err` value: InvalidRequest("journal parent ancestry must not be group/world writable")

---- unix::tests::daemon_deadline_covers_fragmented_request_as_one_operation stdout ----

thread '<unnamed>' (1192144) panicked at crates/trnm-peer-lease/src/unix.rs:909:62:
called `Result::unwrap()` on an `Err` value: InvalidRequest("journal parent ancestry must not be group/world writable")

thread 'unix::tests::daemon_deadline_covers_fragmented_request_as_one_operation' (1192143) panicked at crates/trnm-peer-lease/src/unix.rs:935:47:
called `Result::unwrap()` on an `Err` value: Any { .. }

---- unix::tests::lease_response_loss_retains_exact_acquire_retry_v1 stdout ----

thread 'unix::tests::lease_response_loss_retains_exact_acquire_retry_v1' (1192155) panicked at crates/trnm-peer-lease/src/unix.rs:1044:55:
called `Result::unwrap()` on an `Err` value: InvalidRequest("journal parent ancestry must not be group/world writable")


failures:
    payload::tests::context_and_direction_are_part_of_the_fence
    payload::tests::directory_owner_survives_child_publication_and_reopen_v1
    payload::tests::endpoint_identity_rejects_head_and_lock_replacement_before_admit
    payload::tests::endpoint_identity_rejects_lookup_slot_conflict
    payload::tests::endpoint_identity_rejects_wal_replacement_before_lookup
    payload::tests::exact_lookup_checks_context_before_index_and_poisoned_head
    payload::tests::exact_lookup_recovers_receipt_across_reopen_and_rejects_slot_conflicts
    payload::tests::generation_and_sequence_are_durable_and_strict
    payload::tests::oversized_payload_wal_is_rejected_before_snapshot_allocation
    payload::tests::stale_head_publication_requires_recovery
    payload::tests::truncation_mutation_and_prefix_sidecar_fail_closed
    payload_body::tests::conflicting_duplicate_body_or_metadata_is_rejected
    payload_body::tests::durable_publication_sidecars_are_private
    payload_body::tests::endpoint_identity_rejects_body_head_replacement_before_refresh
    payload_body::tests::endpoint_identity_rejects_body_lock_replacement_before_admit
    payload_body::tests::endpoint_identity_rejects_body_wal_replacement_before_resolve
    payload_body::tests::exact_body_roundtrip_reopen_and_idempotent_duplicate
    payload_body::tests::head_mutation_and_receipt_mismatch_fail_closed
    payload_body::tests::length_mismatch_is_rejected_before_append
    payload_body::tests::private_paths_and_retained_head_temporary_fail_closed
    payload_body::tests::truncation_and_body_tamper_fail_closed_on_reopen
    payload_recovery::projection_tests::owner_status_projection_reuses_endpoint_fence
    payload_recovery::recovery_socket::socket_tests::recovery_socket_directory_pin_allows_children_but_rejects_replacement_v1
    payload_recovery::tests::acknowledgement_requires_publication_recovery_first
    payload_recovery::tests::broad_acknowledgement_root_is_rejected
    payload_recovery::tests::conflicting_acknowledgement_fails_closed
    payload_recovery::tests::endpoint_identity_rejects_acknowledgement_root_replacement_after_open
    payload_recovery::tests::endpoint_identity_rejects_head_replacement_after_open
    payload_recovery::tests::endpoint_identity_rejects_lock_replacement_after_open
    payload_recovery::tests::endpoint_identity_rejects_payload_replacement_after_open
    payload_recovery::tests::exact_one_record_head_lag_and_retained_temp_are_recovered
    payload_recovery::tests::head_lag_longer_than_one_target_record_is_rejected
    payload_recovery::tests::live_payload_owner_blocks_external_recovery_owner
    payload_recovery::tests::mismatched_target_fails_before_acknowledgement
    payload_recovery::tests::reports_admitted_then_acknowledged_and_reopens_idempotently
    payload_recovery::tests::retained_ack_temporary_is_an_ambiguous_stop_condition
    payload_recovery::tests::symlinked_head_temporary_is_rejected
    payload_recovery::tests::tampered_acknowledgement_is_rejected
    payload_recovery::tests::two_link_ack_publication_residue_is_ambiguous
    payload_recovery::tests::wrong_namespace_fails_full_wal_replay
    store::tests::acquire_retry_for_same_session_is_idempotent_after_durable_commit
    store::tests::anchor_publication_failure_poisoned_store_cannot_continue
    store::tests::byte_tamper_and_partial_record_are_fail_stop
    store::tests::clock_rollback_and_second_store_open_fail_closed
    store::tests::expiry_observation_cannot_be_undone_by_live_clock_rollback_v1
    store::tests::journal_restarts_and_fences_stale_generation
    store::tests::open_creates_missing_parent_components_private
    store::tests::oversized_anchor_is_rejected_before_allocation
    store::tests::oversized_journal_is_rejected_before_replay_read
    store::tests::read_and_exact_retry_share_live_clock_floor_without_journal_writes_v1
    store::tests::replay_rejects_observed_clock_rollback
    store::tests::stale_anchor_publication_requires_recovery
    unix::connection_service::tests::actual_authority_failure_is_not_a_connection_failure
    unix::connection_service::tests::fragmented_request_keeps_original_deadline_without_store_effects
    unix::connection_service::tests::header_rejects_oversize_before_body_allocation_or_authority
    unix::tests::authority_fault_keeps_priority_over_response_deadline_v1
    unix::tests::binding_digest_is_stable_and_changes_on_socket_replacement
    unix::tests::client_deadline_covers_fragmented_response_as_one_operation
    unix::tests::committed_lease_after_deadline_has_no_success_response_v1
    unix::tests::daemon_deadline_covers_fragmented_request_as_one_operation
    unix::tests::lease_response_loss_retains_exact_acquire_retry_v1

test result: FAILED. 33 passed; 61 failed; 0 ignored; 0 measured; 0 filtered out; finished in 0.45s

error: test failed, to rerun pass `-p trnm-peer-lease --lib`
